timestamp,temperature_c,humidity_pct,precipitation_mm,rain_mm,cloud_cover_pct,wind_speed_kmh,wind_direction_deg,weather_code,hour,day_of_week,weather_condition
2025-01-01 00:00:00,24.5,80.0,0.0,0.0,1,20.7,73,0,0,2,normal
2025-01-01 01:00:00,24.3,80.0,0.0,0.0,1,19.9,70,0,1,2,normal
2025-01-01 02:00:00,24.2,81.0,0.0,0.0,8,19.6,70,0,2,2,normal
2025-01-01 03:00:00,24.0,81.0,0.0,0.0,14,19.6,70,0,3,2,normal
2025-01-01 04:00:00,24.1,80.0,0.0,0.0,2,16.5,74,0,4,2,normal
2025-01-01 05:00:00,24.1,81.0,0.0,0.0,6,16.4,78,0,5,2,normal
2025-01-01 06:00:00,24.1,81.0,0.0,0.0,5,16.9,76,0,6,2,normal
2025-01-01 07:00:00,25.0,77.0,0.0,0.0,10,18.2,72,0,7,2,normal
2025-01-01 08:00:00,26.5,68.0,0.0,0.0,20,23.2,70,1,8,2,normal
2025-01-01 09:00:00,27.9,60.0,0.0,0.0,45,23.5,66,1,9,2,normal
2025-01-01 10:00:00,29.1,54.0,0.0,0.0,97,23.2,65,3,10,2,cloudy
2025-01-01 11:00:00,29.2,56.0,0.0,0.0,96,23.1,76,3,11,2,cloudy
2025-01-01 12:00:00,29.7,55.0,0.0,0.0,14,23.7,79,0,12,2,normal
2025-01-01 13:00:00,30.0,56.0,0.0,0.0,13,25.6,90,0,13,2,normal
2025-01-01 14:00:00,28.0,64.0,0.0,0.0,0,30.2,95,0,14,2,normal
2025-01-01 15:00:00,28.6,60.0,0.0,0.0,1,28.0,86,0,15,2,normal
2025-01-01 16:00:00,28.0,62.0,0.0,0.0,0,26.5,92,0,16,2,normal
2025-01-01 17:00:00,26.9,69.0,0.0,0.0,0,24.0,87,0,17,2,normal
2025-01-01 18:00:00,25.7,75.0,0.0,0.0,0,22.5,90,0,18,2,normal
2025-01-01 19:00:00,25.2,80.0,0.0,0.0,0,19.9,76,0,19,2,normal
2025-01-01 20:00:00,25.3,82.0,0.0,0.0,7,18.5,82,0,20,2,normal
2025-01-01 21:00:00,25.3,75.0,0.0,0.0,0,19.5,73,0,21,2,normal
2025-01-01 22:00:00,24.9,81.0,0.0,0.0,0,18.6,72,0,22,2,normal
2025-01-01 23:00:00,24.7,80.0,0.0,0.0,0,18.8,70,0,23,2,normal
2025-01-02 00:00:00,24.5,82.0,0.0,0.0,1,18.6,70,0,0,3,normal
2025-01-02 01:00:00,24.2,84.0,0.0,0.0,2,18.6,68,0,1,3,normal
2025-01-02 02:00:00,24.0,85.0,0.0,0.0,7,18.4,67,0,2,3,normal
2025-01-02 03:00:00,23.9,85.0,0.0,0.0,11,18.0,64,0,3,3,normal
2025-01-02 04:00:00,24.1,84.0,0.0,0.0,18,17.3,65,0,4,3,normal
2025-01-02 05:00:00,24.0,85.0,0.0,0.0,16,17.1,69,0,5,3,normal
2025-01-02 06:00:00,23.9,84.0,0.0,0.0,12,16.9,73,0,6,3,normal
2025-01-02 07:00:00,24.9,80.0,0.0,0.0,13,18.3,75,0,7,3,normal
2025-01-02 08:00:00,26.3,71.0,0.0,0.0,17,21.9,73,0,8,3,normal
2025-01-02 09:00:00,27.6,64.0,0.0,0.0,12,22.1,72,0,9,3,normal
2025-01-02 10:00:00,28.7,60.0,0.0,0.0,8,21.9,73,0,10,3,normal
2025-01-02 11:00:00,30.3,51.0,0.0,0.0,31,22.4,69,1,11,3,normal
2025-01-02 12:00:00,31.2,46.0,0.0,0.0,34,22.4,75,1,12,3,normal
2025-01-02 13:00:00,29.8,57.0,0.0,0.0,8,24.7,93,0,13,3,normal
2025-01-02 14:00:00,28.1,63.0,0.0,0.0,0,27.5,96,0,14,3,normal
2025-01-02 15:00:00,28.4,61.0,0.0,0.0,1,26.5,90,0,15,3,normal
2025-01-02 16:00:00,27.4,64.0,0.0,0.0,0,25.7,99,0,16,3,normal
2025-01-02 17:00:00,26.4,72.0,0.0,0.0,0,24.8,91,0,17,3,normal
2025-01-02 18:00:00,25.5,75.0,0.0,0.0,0,22.9,89,0,18,3,normal
2025-01-02 19:00:00,25.3,80.0,0.0,0.0,4,21.2,89,0,19,3,normal
2025-01-02 20:00:00,25.2,79.0,0.0,0.0,8,22.9,79,0,20,3,normal
2025-01-02 21:00:00,25.0,79.0,0.0,0.0,0,23.8,80,0,21,3,normal
2025-01-02 22:00:00,25.0,80.0,0.0,0.0,3,22.9,82,0,22,3,normal
2025-01-02 23:00:00,25.2,78.0,0.0,0.0,8,23.0,81,0,23,3,normal
2025-01-03 00:00:00,25.2,81.0,0.0,0.0,5,22.7,77,0,0,4,normal
2025-01-03 01:00:00,24.8,86.0,0.0,0.0,27,20.7,70,1,1,4,normal
2025-01-03 02:00:00,24.6,88.0,0.0,0.0,50,18.2,63,2,2,4,normal
2025-01-03 03:00:00,24.3,88.0,0.0,0.0,17,17.0,59,0,3,4,normal
2025-01-03 04:00:00,24.3,89.0,0.0,0.0,8,15.3,56,0,4,4,normal
2025-01-03 05:00:00,24.1,90.0,0.0,0.0,10,14.1,59,0,5,4,normal
2025-01-03 06:00:00,23.9,91.0,0.0,0.0,10,14.4,61,0,6,4,normal
2025-01-03 07:00:00,24.8,86.0,0.0,0.0,11,16.7,57,0,7,4,normal
2025-01-03 08:00:00,26.5,76.0,0.0,0.0,9,19.6,54,0,8,4,normal
2025-01-03 09:00:00,28.5,63.0,0.0,0.0,20,24.1,59,1,9,4,normal
2025-01-03 10:00:00,30.3,54.0,0.0,0.0,19,23.1,62,0,10,4,normal
2025-01-03 11:00:00,31.2,50.0,0.0,0.0,19,22.0,69,0,11,4,normal
2025-01-03 12:00:00,31.4,50.0,0.1,0.1,23,22.6,78,51,12,4,rain
2025-01-03 13:00:00,30.2,59.0,0.3,0.3,26,24.9,87,51,13,4,rain
2025-01-03 14:00:00,28.7,59.0,0.2,0.2,24,27.5,91,51,14,4,rain
2025-01-03 15:00:00,28.7,60.0,0.0,0.0,7,26.0,86,0,15,4,normal
2025-01-03 16:00:00,28.0,65.0,0.0,0.0,5,23.5,84,0,16,4,normal
2025-01-03 17:00:00,27.2,69.0,0.0,0.0,1,24.5,88,0,17,4,normal
2025-01-03 18:00:00,25.4,77.0,0.0,0.0,0,22.0,77,0,18,4,normal
2025-01-03 19:00:00,25.5,76.0,0.0,0.0,0,24.9,78,0,19,4,normal
2025-01-03 20:00:00,25.4,80.0,0.0,0.0,0,21.6,77,0,20,4,normal
2025-01-03 21:00:00,25.3,79.0,0.0,0.0,19,23.7,72,0,21,4,normal
2025-01-03 22:00:00,24.8,81.0,0.0,0.0,0,24.4,68,0,22,4,normal
2025-01-03 23:00:00,24.6,84.0,0.0,0.0,2,23.9,66,0,23,4,normal
2025-01-04 00:00:00,24.4,82.0,0.0,0.0,1,23.6,62,0,0,5,normal
2025-01-04 01:00:00,24.2,80.0,0.0,0.0,0,21.7,59,0,1,5,normal
2025-01-04 02:00:00,24.0,78.0,0.0,0.0,1,20.1,57,0,2,5,normal
2025-01-04 03:00:00,23.8,80.0,0.0,0.0,0,18.7,57,0,3,5,normal
2025-01-04 04:00:00,23.7,82.0,0.0,0.0,1,19.6,54,0,4,5,normal
2025-01-04 05:00:00,23.6,80.0,0.0,0.0,0,19.0,48,0,5,5,normal
2025-01-04 06:00:00,23.4,78.0,0.0,0.0,0,19.2,43,0,6,5,normal
2025-01-04 07:00:00,24.1,73.0,0.0,0.0,0,18.1,41,0,7,5,normal
2025-01-04 08:00:00,26.0,64.0,0.0,0.0,16,18.6,43,0,8,5,normal
2025-01-04 09:00:00,28.1,54.0,0.0,0.0,18,20.6,47,0,9,5,normal
2025-01-04 10:00:00,29.8,47.0,0.0,0.0,0,21.1,54,0,10,5,normal
2025-01-04 11:00:00,31.2,41.0,0.0,0.0,11,21.7,60,0,11,5,normal
2025-01-04 12:00:00,32.4,37.0,0.0,0.0,55,21.9,67,2,12,5,normal
2025-01-04 13:00:00,30.3,57.0,0.0,0.0,17,24.8,90,0,13,5,normal
2025-01-04 14:00:00,28.9,56.0,0.0,0.0,25,28.4,89,1,14,5,normal
2025-01-04 15:00:00,28.3,60.0,0.0,0.0,20,28.6,84,1,15,5,normal
2025-01-04 16:00:00,28.2,61.0,0.0,0.0,14,25.7,81,0,16,5,normal
2025-01-04 17:00:00,27.1,68.0,0.0,0.0,4,23.9,83,0,17,5,normal
2025-01-04 18:00:00,25.2,79.0,0.0,0.0,0,21.9,81,0,18,5,normal
2025-01-04 19:00:00,25.3,77.0,0.0,0.0,0,22.7,79,0,19,5,normal
2025-01-04 20:00:00,24.8,79.0,0.0,0.0,0,24.9,71,0,20,5,normal
2025-01-04 21:00:00,24.7,79.0,0.0,0.0,0,23.2,74,0,21,5,normal
2025-01-04 22:00:00,24.6,78.0,0.0,0.0,4,23.7,67,0,22,5,normal
2025-01-04 23:00:00,24.2,82.0,0.0,0.0,0,23.0,64,0,23,5,normal
2025-01-05 00:00:00,24.0,79.0,0.0,0.0,0,22.9,63,0,0,6,normal
2025-01-05 01:00:00,23.8,80.0,0.0,0.0,0,22.9,59,0,1,6,normal
2025-01-05 02:00:00,23.5,80.0,0.0,0.0,0,23.0,57,0,2,6,normal
2025-01-05 03:00:00,23.2,79.0,0.0,0.0,0,22.5,52,0,3,6,normal
2025-01-05 04:00:00,22.6,76.0,0.0,0.0,0,20.2,51,0,4,6,normal
2025-01-05 05:00:00,22.4,75.0,0.0,0.0,0,20.2,49,0,5,6,normal
2025-01-05 06:00:00,22.3,75.0,0.0,0.0,0,20.7,49,0,6,6,normal
2025-01-05 07:00:00,23.0,71.0,0.0,0.0,0,19.4,47,0,7,6,normal
2025-01-05 08:00:00,24.8,63.0,0.0,0.0,0,19.9,47,0,8,6,normal
2025-01-05 09:00:00,26.7,53.0,0.0,0.0,0,23.3,53,0,9,6,normal
2025-01-05 10:00:00,28.5,45.0,0.0,0.0,0,23.4,57,0,10,6,normal
2025-01-05 11:00:00,29.9,40.0,0.0,0.0,0,22.2,60,0,11,6,normal
2025-01-05 12:00:00,31.1,36.0,0.0,0.0,0,20.6,68,0,12,6,normal
2025-01-05 13:00:00,30.3,46.0,0.0,0.0,0,23.6,86,0,13,6,normal
2025-01-05 14:00:00,27.9,54.0,0.0,0.0,0,29.9,93,0,14,6,normal
2025-01-05 15:00:00,27.5,56.0,0.0,0.0,0,29.1,85,0,15,6,normal
2025-01-05 16:00:00,27.7,58.0,0.0,0.0,0,26.9,82,0,16,6,normal
2025-01-05 17:00:00,26.5,62.0,0.0,0.0,0,25.8,86,0,17,6,normal
2025-01-05 18:00:00,25.2,64.0,0.0,0.0,0,24.1,74,0,18,6,normal
2025-01-05 19:00:00,24.8,74.0,0.0,0.0,0,22.6,79,0,19,6,normal
2025-01-05 20:00:00,24.6,73.0,0.0,0.0,0,23.6,70,0,20,6,normal
2025-01-05 21:00:00,24.5,67.0,0.0,0.0,0,23.2,70,0,21,6,normal
2025-01-05 22:00:00,24.2,73.0,0.0,0.0,75,23.2,68,2,22,6,cloudy
2025-01-05 23:00:00,23.9,78.0,0.0,0.0,83,23.3,63,3,23,6,cloudy
2025-01-06 00:00:00,23.5,82.0,0.0,0.0,70,22.6,61,2,0,0,normal
2025-01-06 01:00:00,23.2,84.0,0.0,0.0,60,22.1,60,2,1,0,normal
2025-01-06 02:00:00,22.9,83.0,0.0,0.0,8,21.2,57,0,2,0,normal
2025-01-06 03:00:00,22.5,83.0,0.0,0.0,1,19.6,52,0,3,0,normal
2025-01-06 04:00:00,22.1,84.0,0.0,0.0,0,18.0,49,0,4,0,normal
2025-01-06 05:00:00,21.9,81.0,0.0,0.0,0,17.7,50,0,5,0,normal
2025-01-06 06:00:00,21.7,81.0,0.0,0.0,0,17.5,48,0,6,0,normal
2025-01-06 07:00:00,22.6,76.0,0.0,0.0,0,16.3,46,0,7,0,normal
2025-01-06 08:00:00,24.8,65.0,0.0,0.0,1,17.9,50,0,8,0,normal
2025-01-06 09:00:00,26.6,57.0,0.0,0.0,0,19.7,54,0,9,0,normal
2025-01-06 10:00:00,28.3,50.0,0.0,0.0,4,21.1,66,0,10,0,normal
2025-01-06 11:00:00,29.3,46.0,0.0,0.0,88,20.7,74,3,11,0,cloudy
2025-01-06 12:00:00,29.8,45.0,0.0,0.0,88,21.4,84,3,12,0,cloudy
2025-01-06 13:00:00,29.6,49.0,0.0,0.0,87,22.9,89,3,13,0,cloudy
2025-01-06 14:00:00,29.0,54.0,0.0,0.0,73,23.3,94,2,14,0,normal
2025-01-06 15:00:00,28.2,56.0,0.0,0.0,24,24.0,94,1,15,0,normal
2025-01-06 16:00:00,27.3,60.0,0.0,0.0,3,23.5,94,0,16,0,normal
2025-01-06 17:00:00,26.3,68.0,0.0,0.0,1,23.7,95,0,17,0,normal
2025-01-06 18:00:00,25.0,77.0,0.0,0.0,1,21.8,91,0,18,0,normal
2025-01-06 19:00:00,24.5,80.0,0.0,0.0,0,22.5,86,0,19,0,normal
2025-01-06 20:00:00,24.4,82.0,0.0,0.0,0,22.0,89,0,20,0,normal
2025-01-06 21:00:00,24.0,87.0,0.0,0.0,9,20.9,82,0,21,0,normal
2025-01-06 22:00:00,23.9,86.0,0.0,0.0,16,21.2,80,0,22,0,normal
2025-01-06 23:00:00,23.8,86.0,0.0,0.0,2,20.5,82,0,23,0,normal
2025-01-07 00:00:00,23.7,86.0,0.0,0.0,3,18.7,79,0,0,1,normal
2025-01-07 01:00:00,23.5,87.0,0.0,0.0,12,17.7,73,0,1,1,normal
2025-01-07 02:00:00,23.2,88.0,0.0,0.0,100,15.7,60,3,2,1,cloudy
2025-01-07 03:00:00,22.9,89.0,0.0,0.0,97,12.7,46,3,3,1,cloudy
2025-01-07 04:00:00,22.5,90.0,0.0,0.0,99,13.0,47,3,4,1,cloudy
2025-01-07 05:00:00,22.4,90.0,0.0,0.0,100,13.4,50,3,5,1,cloudy
2025-01-07 06:00:00,22.3,90.0,0.0,0.0,97,13.3,50,3,6,1,cloudy
2025-01-07 07:00:00,23.3,84.0,0.0,0.0,61,13.5,49,2,7,1,normal
2025-01-07 08:00:00,25.4,74.0,0.0,0.0,13,14.6,58,0,8,1,normal
2025-01-07 09:00:00,27.1,65.0,0.0,0.0,38,15.4,72,1,9,1,normal
2025-01-07 10:00:00,28.6,56.0,0.0,0.0,88,14.1,80,3,10,1,cloudy
2025-01-07 11:00:00,29.6,52.0,0.0,0.0,99,13.1,89,3,11,1,cloudy
2025-01-07 12:00:00,30.1,53.0,0.0,0.0,5,14.7,101,0,12,1,normal
2025-01-07 13:00:00,29.5,59.0,0.0,0.0,5,17.4,106,0,13,1,normal
2025-01-07 14:00:00,28.7,58.0,0.0,0.0,0,18.3,107,0,14,1,normal
2025-01-07 15:00:00,28.6,62.0,0.0,0.0,5,20.1,114,0,15,1,normal
2025-01-07 16:00:00,27.2,64.0,0.0,0.0,4,20.1,105,0,16,1,normal
2025-01-07 17:00:00,26.8,70.0,0.0,0.0,5,17.9,107,0,17,1,normal
2025-01-07 18:00:00,24.8,80.0,0.0,0.0,12,16.0,98,0,18,1,normal
2025-01-07 19:00:00,24.9,85.0,0.0,0.0,15,15.2,97,0,19,1,normal
2025-01-07 20:00:00,24.6,84.0,0.0,0.0,2,15.3,91,0,20,1,normal
2025-01-07 21:00:00,24.4,86.0,0.0,0.0,9,16.4,94,0,21,1,normal
2025-01-07 22:00:00,24.3,87.0,0.0,0.0,50,16.8,87,2,22,1,normal
2025-01-07 23:00:00,24.1,88.0,0.0,0.0,36,15.2,80,1,23,1,normal
2025-01-08 00:00:00,24.0,88.0,0.0,0.0,24,15.3,78,1,0,2,normal
2025-01-08 01:00:00,23.7,89.0,0.0,0.0,45,15.4,76,1,1,2,normal
2025-01-08 02:00:00,23.7,89.0,0.0,0.0,96,15.6,73,3,2,2,cloudy
2025-01-08 03:00:00,23.9,88.0,0.0,0.0,100,14.5,71,3,3,2,cloudy
2025-01-08 04:00:00,24.3,85.0,0.0,0.0,100,13.9,71,3,4,2,cloudy
2025-01-08 05:00:00,24.2,85.0,0.0,0.0,100,12.6,64,3,5,2,cloudy
2025-01-08 06:00:00,24.3,84.0,0.0,0.0,100,12.8,64,3,6,2,cloudy
2025-01-08 07:00:00,24.6,83.0,0.0,0.0,100,12.9,62,3,7,2,cloudy
2025-01-08 08:00:00,25.6,77.0,0.0,0.0,100,15.5,67,3,8,2,cloudy
2025-01-08 09:00:00,27.0,70.0,0.0,0.0,100,15.5,67,3,9,2,cloudy
2025-01-08 10:00:00,28.4,62.0,0.0,0.0,87,14.7,70,3,10,2,cloudy
2025-01-08 11:00:00,29.9,56.0,0.0,0.0,87,13.6,75,3,11,2,cloudy
2025-01-08 12:00:00,30.2,56.0,0.0,0.0,91,14.1,93,3,12,2,cloudy
2025-01-08 13:00:00,29.4,63.0,0.0,0.0,96,17.6,108,3,13,2,cloudy
2025-01-08 14:00:00,28.1,62.0,0.0,0.0,69,17.5,107,2,14,2,normal
2025-01-08 15:00:00,29.1,63.0,0.0,0.0,100,19.0,110,3,15,2,cloudy
2025-01-08 16:00:00,27.2,69.0,0.0,0.0,52,20.5,111,2,16,2,normal
2025-01-08 17:00:00,26.8,74.0,0.0,0.0,10,18.3,100,0,17,2,normal
2025-01-08 18:00:00,25.6,78.0,0.0,0.0,3,16.1,96,0,18,2,normal
2025-01-08 19:00:00,25.1,84.0,0.0,0.0,8,15.7,91,0,19,2,normal
2025-01-08 20:00:00,24.9,83.0,0.0,0.0,47,15.1,92,1,20,2,normal
2025-01-08 21:00:00,24.7,85.0,0.0,0.0,50,16.2,94,2,21,2,normal
2025-01-08 22:00:00,24.5,86.0,0.0,0.0,2,15.5,87,0,22,2,normal
2025-01-08 23:00:00,24.3,88.0,0.0,0.0,5,15.9,84,0,23,2,normal
2025-01-09 00:00:00,24.0,91.0,0.0,0.0,26,16.7,83,1,0,3,normal
2025-01-09 01:00:00,23.8,90.0,0.0,0.0,52,16.3,79,2,1,3,normal
2025-01-09 02:00:00,23.7,90.0,0.0,0.0,100,15.2,74,3,2,3,cloudy
2025-01-09 03:00:00,24.1,88.0,0.0,0.0,100,15.8,67,3,3,3,cloudy
2025-01-09 04:00:00,23.2,92.0,0.0,0.0,72,14.6,57,2,4,3,normal
2025-01-09 05:00:00,23.0,91.0,0.0,0.0,97,13.6,56,3,5,3,cloudy
2025-01-09 06:00:00,23.4,88.0,0.0,0.0,99,14.7,57,3,6,3,cloudy
2025-01-09 07:00:00,23.9,85.0,0.0,0.0,100,16.3,56,3,7,3,cloudy
2025-01-09 08:00:00,24.7,80.0,0.0,0.0,100,19.4,55,3,8,3,cloudy
2025-01-09 09:00:00,25.9,72.0,0.0,0.0,100,18.8,54,3,9,3,cloudy
2025-01-09 10:00:00,27.3,64.0,0.0,0.0,99,18.4,61,3,10,3,cloudy
2025-01-09 11:00:00,29.1,55.0,0.0,0.0,95,17.8,70,3,11,3,cloudy
2025-01-09 12:00:00,30.2,50.0,0.0,0.0,95,18.6,80,3,12,3,cloudy
2025-01-09 13:00:00,29.6,58.0,0.0,0.0,98,21.1,92,3,13,3,cloudy
2025-01-09 14:00:00,27.8,64.0,0.0,0.0,99,21.7,99,3,14,3,cloudy
2025-01-09 15:00:00,28.4,64.0,0.0,0.0,99,20.8,99,3,15,3,cloudy
2025-01-09 16:00:00,26.7,68.0,0.0,0.0,100,20.5,105,3,16,3,cloudy
2025-01-09 17:00:00,26.3,71.0,0.0,0.0,98,20.2,89,3,17,3,cloudy
2025-01-09 18:00:00,25.2,76.0,0.0,0.0,99,20.2,95,3,18,3,cloudy
2025-01-09 19:00:00,25.0,78.0,0.0,0.0,100,18.8,84,3,19,3,cloudy
2025-01-09 20:00:00,24.9,78.0,0.0,0.0,99,19.8,83,3,20,3,cloudy
2025-01-09 21:00:00,24.8,77.0,0.0,0.0,98,20.2,81,3,21,3,cloudy
2025-01-09 22:00:00,24.8,76.0,0.0,0.0,99,20.4,78,3,22,3,cloudy
2025-01-09 23:00:00,24.6,79.0,0.0,0.0,99,21.7,77,3,23,3,cloudy
2025-01-10 00:00:00,24.4,80.0,0.0,0.0,100,21.5,76,3,0,4,cloudy
2025-01-10 01:00:00,24.3,80.0,0.0,0.0,99,22.1,74,3,1,4,cloudy
2025-01-10 02:00:00,24.1,80.0,0.0,0.0,100,20.9,68,3,2,4,cloudy
2025-01-10 03:00:00,23.9,81.0,0.0,0.0,98,19.7,65,3,3,4,cloudy
2025-01-10 04:00:00,23.6,80.0,0.0,0.0,23,18.6,59,1,4,4,normal
2025-01-10 05:00:00,23.5,79.0,0.0,0.0,9,18.4,58,0,5,4,normal
2025-01-10 06:00:00,23.4,79.0,0.0,0.0,2,17.6,54,0,6,4,normal
2025-01-10 07:00:00,24.0,75.0,0.0,0.0,1,15.9,51,0,7,4,normal
2025-01-10 08:00:00,25.7,67.0,0.0,0.0,7,18.4,56,0,8,4,normal
2025-01-10 09:00:00,27.3,60.0,0.0,0.0,12,19.9,63,0,9,4,normal
2025-01-10 10:00:00,28.7,54.0,0.0,0.0,79,21.0,68,2,10,4,cloudy
2025-01-10 11:00:00,29.6,50.0,0.0,0.0,98,22.5,74,3,11,4,cloudy
2025-01-10 12:00:00,30.0,49.0,0.0,0.0,87,23.8,78,3,12,4,cloudy
2025-01-10 13:00:00,30.0,49.0,0.0,0.0,89,24.6,84,3,13,4,cloudy
2025-01-10 14:00:00,29.3,51.0,0.0,0.0,90,26.9,85,3,14,4,cloudy
2025-01-10 15:00:00,28.5,55.0,0.0,0.0,66,27.2,84,2,15,4,normal
2025-01-10 16:00:00,28.0,58.0,0.0,0.0,86,26.5,89,3,16,4,cloudy
2025-01-10 17:00:00,26.4,65.0,0.0,0.0,86,26.8,91,3,17,4,cloudy
2025-01-10 18:00:00,25.9,68.0,0.0,0.0,97,25.4,89,3,18,4,cloudy
2025-01-10 19:00:00,25.1,71.0,0.0,0.0,98,24.4,79,3,19,4,cloudy
2025-01-10 20:00:00,24.9,72.0,0.0,0.0,100,25.1,82,3,20,4,cloudy
2025-01-10 21:00:00,24.9,75.0,0.0,0.0,100,22.4,82,3,21,4,cloudy
2025-01-10 22:00:00,24.8,75.0,0.0,0.0,100,23.3,78,3,22,4,cloudy
2025-01-10 23:00:00,24.8,76.0,0.0,0.0,100,22.7,78,3,23,4,cloudy
2025-01-11 00:00:00,24.6,77.0,0.0,0.0,100,22.2,73,3,0,5,cloudy
2025-01-11 01:00:00,24.4,77.0,0.0,0.0,99,21.9,71,3,1,5,cloudy
2025-01-11 02:00:00,24.3,77.0,0.0,0.0,100,21.2,72,3,2,5,cloudy
2025-01-11 03:00:00,24.3,76.0,0.0,0.0,99,21.1,71,3,3,5,cloudy
2025-01-11 04:00:00,24.1,76.0,0.0,0.0,99,18.8,62,3,4,5,cloudy
2025-01-11 05:00:00,23.9,76.0,0.0,0.0,99,18.4,57,3,5,5,cloudy
2025-01-11 06:00:00,23.8,76.0,0.0,0.0,92,16.7,64,3,6,5,cloudy
2025-01-11 07:00:00,24.5,73.0,0.0,0.0,96,18.4,55,3,7,5,cloudy
2025-01-11 08:00:00,26.1,66.0,0.0,0.0,98,21.5,59,3,8,5,cloudy
2025-01-11 09:00:00,27.7,58.0,0.0,0.0,99,24.3,66,3,9,5,cloudy
2025-01-11 10:00:00,28.9,53.0,0.0,0.0,92,22.0,71,3,10,5,cloudy
2025-01-11 11:00:00,30.0,49.0,0.0,0.0,29,22.3,71,1,11,5,normal
2025-01-11 12:00:00,30.7,46.0,0.0,0.0,27,22.5,76,1,12,5,normal
2025-01-11 13:00:00,29.7,53.0,0.0,0.0,18,25.0,88,0,13,5,normal
2025-01-11 14:00:00,27.8,60.0,0.0,0.0,16,28.8,92,0,14,5,normal
2025-01-11 15:00:00,27.4,61.0,0.0,0.0,61,28.6,89,2,15,5,normal
2025-01-11 16:00:00,27.6,63.0,0.0,0.0,86,25.3,86,3,16,5,cloudy
2025-01-11 17:00:00,26.7,65.0,0.0,0.0,96,24.0,88,3,17,5,cloudy
2025-01-11 18:00:00,25.1,74.0,0.0,0.0,97,21.8,82,3,18,5,cloudy
2025-01-11 19:00:00,25.1,76.0,0.0,0.0,82,21.6,88,3,19,5,cloudy
2025-01-11 20:00:00,24.7,76.0,0.0,0.0,33,22.4,77,1,20,5,normal
2025-01-11 21:00:00,24.5,78.0,0.0,0.0,2,22.0,82,0,21,5,normal
2025-01-11 22:00:00,24.4,79.0,0.0,0.0,16,21.8,80,0,22,5,normal
2025-01-11 23:00:00,24.2,79.0,0.0,0.0,66,22.1,78,2,23,5,normal
2025-01-12 00:00:00,24.1,80.0,0.0,0.0,79,22.6,75,2,0,6,cloudy
2025-01-12 01:00:00,23.9,81.0,0.0,0.0,36,22.3,74,1,1,6,normal
2025-01-12 02:00:00,23.7,81.0,0.0,0.0,14,22.0,68,0,2,6,normal
2025-01-12 03:00:00,23.5,81.0,0.0,0.0,16,21.1,66,0,3,6,normal
2025-01-12 04:00:00,23.4,80.0,0.0,0.0,78,18.9,62,2,4,6,cloudy
2025-01-12 05:00:00,23.1,80.0,0.0,0.0,83,18.1,57,3,5,6,cloudy
2025-01-12 06:00:00,22.9,81.0,0.0,0.0,79,17.8,50,2,6,6,cloudy
2025-01-12 07:00:00,23.4,78.0,0.0,0.0,81,15.4,45,3,7,6,cloudy
2025-01-12 08:00:00,25.2,68.0,0.0,0.0,89,19.9,55,3,8,6,cloudy
2025-01-12 09:00:00,26.9,59.0,0.0,0.0,71,21.7,62,2,9,6,normal
2025-01-12 10:00:00,28.4,53.0,0.0,0.0,100,22.9,63,3,10,6,cloudy
2025-01-12 11:00:00,29.7,49.0,0.0,0.0,77,23.4,66,2,11,6,cloudy
2025-01-12 12:00:00,30.6,46.0,0.0,0.0,79,23.9,71,2,12,6,cloudy
2025-01-12 13:00:00,30.9,46.0,0.0,0.0,71,24.5,75,2,13,6,normal
2025-01-12 14:00:00,30.8,47.0,0.0,0.0,78,26.0,80,2,14,6,cloudy
2025-01-12 15:00:00,29.1,54.0,0.0,0.0,94,28.5,86,3,15,6,cloudy
2025-01-12 16:00:00,26.8,63.0,0.0,0.0,95,28.3,87,3,16,6,cloudy
2025-01-12 17:00:00,26.2,66.0,0.0,0.0,90,25.9,78,3,17,6,cloudy
2025-01-12 18:00:00,25.8,70.0,0.0,0.0,88,23.3,81,3,18,6,cloudy
2025-01-12 19:00:00,24.5,76.0,0.0,0.0,78,23.3,78,2,19,6,cloudy
2025-01-12 20:00:00,24.7,76.0,0.0,0.0,14,20.6,74,0,20,6,normal
2025-01-12 21:00:00,24.5,73.0,0.0,0.0,4,22.7,68,0,21,6,normal
2025-01-12 22:00:00,24.2,79.0,0.0,0.0,2,21.2,75,0,22,6,normal
2025-01-12 23:00:00,24.2,78.0,0.0,0.0,53,22.9,74,2,23,6,normal
2025-01-13 00:00:00,24.0,80.0,0.0,0.0,24,23.2,70,1,0,0,normal
2025-01-13 01:00:00,23.8,82.0,0.0,0.0,92,23.1,66,3,1,0,cloudy
2025-01-13 02:00:00,23.6,83.0,0.0,0.0,82,21.7,66,3,2,0,cloudy
2025-01-13 03:00:00,23.4,84.0,0.0,0.0,23,21.8,68,1,3,0,normal
2025-01-13 04:00:00,23.2,80.0,0.0,0.0,1,20.9,67,0,4,0,normal
2025-01-13 05:00:00,23.2,79.0,0.0,0.0,13,21.5,65,0,5,0,normal
2025-01-13 06:00:00,23.2,79.0,0.0,0.0,1,21.2,61,0,6,0,normal
2025-01-13 07:00:00,23.8,76.0,0.0,0.0,1,20.0,58,0,7,0,normal
2025-01-13 08:00:00,25.6,68.0,0.0,0.0,3,21.1,60,0,8,0,normal
2025-01-13 09:00:00,27.2,60.0,0.0,0.0,1,22.4,61,0,9,0,normal
2025-01-13 10:00:00,29.0,52.0,0.0,0.0,4,22.6,64,0,10,0,normal
2025-01-13 11:00:00,30.2,47.0,0.0,0.0,6,24.0,67,0,11,0,normal
2025-01-13 12:00:00,30.8,45.0,0.0,0.0,18,25.5,74,0,12,0,normal
2025-01-13 13:00:00,30.2,49.0,0.0,0.0,4,28.4,83,0,13,0,normal
2025-01-13 14:00:00,28.5,56.0,0.0,0.0,1,32.0,89,0,14,0,normal
2025-01-13 15:00:00,27.4,59.0,0.0,0.0,0,33.0,87,0,15,0,normal
2025-01-13 16:00:00,27.9,62.0,0.0,0.0,0,30.4,82,0,16,0,normal
2025-01-13 17:00:00,26.2,69.0,0.0,0.0,0,27.6,83,0,17,0,normal
2025-01-13 18:00:00,25.6,75.0,0.0,0.0,0,24.9,73,0,18,0,normal
2025-01-13 19:00:00,25.0,77.0,0.0,0.0,0,24.2,75,0,19,0,normal
2025-01-13 20:00:00,24.7,80.0,0.0,0.0,0,23.4,68,0,20,0,normal
2025-01-13 21:00:00,24.5,79.0,0.0,0.0,0,24.0,67,0,21,0,normal
2025-01-13 22:00:00,24.4,80.0,0.0,0.0,0,23.4,66,0,22,0,normal
2025-01-13 23:00:00,24.2,81.0,0.0,0.0,48,22.5,62,1,23,0,normal
2025-01-14 00:00:00,23.9,83.0,0.0,0.0,84,20.8,61,3,0,1,cloudy
2025-01-14 01:00:00,23.7,84.0,0.0,0.0,99,21.1,59,3,1,1,cloudy
2025-01-14 02:00:00,23.4,85.0,0.0,0.0,86,20.3,57,3,2,1,cloudy
2025-01-14 03:00:00,23.2,85.0,0.0,0.0,94,19.3,56,3,3,1,cloudy
2025-01-14 04:00:00,23.2,81.0,0.0,0.0,100,18.5,52,3,4,1,cloudy
2025-01-14 05:00:00,23.0,81.0,0.0,0.0,98,18.6,52,3,5,1,cloudy
2025-01-14 06:00:00,22.8,81.0,0.0,0.0,97,18.9,50,3,6,1,cloudy
2025-01-14 07:00:00,23.6,76.0,0.0,0.0,93,20.6,48,3,7,1,cloudy
2025-01-14 08:00:00,25.6,66.0,0.0,0.0,3,19.3,50,0,8,1,normal
2025-01-14 09:00:00,27.7,57.0,0.0,0.0,4,21.3,55,0,9,1,normal
2025-01-14 10:00:00,29.5,48.0,0.0,0.0,68,22.9,62,2,10,1,normal
2025-01-14 11:00:00,30.9,43.0,0.0,0.0,96,23.7,69,3,11,1,cloudy
2025-01-14 12:00:00,31.2,44.0,0.0,0.0,94,25.0,79,3,12,1,cloudy
2025-01-14 13:00:00,30.3,53.0,0.0,0.0,97,28.3,89,3,13,1,cloudy
2025-01-14 14:00:00,29.3,54.0,0.0,0.0,97,30.6,88,3,14,1,cloudy
2025-01-14 15:00:00,29.0,52.0,0.0,0.0,96,30.2,85,3,15,1,cloudy
2025-01-14 16:00:00,28.4,59.0,0.0,0.0,99,27.4,87,3,16,1,cloudy
2025-01-14 17:00:00,26.5,70.0,0.0,0.0,99,26.3,88,3,17,1,cloudy
2025-01-14 18:00:00,25.4,79.0,0.0,0.0,84,24.5,83,3,18,1,cloudy
2025-01-14 19:00:00,24.6,84.0,0.0,0.0,75,25.8,80,2,19,1,cloudy
2025-01-14 20:00:00,24.7,81.0,0.0,0.0,100,27.2,80,3,20,1,cloudy
2025-01-14 21:00:00,24.8,80.0,0.0,0.0,91,27.2,75,3,21,1,cloudy
2025-01-14 22:00:00,24.8,78.0,0.0,0.0,99,28.5,72,3,22,1,cloudy
2025-01-14 23:00:00,24.6,78.0,0.0,0.0,95,27.5,70,3,23,1,cloudy
2025-01-15 00:00:00,24.3,80.0,0.0,0.0,88,26.3,65,3,0,2,cloudy
2025-01-15 01:00:00,24.1,80.0,0.0,0.0,97,24.9,60,3,1,2,cloudy
2025-01-15 02:00:00,23.8,80.0,0.0,0.0,99,22.4,54,3,2,2,cloudy
2025-01-15 03:00:00,23.6,79.0,0.0,0.0,98,20.4,54,3,3,2,cloudy
2025-01-15 04:00:00,23.1,79.0,0.0,0.0,100,20.0,49,3,4,2,cloudy
2025-01-15 05:00:00,22.8,79.0,0.0,0.0,98,19.7,44,3,5,2,cloudy
2025-01-15 06:00:00,22.6,78.0,0.0,0.0,99,19.9,41,3,6,2,cloudy
2025-01-15 07:00:00,23.3,74.0,0.0,0.0,98,17.8,36,3,7,2,cloudy
2025-01-15 08:00:00,25.5,64.0,0.0,0.0,99,19.6,39,3,8,2,cloudy
2025-01-15 09:00:00,27.6,56.0,0.0,0.0,99,20.8,48,3,9,2,cloudy
2025-01-15 10:00:00,29.3,50.0,0.0,0.0,98,21.0,57,3,10,2,cloudy
2025-01-15 11:00:00,31.1,44.0,0.0,0.0,97,22.4,66,3,11,2,cloudy
2025-01-15 12:00:00,31.2,44.0,0.0,0.0,91,23.9,83,3,12,2,cloudy
2025-01-15 13:00:00,30.2,55.0,0.0,0.0,91,26.5,92,3,13,2,cloudy
2025-01-15 14:00:00,29.5,53.0,0.0,0.0,62,29.5,90,2,14,2,normal
2025-01-15 15:00:00,29.4,53.0,0.0,0.0,51,30.3,87,2,15,2,normal
2025-01-15 16:00:00,28.3,58.0,0.0,0.0,73,26.3,89,2,16,2,normal
2025-01-15 17:00:00,26.9,65.0,0.0,0.0,72,23.8,83,2,17,2,normal
2025-01-15 18:00:00,25.9,73.0,0.0,0.0,79,21.9,85,2,18,2,cloudy
2025-01-15 19:00:00,25.3,77.0,0.0,0.0,94,21.3,74,3,19,2,cloudy
2025-01-15 20:00:00,25.2,75.0,0.0,0.0,93,22.5,72,3,20,2,cloudy
2025-01-15 21:00:00,24.9,76.0,0.0,0.0,100,21.3,69,3,21,2,cloudy
2025-01-15 22:00:00,24.7,78.0,0.0,0.0,100,21.8,67,3,22,2,cloudy
2025-01-15 23:00:00,24.6,76.0,0.0,0.0,99,21.3,62,3,23,2,cloudy
2025-01-16 00:00:00,24.2,79.0,0.0,0.0,91,20.9,55,3,0,3,cloudy
2025-01-16 01:00:00,24.0,78.0,0.0,0.0,85,21.3,55,3,1,3,cloudy
2025-01-16 02:00:00,23.9,77.0,0.0,0.0,36,20.6,54,1,2,3,normal
2025-01-16 03:00:00,23.6,80.0,0.0,0.0,24,18.3,54,1,3,3,normal
2025-01-16 04:00:00,23.2,76.0,0.0,0.0,0,18.0,51,0,4,3,normal
2025-01-16 05:00:00,23.0,76.0,0.0,0.0,1,17.6,49,0,5,3,normal
2025-01-16 06:00:00,22.8,76.0,0.0,0.0,1,16.6,47,0,6,3,normal
2025-01-16 07:00:00,23.5,71.0,0.0,0.0,0,15.3,46,0,7,3,normal
2025-01-16 08:00:00,25.4,64.0,0.0,0.0,0,18.2,49,0,8,3,normal
2025-01-16 09:00:00,27.4,57.0,0.0,0.0,0,20.0,56,0,9,3,normal
2025-01-16 10:00:00,29.1,51.0,0.0,0.0,0,20.4,64,0,10,3,normal
2025-01-16 11:00:00,30.3,48.0,0.0,0.0,0,20.8,73,0,11,3,normal
2025-01-16 12:00:00,30.5,49.0,0.0,0.0,3,23.5,84,0,12,3,normal
2025-01-16 13:00:00,29.7,55.0,0.0,0.0,89,26.8,90,3,13,3,cloudy
2025-01-16 14:00:00,28.9,57.0,0.0,0.0,34,28.3,89,1,14,3,normal
2025-01-16 15:00:00,28.8,58.0,0.0,0.0,53,27.9,89,2,15,3,normal
2025-01-16 16:00:00,27.6,63.0,0.0,0.0,28,27.3,95,1,16,3,normal
2025-01-16 17:00:00,26.9,69.0,0.0,0.0,20,25.8,86,1,17,3,normal
2025-01-16 18:00:00,25.4,75.0,0.0,0.0,0,21.5,81,0,18,3,normal
2025-01-16 19:00:00,25.3,81.0,0.0,0.0,0,20.8,80,0,19,3,normal
2025-01-16 20:00:00,24.8,81.0,0.0,0.0,0,20.8,74,0,20,3,normal
2025-01-16 21:00:00,24.6,85.0,0.0,0.0,0,19.9,76,0,21,3,normal
2025-01-16 22:00:00,24.5,85.0,0.0,0.0,0,21.0,74,0,22,3,normal
2025-01-16 23:00:00,24.2,86.0,0.0,0.0,73,20.1,65,2,23,3,normal
2025-01-17 00:00:00,23.9,88.0,0.0,0.0,52,19.7,61,2,0,4,normal
2025-01-17 01:00:00,23.6,87.0,0.0,0.0,69,19.9,61,2,1,4,normal
2025-01-17 02:00:00,23.5,87.0,0.0,0.0,4,19.8,60,0,2,4,normal
2025-01-17 03:00:00,23.4,86.0,0.0,0.0,3,19.7,54,0,3,4,normal
2025-01-17 04:00:00,23.3,84.0,0.0,0.0,10,19.1,51,0,4,4,normal
2025-01-17 05:00:00,23.1,81.0,0.0,0.0,66,17.7,50,2,5,4,normal
2025-01-17 06:00:00,22.9,80.0,0.0,0.0,47,17.6,47,1,6,4,normal
2025-01-17 07:00:00,23.4,76.0,0.0,0.0,53,16.5,45,2,7,4,normal
2025-01-17 08:00:00,25.1,67.0,0.0,0.0,66,19.3,42,2,8,4,normal
2025-01-17 09:00:00,27.2,56.0,0.0,0.0,66,19.0,44,2,9,4,normal
2025-01-17 10:00:00,29.5,46.0,0.0,0.0,43,18.1,52,1,10,4,normal
2025-01-17 11:00:00,31.2,39.0,0.0,0.0,35,16.8,59,1,11,4,normal
2025-01-17 12:00:00,32.3,36.0,0.0,0.0,3,16.6,74,0,12,4,normal
2025-01-17 13:00:00,30.3,56.0,0.0,0.0,66,22.2,96,2,13,4,normal
2025-01-17 14:00:00,28.5,58.0,0.0,0.0,91,26.7,95,3,14,4,cloudy
2025-01-17 15:00:00,28.5,57.0,0.0,0.0,60,25.4,86,2,15,4,normal
2025-01-17 16:00:00,28.0,63.0,0.0,0.0,60,23.3,94,2,16,4,normal
2025-01-17 17:00:00,26.3,73.0,0.0,0.0,41,22.7,92,1,17,4,normal
2025-01-17 18:00:00,25.8,74.0,0.0,0.0,20,20.1,80,1,18,4,normal
2025-01-17 19:00:00,25.1,82.0,0.0,0.0,66,21.0,81,2,19,4,normal
2025-01-17 20:00:00,25.1,81.0,0.0,0.0,50,20.2,82,2,20,4,normal
2025-01-17 21:00:00,24.9,81.0,0.0,0.0,1,20.6,76,0,21,4,normal
2025-01-17 22:00:00,24.7,82.0,0.0,0.0,0,19.7,74,0,22,4,normal
2025-01-17 23:00:00,24.4,84.0,0.0,0.0,71,19.0,70,2,23,4,normal
2025-01-18 00:00:00,24.2,83.0,0.0,0.0,93,18.7,65,3,0,5,cloudy
2025-01-18 01:00:00,23.9,84.0,0.0,0.0,83,18.9,65,3,1,5,cloudy
2025-01-18 02:00:00,23.7,84.0,0.0,0.0,92,19.2,64,3,2,5,cloudy
2025-01-18 03:00:00,23.6,85.0,0.0,0.0,100,18.5,65,3,3,5,cloudy
2025-01-18 04:00:00,23.6,84.0,0.0,0.0,88,19.5,67,3,4,5,cloudy
2025-01-18 05:00:00,23.7,84.0,0.0,0.0,98,18.9,69,3,5,5,cloudy
2025-01-18 06:00:00,23.6,82.0,0.0,0.0,89,18.5,66,3,6,5,cloudy
2025-01-18 07:00:00,24.3,78.0,0.0,0.0,95,18.1,60,3,7,5,cloudy
2025-01-18 08:00:00,25.7,70.0,0.0,0.0,95,21.0,57,3,8,5,cloudy
2025-01-18 09:00:00,27.4,61.0,0.0,0.0,100,21.7,58,3,9,5,cloudy
2025-01-18 10:00:00,29.2,53.0,0.0,0.0,100,20.6,64,3,10,5,cloudy
2025-01-18 11:00:00,30.3,49.0,0.0,0.0,100,20.0,71,3,11,5,cloudy
2025-01-18 12:00:00,31.0,49.0,0.0,0.0,97,20.5,82,3,12,5,cloudy
2025-01-18 13:00:00,30.2,55.0,0.0,0.0,100,24.3,93,3,13,5,cloudy
2025-01-18 14:00:00,28.9,58.0,0.0,0.0,99,26.7,93,3,14,5,cloudy
2025-01-18 15:00:00,28.8,58.0,0.0,0.0,98,25.2,89,3,15,5,cloudy
2025-01-18 16:00:00,28.1,60.0,0.0,0.0,96,24.9,92,3,16,5,cloudy
2025-01-18 17:00:00,26.5,66.0,0.0,0.0,95,24.7,88,3,17,5,cloudy
2025-01-18 18:00:00,25.7,73.0,0.0,0.0,97,22.9,82,3,18,5,cloudy
2025-01-18 19:00:00,24.8,77.0,0.0,0.0,100,21.0,76,3,19,5,cloudy
2025-01-18 20:00:00,24.8,79.0,0.0,0.0,100,20.1,78,3,20,5,cloudy
2025-01-18 21:00:00,24.5,78.0,0.0,0.0,100,20.2,70,3,21,5,cloudy
2025-01-18 22:00:00,24.3,81.0,0.0,0.0,100,19.3,69,3,22,5,cloudy
2025-01-18 23:00:00,24.0,81.0,0.0,0.0,100,18.9,71,3,23,5,cloudy
2025-01-19 00:00:00,23.8,84.0,0.0,0.0,100,18.6,71,3,0,6,cloudy
2025-01-19 01:00:00,23.7,85.0,0.0,0.0,99,19.3,70,3,1,6,cloudy
2025-01-19 02:00:00,23.5,86.0,0.0,0.0,100,19.8,68,3,2,6,cloudy
2025-01-19 03:00:00,23.4,86.0,0.0,0.0,90,18.9,61,3,3,6,cloudy
2025-01-19 04:00:00,23.4,82.0,0.0,0.0,100,18.4,61,3,4,6,cloudy
2025-01-19 05:00:00,23.1,83.0,0.0,0.0,100,17.8,58,3,5,6,cloudy
2025-01-19 06:00:00,22.8,84.0,0.0,0.0,100,16.8,55,3,6,6,cloudy
2025-01-19 07:00:00,23.3,82.0,0.0,0.0,7,15.7,53,0,7,6,normal
2025-01-19 08:00:00,25.0,74.0,0.0,0.0,3,18.2,57,0,8,6,normal
2025-01-19 09:00:00,26.9,65.0,0.0,0.0,0,18.4,61,0,9,6,normal
2025-01-19 10:00:00,28.7,56.0,0.0,0.0,1,18.1,67,0,10,6,normal
2025-01-19 11:00:00,30.2,51.0,0.0,0.0,0,18.3,76,0,11,6,normal
2025-01-19 12:00:00,30.5,52.0,0.0,0.0,0,20.3,88,0,12,6,normal
2025-01-19 13:00:00,29.0,59.0,0.0,0.0,2,25.0,97,0,13,6,normal
2025-01-19 14:00:00,28.1,60.0,0.0,0.0,32,26.5,92,1,14,6,normal
2025-01-19 15:00:00,28.1,60.0,0.0,0.0,46,25.1,85,1,15,6,normal
2025-01-19 16:00:00,27.7,64.0,0.0,0.0,2,23.1,92,0,16,6,normal
2025-01-19 17:00:00,25.9,72.0,0.0,0.0,0,23.9,89,0,17,6,normal
2025-01-19 18:00:00,25.1,78.0,0.0,0.0,0,22.8,84,0,18,6,normal
2025-01-19 19:00:00,24.6,80.0,0.0,0.0,0,22.8,84,0,19,6,normal
2025-01-19 20:00:00,24.5,82.0,0.0,0.0,0,21.9,80,0,20,6,normal
2025-01-19 21:00:00,24.4,79.0,0.0,0.0,0,22.7,75,0,21,6,normal
2025-01-19 22:00:00,24.2,81.0,0.0,0.0,1,23.5,74,0,22,6,normal
2025-01-19 23:00:00,24.0,82.0,0.0,0.0,51,25.1,74,2,23,6,normal
2025-01-20 00:00:00,23.8,83.0,0.0,0.0,27,22.9,72,1,0,0,normal
2025-01-20 01:00:00,23.5,84.0,0.0,0.0,7,21.9,69,0,1,0,normal
2025-01-20 02:00:00,23.3,85.0,0.0,0.0,9,20.4,64,0,2,0,normal
2025-01-20 03:00:00,22.9,86.0,0.0,0.0,5,18.9,57,0,3,0,normal
2025-01-20 04:00:00,22.4,86.0,0.0,0.0,0,17.1,51,0,4,0,normal
2025-01-20 05:00:00,22.0,86.0,0.0,0.0,0,15.7,51,0,5,0,normal
2025-01-20 06:00:00,21.7,88.0,0.0,0.0,1,15.0,46,0,6,0,normal
2025-01-20 07:00:00,22.5,82.0,0.0,0.0,0,16.7,46,0,7,0,normal
2025-01-20 08:00:00,24.6,71.0,0.0,0.0,0,17.3,51,0,8,0,normal
2025-01-20 09:00:00,26.6,62.0,0.0,0.0,0,18.9,58,0,9,0,normal
2025-01-20 10:00:00,28.4,54.0,0.0,0.0,1,20.5,65,0,10,0,normal
2025-01-20 11:00:00,29.8,48.0,0.0,0.0,4,20.9,71,0,11,0,normal
2025-01-20 12:00:00,30.4,47.0,0.0,0.0,6,22.0,77,0,12,0,normal
2025-01-20 13:00:00,30.0,51.0,0.0,0.0,1,24.0,87,0,13,0,normal
2025-01-20 14:00:00,28.6,56.0,0.0,0.0,86,26.7,93,3,14,0,cloudy
2025-01-20 15:00:00,27.5,58.0,0.0,0.0,87,27.2,92,3,15,0,cloudy
2025-01-20 16:00:00,27.7,60.0,0.0,0.0,52,25.6,86,2,16,0,normal
2025-01-20 17:00:00,26.1,69.0,0.0,0.0,87,25.2,91,3,17,0,cloudy
2025-01-20 18:00:00,25.4,74.0,0.0,0.0,97,22.6,85,3,18,0,cloudy
2025-01-20 19:00:00,24.5,78.0,0.0,0.0,95,21.1,78,3,19,0,cloudy
2025-01-20 20:00:00,24.5,81.0,0.0,0.0,96,20.4,85,3,20,0,cloudy
2025-01-20 21:00:00,24.5,79.0,0.0,0.0,94,20.2,79,3,21,0,cloudy
2025-01-20 22:00:00,24.4,81.0,0.0,0.0,99,20.0,74,3,22,0,cloudy
2025-01-20 23:00:00,24.5,81.0,0.0,0.0,99,21.2,72,3,23,0,cloudy
2025-01-21 00:00:00,24.3,82.0,0.0,0.0,96,20.7,70,3,0,1,cloudy
2025-01-21 01:00:00,24.0,83.0,0.0,0.0,96,20.6,69,3,1,1,cloudy
2025-01-21 02:00:00,23.5,85.0,0.0,0.0,99,19.7,63,3,2,1,cloudy
2025-01-21 03:00:00,23.1,87.0,0.0,0.0,96,18.7,60,3,3,1,cloudy
2025-01-21 04:00:00,22.8,88.0,0.0,0.0,95,17.2,53,3,4,1,cloudy
2025-01-21 05:00:00,22.6,89.0,0.0,0.0,33,15.6,54,1,5,1,normal
2025-01-21 06:00:00,22.4,90.0,0.0,0.0,9,14.1,58,0,6,1,normal
2025-01-21 07:00:00,23.4,84.0,0.0,0.0,92,17.0,60,3,7,1,cloudy
2025-01-21 08:00:00,25.4,73.0,0.0,0.0,98,20.2,66,3,8,1,cloudy
2025-01-21 09:00:00,27.2,64.0,0.0,0.0,89,19.2,68,3,9,1,cloudy
2025-01-21 10:00:00,28.9,54.0,0.0,0.0,69,20.5,71,2,10,1,normal
2025-01-21 11:00:00,30.1,48.0,0.0,0.0,29,21.4,75,1,11,1,normal
2025-01-21 12:00:00,29.5,57.0,0.0,0.0,41,23.4,90,1,12,1,normal
2025-01-21 13:00:00,29.5,56.0,0.0,0.0,11,25.2,92,0,13,1,normal
2025-01-21 14:00:00,28.6,58.0,0.0,0.0,1,26.2,94,0,14,1,normal
2025-01-21 15:00:00,28.5,58.0,0.0,0.0,0,25.4,93,0,15,1,normal
2025-01-21 16:00:00,27.5,66.0,0.0,0.0,0,23.4,100,0,16,1,normal
2025-01-21 17:00:00,26.4,70.0,0.0,0.0,17,22.2,87,0,17,1,normal
2025-01-21 18:00:00,25.3,76.0,0.0,0.0,73,20.5,92,2,18,1,normal
2025-01-21 19:00:00,24.6,87.0,0.0,0.0,80,18.9,86,3,19,1,cloudy
2025-01-21 20:00:00,24.6,83.0,0.0,0.0,59,19.0,83,2,20,1,normal
2025-01-21 21:00:00,24.5,86.0,0.0,0.0,88,18.0,86,3,21,1,cloudy
2025-01-21 22:00:00,24.6,84.0,0.0,0.0,87,20.2,87,3,22,1,cloudy
2025-01-21 23:00:00,24.6,85.0,0.0,0.0,99,20.7,83,3,23,1,cloudy
2025-01-22 00:00:00,24.5,86.0,0.0,0.0,86,19.0,77,3,0,2,cloudy
2025-01-22 01:00:00,24.2,88.0,0.0,0.0,38,19.1,72,1,1,2,normal
2025-01-22 02:00:00,24.0,89.0,0.0,0.0,26,18.3,69,1,2,2,normal
2025-01-22 03:00:00,23.8,90.0,0.0,0.0,86,17.3,68,3,3,2,cloudy
2025-01-22 04:00:00,23.8,88.0,0.0,0.0,87,17.7,71,3,4,2,cloudy
2025-01-22 05:00:00,23.7,89.0,0.0,0.0,92,17.0,69,3,5,2,cloudy
2025-01-22 06:00:00,23.7,89.0,0.0,0.0,99,15.9,67,3,6,2,cloudy
2025-01-22 07:00:00,24.3,85.0,0.0,0.0,100,16.6,69,3,7,2,cloudy
2025-01-22 08:00:00,25.6,77.0,0.0,0.0,100,20.9,71,3,8,2,cloudy
2025-01-22 09:00:00,27.2,67.0,0.0,0.0,81,22.2,69,3,9,2,cloudy
2025-01-22 10:00:00,28.6,60.0,0.0,0.0,46,22.8,70,1,10,2,normal
2025-01-22 11:00:00,29.8,55.0,0.0,0.0,59,23.4,74,2,11,2,normal
2025-01-22 12:00:00,29.9,56.0,0.0,0.0,68,24.8,80,2,12,2,normal
2025-01-22 13:00:00,29.2,61.0,0.0,0.0,45,25.9,91,1,13,2,normal
2025-01-22 14:00:00,29.2,59.0,0.0,0.0,8,26.3,90,0,14,2,normal
2025-01-22 15:00:00,28.8,61.0,0.0,0.0,5,26.5,91,0,15,2,normal
2025-01-22 16:00:00,27.7,65.0,0.0,0.0,87,24.4,96,3,16,2,cloudy
2025-01-22 17:00:00,27.1,72.0,0.0,0.0,5,23.1,92,0,17,2,normal
2025-01-22 18:00:00,25.4,81.0,0.0,0.0,7,21.5,86,0,18,2,normal
2025-01-22 19:00:00,25.1,85.0,0.0,0.0,5,21.8,82,0,19,2,normal
2025-01-22 20:00:00,25.0,85.0,0.0,0.0,3,20.0,82,0,20,2,normal
2025-01-22 21:00:00,24.8,84.0,0.0,0.0,1,20.4,78,0,21,2,normal
2025-01-22 22:00:00,24.6,85.0,0.0,0.0,0,20.4,74,0,22,2,normal
2025-01-22 23:00:00,24.3,86.0,0.0,0.0,1,20.4,68,0,23,2,normal
2025-01-23 00:00:00,24.1,86.0,0.0,0.0,94,19.2,66,3,0,3,cloudy
2025-01-23 01:00:00,23.9,85.0,0.0,0.0,90,18.7,68,3,1,3,cloudy
2025-01-23 02:00:00,23.6,87.0,0.0,0.0,16,18.1,63,0,2,3,normal
2025-01-23 03:00:00,23.3,88.0,0.0,0.0,6,17.2,58,0,3,3,normal
2025-01-23 04:00:00,23.0,88.0,0.0,0.0,95,14.8,54,3,4,3,cloudy
2025-01-23 05:00:00,22.8,87.0,0.0,0.0,92,15.5,51,3,5,3,cloudy
2025-01-23 06:00:00,22.5,88.0,0.0,0.0,84,15.3,46,3,6,3,cloudy
2025-01-23 07:00:00,23.2,83.0,0.0,0.0,100,16.4,45,3,7,3,cloudy
2025-01-23 08:00:00,25.2,73.0,0.0,0.0,100,18.5,53,3,8,3,cloudy
2025-01-23 09:00:00,27.1,63.0,0.0,0.0,100,24.9,60,3,9,3,cloudy
2025-01-23 10:00:00,28.8,53.0,0.0,0.0,100,23.7,63,3,10,3,cloudy
2025-01-23 11:00:00,30.0,49.0,0.0,0.0,100,22.5,70,3,11,3,cloudy
2025-01-23 12:00:00,29.5,57.0,0.0,0.0,97,24.8,84,3,12,3,cloudy
2025-01-23 13:00:00,30.0,57.0,0.0,0.0,2,27.6,88,0,13,3,normal
2025-01-23 14:00:00,29.4,55.0,0.0,0.0,1,30.1,86,0,14,3,normal
2025-01-23 15:00:00,28.8,58.0,0.0,0.0,0,30.8,84,0,15,3,normal
2025-01-23 16:00:00,28.0,60.0,0.0,0.0,0,30.0,82,0,16,3,normal
2025-01-23 17:00:00,26.8,70.0,0.0,0.0,0,28.5,86,0,17,3,normal
2025-01-23 18:00:00,25.7,76.0,0.0,0.0,0,25.4,78,0,18,3,normal
2025-01-23 19:00:00,24.6,84.0,0.0,0.0,0,25.1,78,0,19,3,normal
2025-01-23 20:00:00,24.7,82.0,0.0,0.0,0,26.8,77,0,20,3,normal
2025-01-23 21:00:00,24.5,84.0,0.0,0.0,10,26.6,75,0,21,3,normal
2025-01-23 22:00:00,24.4,84.0,0.0,0.0,2,27.3,73,0,22,3,normal
2025-01-23 23:00:00,24.3,83.0,0.0,0.0,5,26.9,70,0,23,3,normal
2025-01-24 00:00:00,24.2,83.0,0.0,0.0,3,25.6,69,0,0,4,normal
2025-01-24 01:00:00,24.0,83.0,0.0,0.0,4,23.3,62,0,1,4,normal
2025-01-24 02:00:00,23.8,82.0,0.0,0.0,1,21.6,55,0,2,4,normal
2025-01-24 03:00:00,23.5,82.0,0.0,0.0,0,19.7,52,0,3,4,normal
2025-01-24 04:00:00,23.2,80.0,0.0,0.0,0,19.1,51,0,4,4,normal
2025-01-24 05:00:00,22.9,80.0,0.0,0.0,1,18.6,47,0,5,4,normal
2025-01-24 06:00:00,22.8,81.0,0.0,0.0,1,17.8,45,0,6,4,normal
2025-01-24 07:00:00,23.5,78.0,0.0,0.0,2,16.5,49,0,7,4,normal
2025-01-24 08:00:00,25.4,69.0,0.0,0.0,3,17.7,53,0,8,4,normal
2025-01-24 09:00:00,27.3,61.0,0.0,0.0,14,23.9,60,0,9,4,normal
2025-01-24 10:00:00,28.8,52.0,0.0,0.0,18,24.3,66,0,10,4,normal
2025-01-24 11:00:00,30.1,47.0,0.0,0.0,11,24.2,71,0,11,4,normal
2025-01-24 12:00:00,30.2,50.0,0.0,0.0,19,25.2,81,0,12,4,normal
2025-01-24 13:00:00,29.4,56.0,0.0,0.0,8,27.7,88,0,13,4,normal
2025-01-24 14:00:00,28.5,58.0,0.0,0.0,4,29.3,89,0,14,4,normal
2025-01-24 15:00:00,28.2,58.0,0.0,0.0,2,28.8,87,0,15,4,normal
2025-01-24 16:00:00,27.3,63.0,0.0,0.0,0,27.7,91,0,16,4,normal
2025-01-24 17:00:00,26.6,71.0,0.0,0.0,1,25.2,84,0,17,4,normal
2025-01-24 18:00:00,24.6,79.0,0.0,0.0,2,23.3,85,0,18,4,normal
2025-01-24 19:00:00,24.9,80.0,0.0,0.0,10,22.7,82,0,19,4,normal
2025-01-24 20:00:00,24.5,77.0,0.0,0.0,0,24.9,76,0,20,4,normal
2025-01-24 21:00:00,24.4,77.0,0.0,0.0,0,25.2,78,0,21,4,normal
2025-01-24 22:00:00,24.4,78.0,0.0,0.0,2,24.8,77,0,22,4,normal
2025-01-24 23:00:00,24.4,78.0,0.0,0.0,5,25.3,73,0,23,4,normal
2025-01-25 00:00:00,24.1,79.0,0.0,0.0,4,24.2,72,0,0,5,normal
2025-01-25 01:00:00,23.9,80.0,0.0,0.0,3,23.8,67,0,1,5,normal
2025-01-25 02:00:00,23.5,81.0,0.0,0.0,1,23.6,60,0,2,5,normal
2025-01-25 03:00:00,23.1,82.0,0.0,0.0,0,21.5,54,0,3,5,normal
2025-01-25 04:00:00,22.5,82.0,0.0,0.0,0,18.7,54,0,4,5,normal
2025-01-25 05:00:00,22.4,83.0,0.0,0.0,1,17.8,60,0,5,5,normal
2025-01-25 06:00:00,22.4,84.0,0.0,0.0,7,17.4,58,0,6,5,normal
2025-01-25 07:00:00,23.1,80.0,0.0,0.0,7,16.6,51,0,7,5,normal
2025-01-25 08:00:00,24.9,72.0,0.0,0.0,16,19.4,57,0,8,5,normal
2025-01-25 09:00:00,26.7,63.0,0.0,0.0,16,22.0,68,0,9,5,normal
2025-01-25 10:00:00,28.2,55.0,0.0,0.0,13,23.6,74,0,10,5,normal
2025-01-25 11:00:00,29.2,51.0,0.0,0.0,7,24.5,76,0,11,5,normal
2025-01-25 12:00:00,30.1,48.0,0.0,0.0,14,25.3,77,0,12,5,normal
2025-01-25 13:00:00,29.4,54.0,0.0,0.0,15,27.4,87,0,13,5,normal
2025-01-25 14:00:00,28.2,58.0,0.0,0.0,13,30.6,89,0,14,5,normal
2025-01-25 15:00:00,27.9,59.0,0.0,0.0,2,31.0,88,0,15,5,normal
2025-01-25 16:00:00,27.5,61.0,0.0,0.0,92,29.0,87,3,16,5,cloudy
2025-01-25 17:00:00,26.7,64.0,0.0,0.0,70,28.3,87,2,17,5,normal
2025-01-25 18:00:00,25.1,72.0,0.0,0.0,27,25.2,80,1,18,5,normal
2025-01-25 19:00:00,24.9,74.0,0.0,0.0,30,26.3,84,1,19,5,normal
2025-01-25 20:00:00,24.7,76.0,0.0,0.0,34,23.3,82,1,20,5,normal
2025-01-25 21:00:00,24.5,76.0,0.0,0.0,96,25.5,75,3,21,5,cloudy
2025-01-25 22:00:00,24.2,79.0,0.0,0.0,12,23.4,75,0,22,5,normal
2025-01-25 23:00:00,24.0,80.0,0.0,0.0,8,23.0,75,0,23,5,normal
2025-01-26 00:00:00,23.8,81.0,0.0,0.0,11,21.9,72,0,0,6,normal
2025-01-26 01:00:00,23.6,82.0,0.0,0.0,75,22.1,72,2,1,6,cloudy
2025-01-26 02:00:00,23.5,82.0,0.0,0.0,91,22.4,71,3,2,6,cloudy
2025-01-26 03:00:00,23.3,83.0,0.0,0.0,100,22.2,73,3,3,6,cloudy
2025-01-26 04:00:00,23.2,83.0,0.0,0.0,82,19.7,67,3,4,6,cloudy
2025-01-26 05:00:00,23.0,83.0,0.0,0.0,85,18.1,59,3,5,6,cloudy
2025-01-26 06:00:00,22.8,84.0,0.0,0.0,74,16.1,50,2,6,6,normal
2025-01-26 07:00:00,23.3,80.0,0.0,0.0,11,16.3,46,0,7,6,normal
2025-01-26 08:00:00,24.9,72.0,0.0,0.0,21,17.0,51,1,8,6,normal
2025-01-26 09:00:00,26.7,62.0,0.0,0.0,26,19.6,64,1,9,6,normal
2025-01-26 10:00:00,28.3,56.0,0.0,0.0,14,18.9,72,0,10,6,normal
2025-01-26 11:00:00,29.5,52.0,0.0,0.0,3,19.3,79,0,11,6,normal
2025-01-26 12:00:00,29.8,53.0,0.0,0.0,1,21.3,86,0,12,6,normal
2025-01-26 13:00:00,29.1,57.0,0.0,0.0,0,24.7,92,0,13,6,normal
2025-01-26 14:00:00,28.0,58.0,0.0,0.0,1,27.2,92,0,14,6,normal
2025-01-26 15:00:00,28.0,58.0,0.0,0.0,7,26.6,90,0,15,6,normal
2025-01-26 16:00:00,27.6,62.0,0.0,0.0,0,23.8,93,0,16,6,normal
2025-01-26 17:00:00,26.0,68.0,0.0,0.0,0,25.2,92,0,17,6,normal
2025-01-26 18:00:00,25.2,75.0,0.0,0.0,0,22.4,81,0,18,6,normal
2025-01-26 19:00:00,24.3,78.0,0.0,0.0,0,21.9,84,0,19,6,normal
2025-01-26 20:00:00,24.4,80.0,0.0,0.0,3,19.7,85,0,20,6,normal
2025-01-26 21:00:00,24.3,79.0,0.0,0.0,0,21.8,80,0,21,6,normal
2025-01-26 22:00:00,24.2,81.0,0.0,0.0,12,22.4,78,0,22,6,normal
2025-01-26 23:00:00,24.1,81.0,0.0,0.0,9,22.9,75,0,23,6,normal
2025-01-27 00:00:00,24.0,82.0,0.0,0.0,20,21.9,73,1,0,0,normal
2025-01-27 01:00:00,23.8,82.0,0.0,0.0,23,21.3,72,1,1,0,normal
2025-01-27 02:00:00,23.6,83.0,0.0,0.0,29,22.0,71,1,2,0,normal
2025-01-27 03:00:00,23.5,83.0,0.0,0.0,80,20.5,70,3,3,0,cloudy
2025-01-27 04:00:00,23.6,83.0,0.0,0.0,97,18.5,72,3,4,0,cloudy
2025-01-27 05:00:00,23.6,83.0,0.0,0.0,100,16.6,73,3,5,0,cloudy
2025-01-27 06:00:00,23.4,84.0,0.0,0.0,99,16.1,72,3,6,0,cloudy
2025-01-27 07:00:00,24.1,81.0,0.0,0.0,59,17.0,69,2,7,0,normal
2025-01-27 08:00:00,25.7,72.0,0.0,0.0,90,19.9,70,3,8,0,cloudy
2025-01-27 09:00:00,27.1,64.0,0.0,0.0,90,19.2,75,3,9,0,cloudy
2025-01-27 10:00:00,28.4,57.0,0.0,0.0,25,20.5,79,1,10,0,normal
2025-01-27 11:00:00,29.3,54.0,0.0,0.0,54,21.5,82,2,11,0,normal
2025-01-27 12:00:00,30.1,49.0,0.0,0.0,30,21.6,83,1,12,0,normal
2025-01-27 13:00:00,29.9,51.0,0.0,0.0,42,21.5,86,1,13,0,normal
2025-01-27 14:00:00,28.9,56.0,0.0,0.0,2,22.4,95,0,14,0,normal
2025-01-27 15:00:00,27.9,60.0,0.0,0.0,4,23.5,94,0,15,0,normal
2025-01-27 16:00:00,27.6,65.0,0.0,0.0,2,23.1,98,0,16,0,normal
2025-01-27 17:00:00,26.1,70.0,0.0,0.0,0,24.5,94,0,17,0,normal
2025-01-27 18:00:00,25.0,78.0,0.0,0.0,0,21.5,85,0,18,0,normal
2025-01-27 19:00:00,24.6,77.0,0.0,0.0,0,20.7,87,0,19,0,normal
2025-01-27 20:00:00,24.6,80.0,0.0,0.0,1,18.6,86,0,20,0,normal
2025-01-27 21:00:00,24.4,78.0,0.0,0.0,0,20.5,79,0,21,0,normal
2025-01-27 22:00:00,24.1,81.0,0.0,0.0,1,20.0,81,0,22,0,normal
2025-01-27 23:00:00,24.0,83.0,0.0,0.0,4,19.6,79,0,23,0,normal
2025-01-28 00:00:00,23.8,84.0,0.0,0.0,9,18.7,77,0,0,1,normal
2025-01-28 01:00:00,23.6,85.0,0.0,0.0,33,18.9,76,1,1,1,normal
2025-01-28 02:00:00,23.5,85.0,0.0,0.0,28,19.5,76,1,2,1,normal
2025-01-28 03:00:00,23.5,84.0,0.0,0.0,30,19.3,75,1,3,1,normal
2025-01-28 04:00:00,23.4,85.0,0.0,0.0,12,17.4,73,0,4,1,normal
2025-01-28 05:00:00,23.3,85.0,0.0,0.0,28,16.6,77,1,5,1,normal
2025-01-28 06:00:00,23.3,85.0,0.0,0.0,24,16.5,79,1,6,1,normal
2025-01-28 07:00:00,24.1,80.0,0.0,0.0,13,18.4,75,0,7,1,normal
2025-01-28 08:00:00,25.8,71.0,0.0,0.0,28,20.2,74,1,8,1,normal
2025-01-28 09:00:00,27.2,65.0,0.0,0.0,13,20.4,76,0,9,1,normal
2025-01-28 10:00:00,28.3,61.0,0.0,0.0,6,19.4,79,0,10,1,normal
2025-01-28 11:00:00,29.4,57.0,0.0,0.0,1,19.5,85,0,11,1,normal
2025-01-28 12:00:00,29.7,56.0,0.0,0.0,0,20.0,91,0,12,1,normal
2025-01-28 13:00:00,29.4,57.0,0.0,0.0,0,20.9,94,0,13,1,normal
2025-01-28 14:00:00,28.9,58.0,0.0,0.0,0,21.8,93,0,14,1,normal
2025-01-28 15:00:00,28.5,60.0,0.0,0.0,3,22.9,94,0,15,1,normal
2025-01-28 16:00:00,27.5,65.0,0.0,0.0,7,25.5,99,0,16,1,normal
2025-01-28 17:00:00,26.1,68.0,0.0,0.0,0,25.2,88,0,17,1,normal
2025-01-28 18:00:00,25.6,74.0,0.0,0.0,0,23.8,86,0,18,1,normal
2025-01-28 19:00:00,24.5,78.0,0.0,0.0,0,19.9,75,0,19,1,normal
2025-01-28 20:00:00,24.5,78.0,0.0,0.0,0,21.4,79,0,20,1,normal
2025-01-28 21:00:00,24.3,81.0,0.0,0.0,0,20.4,79,0,21,1,normal
2025-01-28 22:00:00,24.1,82.0,0.0,0.0,0,19.8,73,0,22,1,normal
2025-01-28 23:00:00,23.9,82.0,0.0,0.0,0,19.0,72,0,23,1,normal
2025-01-29 00:00:00,23.6,84.0,0.0,0.0,1,18.5,69,0,0,2,normal
2025-01-29 01:00:00,23.4,85.0,0.0,0.0,6,18.7,67,0,1,2,normal
2025-01-29 02:00:00,23.3,87.0,0.0,0.0,7,19.0,67,0,2,2,normal
2025-01-29 03:00:00,23.2,87.0,0.0,0.0,11,18.3,64,0,3,2,normal
2025-01-29 04:00:00,23.1,87.0,0.0,0.0,22,16.5,62,1,4,2,normal
2025-01-29 05:00:00,23.0,89.0,0.0,0.0,19,15.2,66,0,5,2,normal
2025-01-29 06:00:00,23.0,88.0,0.0,0.0,27,16.0,66,1,6,2,normal
2025-01-29 07:00:00,23.8,83.0,0.0,0.0,18,17.1,63,0,7,2,normal
2025-01-29 08:00:00,25.5,73.0,0.0,0.0,22,21.5,66,1,8,2,normal
2025-01-29 09:00:00,27.1,64.0,0.0,0.0,15,21.9,66,0,9,2,normal
2025-01-29 10:00:00,29.0,55.0,0.0,0.0,12,21.1,68,0,10,2,normal
2025-01-29 11:00:00,30.4,51.0,0.0,0.0,1,20.4,74,0,11,2,normal
2025-01-29 12:00:00,31.0,50.0,0.0,0.0,2,20.2,81,0,12,2,normal
2025-01-29 13:00:00,29.7,58.0,0.0,0.0,0,24.3,93,0,13,2,normal
2025-01-29 14:00:00,28.5,60.0,0.0,0.0,0,27.2,92,0,14,2,normal
2025-01-29 15:00:00,27.9,63.0,0.0,0.0,0,27.7,87,0,15,2,normal
2025-01-29 16:00:00,27.7,63.0,0.0,0.0,0,26.7,82,0,16,2,normal
2025-01-29 17:00:00,27.2,63.0,0.0,0.0,0,26.5,81,0,17,2,normal
2025-01-29 18:00:00,24.8,80.0,0.0,0.0,0,24.1,78,0,18,2,normal
2025-01-29 19:00:00,24.8,78.0,0.0,0.0,0,24.5,79,0,19,2,normal
2025-01-29 20:00:00,24.5,81.0,0.0,0.0,0,21.4,75,0,20,2,normal
2025-01-29 21:00:00,24.4,77.0,0.0,0.0,0,22.2,73,0,21,2,normal
2025-01-29 22:00:00,24.1,83.0,0.0,0.0,0,21.5,74,0,22,2,normal
2025-01-29 23:00:00,23.9,84.0,0.0,0.0,2,22.1,72,0,23,2,normal
2025-01-30 00:00:00,23.9,85.0,0.0,0.0,8,22.3,74,0,0,3,normal
2025-01-30 01:00:00,23.8,86.0,0.0,0.0,14,22.3,74,0,1,3,normal
2025-01-30 02:00:00,23.6,87.0,0.0,0.0,4,21.6,73,0,2,3,normal
2025-01-30 03:00:00,23.5,87.0,0.0,0.0,7,20.7,73,0,3,3,normal
2025-01-30 04:00:00,23.2,85.0,0.0,0.0,7,18.2,74,0,4,3,normal
2025-01-30 05:00:00,23.2,86.0,0.0,0.0,18,17.6,72,0,5,3,normal
2025-01-30 06:00:00,23.2,86.0,0.0,0.0,25,17.2,69,1,6,3,normal
2025-01-30 07:00:00,24.1,81.0,0.0,0.0,24,18.0,63,1,7,3,normal
2025-01-30 08:00:00,25.8,71.0,0.0,0.0,18,22.3,63,0,8,3,normal
2025-01-30 09:00:00,27.5,61.0,0.0,0.0,28,23.8,62,1,9,3,normal
2025-01-30 10:00:00,29.4,52.0,0.0,0.0,52,23.8,61,2,10,3,normal
2025-01-30 11:00:00,30.6,48.0,0.0,0.0,57,22.5,70,2,11,3,normal
2025-01-30 12:00:00,30.4,53.0,0.0,0.0,10,23.3,86,0,12,3,normal
2025-01-30 13:00:00,29.3,58.0,0.0,0.0,24,27.1,94,1,13,3,normal
2025-01-30 14:00:00,28.0,61.0,0.0,0.0,7,29.2,92,0,14,3,normal
2025-01-30 15:00:00,28.2,62.0,0.0,0.0,3,26.5,87,0,15,3,normal
2025-01-30 16:00:00,27.8,62.0,0.0,0.0,6,24.3,93,0,16,3,normal
2025-01-30 17:00:00,26.2,72.0,0.0,0.0,3,23.6,97,0,17,3,normal
2025-01-30 18:00:00,25.2,79.0,0.0,0.0,1,21.2,90,0,18,3,normal
2025-01-30 19:00:00,24.6,82.0,0.0,0.0,1,20.3,84,0,19,3,normal
2025-01-30 20:00:00,24.8,82.0,0.0,0.0,23,21.1,88,1,20,3,normal
2025-01-30 21:00:00,24.9,82.0,0.0,0.0,28,21.8,83,1,21,3,normal
2025-01-30 22:00:00,24.7,84.0,0.0,0.0,20,21.2,83,1,22,3,normal
2025-01-30 23:00:00,24.4,85.0,0.0,0.0,20,21.9,78,1,23,3,normal
2025-01-31 00:00:00,24.2,86.0,0.0,0.0,22,21.5,74,1,0,4,normal
2025-01-31 01:00:00,24.2,86.0,0.0,0.0,19,20.9,68,0,1,4,normal
2025-01-31 02:00:00,23.9,88.0,0.0,0.0,9,19.0,64,0,2,4,normal
2025-01-31 03:00:00,23.7,89.0,0.0,0.0,13,16.5,62,0,3,4,normal
2025-01-31 04:00:00,23.2,90.0,0.0,0.0,10,13.8,61,0,4,4,normal
2025-01-31 05:00:00,22.9,92.0,0.0,0.0,23,13.1,58,1,5,4,normal
2025-01-31 06:00:00,22.7,92.0,0.0,0.0,11,12.8,50,0,6,4,normal
2025-01-31 07:00:00,23.4,88.0,0.0,0.0,18,14.3,53,0,7,4,normal
2025-01-31 08:00:00,25.3,77.0,0.0,0.0,35,20.1,62,1,8,4,normal
2025-01-31 09:00:00,27.0,65.0,0.0,0.0,30,22.3,67,1,9,4,normal
2025-01-31 10:00:00,28.8,54.0,0.0,0.0,36,22.5,68,1,10,4,normal
2025-01-31 11:00:00,30.1,48.0,0.0,0.0,14,23.8,74,0,11,4,normal
2025-01-31 12:00:00,30.6,51.0,0.0,0.0,27,23.7,81,1,12,4,normal
2025-01-31 13:00:00,29.6,60.0,0.0,0.0,24,25.6,94,1,13,4,normal
2025-01-31 14:00:00,28.2,61.0,0.0,0.0,25,27.9,96,1,14,4,normal
2025-01-31 15:00:00,27.9,63.0,0.0,0.0,24,26.8,89,1,15,4,normal
2025-01-31 16:00:00,28.1,61.0,0.0,0.0,11,24.9,88,0,16,4,normal
2025-01-31 17:00:00,26.8,69.0,0.0,0.0,1,24.8,91,0,17,4,normal
2025-01-31 18:00:00,25.3,78.0,0.0,0.0,0,21.6,83,0,18,4,normal
2025-01-31 19:00:00,24.7,81.0,0.0,0.0,0,23.1,80,0,19,4,normal
2025-01-31 20:00:00,24.6,85.0,0.0,0.0,0,21.1,74,0,20,4,normal
2025-01-31 21:00:00,24.5,80.0,0.0,0.0,0,23.0,69,0,21,4,normal
2025-01-31 22:00:00,24.0,84.0,0.0,0.0,0,22.9,68,0,22,4,normal
2025-01-31 23:00:00,23.9,84.0,0.0,0.0,0,22.8,70,0,23,4,normal
2025-02-01 00:00:00,23.6,83.0,0.0,0.0,0,22.0,67,0,0,5,normal
2025-02-01 01:00:00,23.4,81.0,0.0,0.0,0,21.9,65,0,1,5,normal
2025-02-01 02:00:00,23.0,80.0,0.0,0.0,2,21.3,63,0,2,5,normal
2025-02-01 03:00:00,22.3,87.0,0.0,0.0,2,20.5,61,0,3,5,normal
2025-02-01 04:00:00,21.8,88.0,0.0,0.0,2,18.8,52,0,4,5,normal
2025-02-01 05:00:00,21.6,88.0,0.0,0.0,0,17.8,45,0,5,5,normal
2025-02-01 06:00:00,21.6,87.0,0.0,0.0,0,17.5,41,0,6,5,normal
2025-02-01 07:00:00,22.4,82.0,0.0,0.0,0,16.7,41,0,7,5,normal
2025-02-01 08:00:00,24.6,69.0,0.0,0.0,0,20.2,46,0,8,5,normal
2025-02-01 09:00:00,26.7,59.0,0.0,0.0,0,21.5,50,0,9,5,normal
2025-02-01 10:00:00,28.9,49.0,0.0,0.0,0,20.6,55,0,10,5,normal
2025-02-01 11:00:00,30.9,41.0,0.0,0.0,0,20.4,63,0,11,5,normal
2025-02-01 12:00:00,31.9,38.0,0.0,0.0,56,22.0,75,2,12,5,normal
2025-02-01 13:00:00,29.6,56.0,0.0,0.0,100,28.6,91,3,13,5,cloudy
2025-02-01 14:00:00,28.2,57.0,0.0,0.0,90,32.0,89,3,14,5,cloudy
2025-02-01 15:00:00,28.0,58.0,0.0,0.0,84,30.3,83,3,15,5,cloudy
2025-02-01 16:00:00,28.0,58.0,0.0,0.0,77,27.9,84,2,16,5,cloudy
2025-02-01 17:00:00,26.3,66.0,0.0,0.0,58,28.1,86,2,17,5,normal
2025-02-01 18:00:00,25.8,70.0,0.0,0.0,87,26.2,79,3,18,5,cloudy
2025-02-01 19:00:00,24.5,74.0,0.0,0.0,98,25.1,74,3,19,5,cloudy
2025-02-01 20:00:00,24.7,75.0,0.0,0.0,99,25.1,78,3,20,5,cloudy
2025-02-01 21:00:00,24.5,75.0,0.0,0.0,99,24.9,74,3,21,5,cloudy
2025-02-01 22:00:00,24.5,74.0,0.0,0.0,97,24.9,71,3,22,5,cloudy
2025-02-01 23:00:00,24.4,74.0,0.0,0.0,100,24.2,68,3,23,5,cloudy
2025-02-02 00:00:00,24.3,72.0,0.0,0.0,100,24.2,65,3,0,6,cloudy
2025-02-02 01:00:00,23.9,74.0,0.0,0.0,100,23.7,60,3,1,6,cloudy
2025-02-02 02:00:00,23.3,76.0,0.0,0.0,99,22.8,57,3,2,6,cloudy
2025-02-02 03:00:00,23.0,76.0,0.0,0.0,99,21.3,56,3,3,6,cloudy
2025-02-02 04:00:00,22.5,72.0,0.0,0.0,82,20.0,54,3,4,6,cloudy
2025-02-02 05:00:00,22.5,72.0,0.0,0.0,13,20.2,53,0,5,6,normal
2025-02-02 06:00:00,22.4,71.0,0.0,0.0,100,19.6,49,3,6,6,cloudy
2025-02-02 07:00:00,23.0,69.0,0.0,0.0,95,18.4,49,3,7,6,cloudy
2025-02-02 08:00:00,25.1,60.0,0.0,0.0,4,17.9,52,0,8,6,normal
2025-02-02 09:00:00,27.0,55.0,0.0,0.0,3,21.9,59,0,9,6,normal
2025-02-02 10:00:00,28.7,50.0,0.0,0.0,24,22.9,63,1,10,6,normal
2025-02-02 11:00:00,30.2,46.0,0.0,0.0,30,23.0,68,1,11,6,normal
2025-02-02 12:00:00,31.1,44.0,0.0,0.0,16,24.8,72,0,12,6,normal
2025-02-02 13:00:00,30.5,49.0,0.0,0.0,91,28.9,85,3,13,6,cloudy
2025-02-02 14:00:00,28.9,56.0,0.0,0.0,20,33.8,89,1,14,6,normal
2025-02-02 15:00:00,27.3,60.0,0.0,0.0,16,35.2,86,0,15,6,normal
2025-02-02 16:00:00,27.4,61.0,0.0,0.0,0,31.7,79,0,16,6,normal
2025-02-02 17:00:00,27.0,64.0,0.0,0.0,0,29.6,83,0,17,6,normal
2025-02-02 18:00:00,24.8,74.0,0.0,0.0,0,25.6,78,0,18,6,normal
2025-02-02 19:00:00,25.1,75.0,0.0,0.0,0,25.7,81,0,19,6,normal
2025-02-02 20:00:00,24.8,74.0,0.0,0.0,0,24.6,71,0,20,6,normal
2025-02-02 21:00:00,24.5,76.0,0.0,0.0,1,25.8,68,0,21,6,normal
2025-02-02 22:00:00,24.4,76.0,0.0,0.0,21,26.1,70,1,22,6,normal
2025-02-02 23:00:00,24.2,76.0,0.0,0.0,0,26.0,69,0,23,6,normal
2025-02-03 00:00:00,24.0,79.0,0.0,0.0,1,25.1,66,0,0,0,normal
2025-02-03 01:00:00,23.8,80.0,0.0,0.0,0,24.1,64,0,1,0,normal
2025-02-03 02:00:00,23.6,80.0,0.0,0.0,1,23.5,68,0,2,0,normal
2025-02-03 03:00:00,23.4,80.0,0.0,0.0,1,24.2,66,0,3,0,normal
2025-02-03 04:00:00,22.6,81.0,0.0,0.0,56,21.8,59,2,4,0,normal
2025-02-03 05:00:00,22.5,82.0,0.0,0.0,25,21.5,60,1,5,0,normal
2025-02-03 06:00:00,22.5,83.0,0.0,0.0,7,20.3,55,0,6,0,normal
2025-02-03 07:00:00,23.0,81.0,0.0,0.0,9,20.1,47,0,7,0,normal
2025-02-03 08:00:00,24.7,71.0,0.0,0.0,14,23.5,52,0,8,0,normal
2025-02-03 09:00:00,26.6,61.0,0.0,0.0,23,29.4,60,1,9,0,normal
2025-02-03 10:00:00,28.5,52.0,0.0,0.0,10,27.9,62,0,10,0,normal
2025-02-03 11:00:00,29.8,48.0,0.0,0.0,2,26.4,64,0,11,0,normal
2025-02-03 12:00:00,31.3,42.0,0.0,0.0,1,25.9,65,0,12,0,normal
2025-02-03 13:00:00,31.6,44.0,0.0,0.0,2,26.1,77,0,13,0,normal
2025-02-03 14:00:00,29.6,53.0,0.0,0.0,0,30.8,89,0,14,0,normal
2025-02-03 15:00:00,27.9,57.0,0.0,0.0,0,33.4,86,0,15,0,normal
2025-02-03 16:00:00,27.3,61.0,0.0,0.0,0,31.7,84,0,16,0,normal
2025-02-03 17:00:00,26.9,63.0,0.0,0.0,0,29.1,82,0,17,0,normal
2025-02-03 18:00:00,24.6,78.0,0.0,0.0,0,25.7,78,0,18,0,normal
2025-02-03 19:00:00,24.8,78.0,0.0,0.0,0,26.4,79,0,19,0,normal
2025-02-03 20:00:00,24.3,78.0,0.0,0.0,0,25.8,68,0,20,0,normal
2025-02-03 21:00:00,24.1,78.0,0.0,0.0,1,26.0,71,0,21,0,normal
2025-02-03 22:00:00,24.1,80.0,0.0,0.0,6,26.6,71,0,22,0,normal
2025-02-03 23:00:00,24.0,81.0,0.0,0.0,93,27.7,67,3,23,0,cloudy
2025-02-04 00:00:00,23.9,80.0,0.0,0.0,67,26.8,64,2,0,1,normal
2025-02-04 01:00:00,23.6,80.0,0.0,0.0,62,24.8,61,2,1,1,normal
2025-02-04 02:00:00,23.3,82.0,0.0,0.0,54,22.2,62,2,2,1,normal
2025-02-04 03:00:00,23.1,83.0,0.0,0.0,83,21.2,61,3,3,1,cloudy
2025-02-04 04:00:00,22.8,82.0,0.0,0.0,3,20.3,60,0,4,1,normal
2025-02-04 05:00:00,22.6,82.0,0.0,0.0,3,19.0,57,0,5,1,normal
2025-02-04 06:00:00,22.4,81.0,0.0,0.0,16,18.3,51,0,6,1,normal
2025-02-04 07:00:00,23.3,76.0,0.0,0.0,59,18.2,46,2,7,1,normal
2025-02-04 08:00:00,25.4,67.0,0.0,0.0,68,19.8,48,2,8,1,normal
2025-02-04 09:00:00,27.5,58.0,0.0,0.0,49,24.8,56,1,9,1,normal
2025-02-04 10:00:00,29.4,50.0,0.0,0.0,85,28.3,62,3,10,1,cloudy
2025-02-04 11:00:00,30.9,44.0,0.0,0.0,43,27.9,67,1,11,1,normal
2025-02-04 12:00:00,30.9,47.0,0.0,0.0,38,26.6,79,1,12,1,normal
2025-02-04 13:00:00,29.7,57.0,0.0,0.0,67,26.8,89,2,13,1,normal
2025-02-04 14:00:00,29.6,57.0,0.0,0.0,3,27.8,85,0,14,1,normal
2025-02-04 15:00:00,29.5,57.0,0.0,0.0,18,28.1,89,0,15,1,normal
2025-02-04 16:00:00,28.3,60.0,0.0,0.0,7,26.0,87,0,16,1,normal
2025-02-04 17:00:00,27.1,68.0,0.0,0.0,3,25.2,84,0,17,1,normal
2025-02-04 18:00:00,25.2,80.0,0.0,0.0,3,21.5,79,0,18,1,normal
2025-02-04 19:00:00,24.8,81.0,0.0,0.0,0,20.9,71,0,19,1,normal
2025-02-04 20:00:00,24.6,80.0,0.0,0.0,0,22.2,67,0,20,1,normal
2025-02-04 21:00:00,24.4,81.0,0.0,0.0,0,23.1,68,0,21,1,normal
2025-02-04 22:00:00,24.2,82.0,0.0,0.0,22,22.7,71,1,22,1,normal
2025-02-04 23:00:00,23.9,84.0,0.0,0.0,81,22.3,71,3,23,1,cloudy
2025-02-05 00:00:00,23.6,87.0,0.0,0.0,82,22.3,71,3,0,2,cloudy
2025-02-05 01:00:00,23.5,89.0,0.0,0.0,84,22.2,69,3,1,2,cloudy
2025-02-05 02:00:00,23.5,88.0,0.0,0.0,89,21.9,67,3,2,2,cloudy
2025-02-05 03:00:00,23.4,88.0,0.0,0.0,85,20.2,64,3,3,2,cloudy
2025-02-05 04:00:00,23.2,88.0,0.0,0.0,72,19.0,59,2,4,2,normal
2025-02-05 05:00:00,22.9,87.0,0.0,0.0,76,18.1,57,2,5,2,cloudy
2025-02-05 06:00:00,22.8,86.0,0.0,0.0,68,18.3,54,2,6,2,normal
2025-02-05 07:00:00,23.6,79.0,0.0,0.0,84,19.7,53,3,7,2,cloudy
2025-02-05 08:00:00,25.7,69.0,0.0,0.0,81,18.2,55,3,8,2,cloudy
2025-02-05 09:00:00,27.8,60.0,0.0,0.0,96,20.3,59,3,9,2,cloudy
2025-02-05 10:00:00,29.7,53.0,0.0,0.0,89,22.0,63,3,10,2,cloudy
2025-02-05 11:00:00,31.1,48.0,0.0,0.0,97,23.6,71,3,11,2,cloudy
2025-02-05 12:00:00,31.6,47.0,0.0,0.0,88,24.0,81,3,12,2,cloudy
2025-02-05 13:00:00,30.9,55.0,0.0,0.0,92,27.0,89,3,13,2,cloudy
2025-02-05 14:00:00,29.4,58.0,0.0,0.0,92,30.2,91,3,14,2,cloudy
2025-02-05 15:00:00,29.4,58.0,0.0,0.0,97,30.3,88,3,15,2,cloudy
2025-02-05 16:00:00,27.6,66.0,0.0,0.0,92,28.6,89,3,16,2,cloudy
2025-02-05 17:00:00,26.8,73.0,0.0,0.0,70,26.5,87,2,17,2,normal
2025-02-05 18:00:00,25.0,80.0,0.0,0.0,84,24.3,87,3,18,2,cloudy
2025-02-05 19:00:00,24.9,85.0,0.0,0.0,93,23.3,86,3,19,2,cloudy
2025-02-05 20:00:00,24.5,87.0,0.0,0.0,92,22.2,79,3,20,2,cloudy
2025-02-05 21:00:00,24.5,87.0,0.0,0.0,98,23.3,79,3,21,2,cloudy
2025-02-05 22:00:00,24.3,88.0,0.0,0.0,100,22.9,77,3,22,2,cloudy
2025-02-05 23:00:00,24.2,89.0,0.0,0.0,99,24.0,74,3,23,2,cloudy
2025-02-06 00:00:00,24.0,89.0,0.0,0.0,91,23.7,71,3,0,3,cloudy
2025-02-06 01:00:00,23.9,89.0,0.0,0.0,84,23.4,74,3,1,3,cloudy
2025-02-06 02:00:00,23.8,90.0,0.0,0.0,12,23.5,77,0,2,3,normal
2025-02-06 03:00:00,23.8,90.0,0.0,0.0,26,22.9,73,1,3,3,normal
2025-02-06 04:00:00,23.7,89.0,0.0,0.0,75,23.3,75,2,4,3,cloudy
2025-02-06 05:00:00,23.8,88.0,0.0,0.0,94,23.1,76,3,5,3,cloudy
2025-02-06 06:00:00,23.7,87.0,0.0,0.0,84,21.3,73,3,6,3,cloudy
2025-02-06 07:00:00,24.2,85.0,0.0,0.0,55,21.0,68,2,7,3,normal
2025-02-06 08:00:00,25.8,75.0,0.0,0.0,34,24.6,69,1,8,3,normal
2025-02-06 09:00:00,27.7,64.0,0.0,0.0,30,24.4,68,1,9,3,normal
2025-02-06 10:00:00,29.2,56.0,0.0,0.0,27,23.5,71,1,10,3,normal
2025-02-06 11:00:00,30.2,54.0,0.0,0.0,9,23.2,78,0,11,3,normal
2025-02-06 12:00:00,30.5,55.0,0.0,0.0,13,24.8,83,0,12,3,normal
2025-02-06 13:00:00,29.8,59.0,0.0,0.0,3,26.8,90,0,13,3,normal
2025-02-06 14:00:00,29.2,59.0,0.0,0.0,0,27.9,89,0,14,3,normal
2025-02-06 15:00:00,28.8,61.0,0.0,0.0,1,28.6,89,0,15,3,normal
2025-02-06 16:00:00,27.1,68.0,0.0,0.0,3,28.4,90,0,16,3,normal
2025-02-06 17:00:00,26.5,73.0,0.0,0.0,3,27.6,92,0,17,3,normal
2025-02-06 18:00:00,25.3,81.0,0.0,0.0,26,25.5,85,1,18,3,normal
2025-02-06 19:00:00,24.4,87.0,0.0,0.0,54,23.9,83,2,19,3,normal
2025-02-06 20:00:00,24.5,85.0,0.0,0.0,57,24.5,87,2,20,3,normal
2025-02-06 21:00:00,24.5,87.0,0.0,0.0,32,23.0,89,1,21,3,normal
2025-02-06 22:00:00,24.4,87.0,0.0,0.0,42,22.5,87,1,22,3,normal
2025-02-06 23:00:00,24.2,88.0,0.0,0.0,72,22.0,85,2,23,3,normal
2025-02-07 00:00:00,24.3,87.0,0.0,0.0,80,20.4,80,3,0,4,cloudy
2025-02-07 01:00:00,24.3,87.0,0.0,0.0,97,19.3,81,3,1,4,cloudy
2025-02-07 02:00:00,24.3,86.0,0.0,0.0,85,17.6,82,3,2,4,cloudy
2025-02-07 03:00:00,24.0,88.0,0.0,0.0,94,17.1,78,3,3,4,cloudy
2025-02-07 04:00:00,23.9,88.0,0.0,0.0,31,15.8,76,1,4,4,normal
2025-02-07 05:00:00,23.8,89.0,0.0,0.0,18,14.8,72,0,5,4,normal
2025-02-07 06:00:00,23.7,89.0,0.0,0.0,22,14.7,68,1,6,4,normal
2025-02-07 07:00:00,24.3,86.0,0.0,0.0,38,15.5,68,1,7,4,normal
2025-02-07 08:00:00,26.0,76.0,0.0,0.0,35,19.5,73,1,8,4,normal
2025-02-07 09:00:00,27.6,66.0,0.0,0.0,50,20.4,78,2,9,4,normal
2025-02-07 10:00:00,28.8,60.0,0.0,0.0,50,20.2,81,2,10,4,normal
2025-02-07 11:00:00,29.5,58.0,0.0,0.0,80,20.0,87,3,11,4,cloudy
2025-02-07 12:00:00,30.0,57.0,0.0,0.0,91,20.9,91,3,12,4,cloudy
2025-02-07 13:00:00,29.8,60.0,0.0,0.0,80,22.0,95,3,13,4,cloudy
2025-02-07 14:00:00,29.3,61.0,0.0,0.0,60,23.2,98,2,14,4,normal
2025-02-07 15:00:00,28.5,65.0,0.0,0.0,1,24.2,98,0,15,4,normal
2025-02-07 16:00:00,27.8,68.0,0.0,0.0,0,22.2,98,0,16,4,normal
2025-02-07 17:00:00,26.9,73.0,0.0,0.0,0,22.2,95,0,17,4,normal
2025-02-07 18:00:00,25.3,82.0,0.0,0.0,2,21.3,88,0,18,4,normal
2025-02-07 19:00:00,24.9,86.0,0.0,0.0,11,22.5,89,0,19,4,normal
2025-02-07 20:00:00,24.8,86.0,0.0,0.0,24,22.9,85,1,20,4,normal
2025-02-07 21:00:00,24.7,86.0,0.0,0.0,70,22.7,86,2,21,4,normal
2025-02-07 22:00:00,24.8,84.0,0.0,0.0,85,22.5,88,3,22,4,cloudy
2025-02-07 23:00:00,24.7,85.0,0.0,0.0,92,21.4,91,3,23,4,cloudy
2025-02-08 00:00:00,24.5,88.0,0.0,0.0,92,20.2,92,3,0,5,cloudy
2025-02-08 01:00:00,24.4,88.0,0.0,0.0,95,18.2,91,3,1,5,cloudy
2025-02-08 02:00:00,24.4,88.0,0.0,0.0,97,16.4,87,3,2,5,cloudy
2025-02-08 03:00:00,24.2,88.0,0.0,0.0,87,14.5,84,3,3,5,cloudy
2025-02-08 04:00:00,23.8,93.0,0.0,0.0,72,11.4,74,2,4,5,normal
2025-02-08 05:00:00,23.5,96.0,0.1,0.1,47,10.6,66,51,5,5,rain
2025-02-08 06:00:00,23.4,96.0,0.0,0.0,21,11.0,65,1,6,5,normal
2025-02-08 07:00:00,24.2,91.0,0.0,0.0,25,12.1,67,1,7,5,normal
2025-02-08 08:00:00,26.0,78.0,0.0,0.0,83,14.2,72,3,8,5,cloudy
2025-02-08 09:00:00,27.9,66.0,0.0,0.0,94,14.5,79,3,9,5,cloudy
2025-02-08 10:00:00,29.4,59.0,0.0,0.0,100,14.5,83,3,10,5,cloudy
2025-02-08 11:00:00,30.5,56.0,0.0,0.0,50,14.6,89,2,11,5,normal
2025-02-08 12:00:00,29.5,64.0,0.0,0.0,9,19.1,104,0,12,5,normal
2025-02-08 13:00:00,29.4,62.0,0.0,0.0,15,19.1,104,0,13,5,normal
2025-02-08 14:00:00,29.5,63.0,0.0,0.0,20,19.4,105,1,14,5,normal
2025-02-08 15:00:00,28.4,68.0,0.0,0.0,12,22.5,112,0,15,5,normal
2025-02-08 16:00:00,27.0,71.0,0.0,0.0,9,18.8,104,0,16,5,normal
2025-02-08 17:00:00,26.9,73.0,0.0,0.0,50,20.5,119,2,17,5,normal
2025-02-08 18:00:00,25.0,82.0,0.0,0.0,5,17.6,98,0,18,5,normal
2025-02-08 19:00:00,24.8,84.0,0.0,0.0,69,19.2,107,2,19,5,normal
2025-02-08 20:00:00,24.5,83.0,0.0,0.0,84,18.3,100,3,20,5,cloudy
2025-02-08 21:00:00,24.5,83.0,0.0,0.0,78,17.4,107,2,21,5,cloudy
2025-02-08 22:00:00,24.4,84.0,0.0,0.0,67,17.7,107,2,22,5,normal
2025-02-08 23:00:00,24.3,84.0,0.0,0.0,85,17.7,105,3,23,5,cloudy
2025-02-09 00:00:00,24.3,83.0,0.0,0.0,83,17.1,107,3,0,6,cloudy
2025-02-09 01:00:00,24.3,83.0,0.0,0.0,70,14.9,101,2,1,6,normal
2025-02-09 02:00:00,24.1,84.0,0.0,0.0,77,13.3,99,2,2,6,cloudy
2025-02-09 03:00:00,24.2,84.0,0.0,0.0,81,12.9,98,3,3,6,cloudy
2025-02-09 04:00:00,24.1,86.0,0.0,0.0,45,10.8,89,1,4,6,normal
2025-02-09 05:00:00,24.0,86.0,0.0,0.0,55,9.5,80,2,5,6,normal
2025-02-09 06:00:00,23.7,88.0,0.0,0.0,46,7.6,71,1,6,6,normal
2025-02-09 07:00:00,24.4,85.0,0.0,0.0,32,9.8,73,1,7,6,normal
2025-02-09 08:00:00,26.2,74.0,0.0,0.0,26,12.0,82,1,8,6,normal
2025-02-09 09:00:00,27.9,65.0,0.0,0.0,51,12.6,87,2,9,6,normal
2025-02-09 10:00:00,29.0,61.0,0.0,0.0,14,13.9,94,0,10,6,normal
2025-02-09 11:00:00,29.5,60.0,0.0,0.0,10,15.9,100,0,11,6,normal
2025-02-09 12:00:00,29.7,58.0,0.0,0.0,2,18.1,100,0,12,6,normal
2025-02-09 13:00:00,29.7,56.0,0.0,0.0,0,20.0,99,0,13,6,normal
2025-02-09 14:00:00,29.3,57.0,0.0,0.0,15,21.0,99,0,14,6,normal
2025-02-09 15:00:00,28.3,61.0,0.0,0.0,54,21.4,101,2,15,6,normal
2025-02-09 16:00:00,27.2,69.0,0.0,0.0,22,20.5,103,1,16,6,normal
2025-02-09 17:00:00,26.5,75.0,0.0,0.0,43,20.9,110,1,17,6,normal
2025-02-09 18:00:00,25.2,81.0,0.0,0.0,35,20.7,105,1,18,6,normal
2025-02-09 19:00:00,24.8,81.0,0.0,0.0,53,19.9,107,2,19,6,normal
2025-02-09 20:00:00,24.8,83.0,0.0,0.0,47,20.3,110,1,20,6,normal
2025-02-09 21:00:00,24.7,82.0,0.0,0.0,44,19.9,106,1,21,6,normal
2025-02-09 22:00:00,24.7,82.0,0.0,0.0,45,17.5,107,1,22,6,normal
2025-02-09 23:00:00,24.7,82.0,0.0,0.0,64,16.7,109,2,23,6,normal
2025-02-10 00:00:00,24.5,83.0,0.0,0.0,60,17.6,106,2,0,0,normal
2025-02-10 01:00:00,24.3,84.0,0.0,0.0,49,17.6,101,1,1,0,normal
2025-02-10 02:00:00,23.9,87.0,0.0,0.0,37,16.9,93,1,2,0,normal
2025-02-10 03:00:00,23.9,88.0,0.0,0.0,27,15.7,86,1,3,0,normal
2025-02-10 04:00:00,24.1,84.0,0.0,0.0,47,13.0,86,1,4,0,normal
2025-02-10 05:00:00,23.8,87.0,0.0,0.0,29,12.0,81,1,5,0,normal
2025-02-10 06:00:00,23.7,88.0,0.0,0.0,23,11.1,81,1,6,0,normal
2025-02-10 07:00:00,24.4,84.0,0.0,0.0,33,13.7,77,1,7,0,normal
2025-02-10 08:00:00,26.0,73.0,0.0,0.0,50,17.3,76,2,8,0,normal
2025-02-10 09:00:00,27.8,63.0,0.0,0.0,100,19.0,75,3,9,0,cloudy
2025-02-10 10:00:00,29.5,54.0,0.0,0.0,61,18.8,78,2,10,0,normal
2025-02-10 11:00:00,30.5,52.0,0.0,0.0,68,20.2,85,2,11,0,normal
2025-02-10 12:00:00,30.1,58.0,0.0,0.0,7,22.9,94,0,12,0,normal
2025-02-10 13:00:00,29.0,61.0,0.0,0.0,7,23.6,98,0,13,0,normal
2025-02-10 14:00:00,30.0,57.0,0.0,0.0,1,24.9,92,0,14,0,normal
2025-02-10 15:00:00,28.9,62.0,0.0,0.0,0,26.3,97,0,15,0,normal
2025-02-10 16:00:00,28.1,66.0,0.0,0.0,0,26.0,94,0,16,0,normal
2025-02-10 17:00:00,27.1,71.0,0.0,0.0,0,26.4,85,0,17,0,normal
2025-02-10 18:00:00,26.1,80.0,0.0,0.0,1,23.8,87,0,18,0,normal
2025-02-10 19:00:00,25.4,85.0,0.0,0.0,25,21.9,81,1,19,0,normal
2025-02-10 20:00:00,25.1,88.0,0.0,0.0,0,23.4,77,0,20,0,normal
2025-02-10 21:00:00,25.1,86.0,0.0,0.0,0,23.7,81,0,21,0,normal
2025-02-10 22:00:00,25.0,86.0,0.0,0.0,1,24.1,81,0,22,0,normal
2025-02-10 23:00:00,24.8,90.0,0.0,0.0,17,25.1,78,0,23,0,normal
2025-02-11 00:00:00,24.9,89.0,0.0,0.0,27,24.8,76,1,0,1,normal
2025-02-11 01:00:00,24.9,89.0,0.0,0.0,31,24.2,72,1,1,1,normal
2025-02-11 02:00:00,24.7,90.0,0.0,0.0,80,21.9,66,3,2,1,cloudy
2025-02-11 03:00:00,24.6,91.0,0.0,0.0,94,20.6,59,3,3,1,cloudy
2025-02-11 04:00:00,24.6,91.0,0.0,0.0,59,19.1,58,2,4,1,normal
2025-02-11 05:00:00,24.5,90.0,0.0,0.0,88,18.3,56,3,5,1,cloudy
2025-02-11 06:00:00,24.6,88.0,0.0,0.0,99,17.6,55,3,6,1,cloudy
2025-02-11 07:00:00,25.2,85.0,0.0,0.0,85,16.3,55,3,7,1,cloudy
2025-02-11 08:00:00,26.8,76.0,0.0,0.0,59,25.0,60,2,8,1,normal
2025-02-11 09:00:00,28.5,69.0,0.1,0.1,36,23.6,69,51,9,1,rain
2025-02-11 10:00:00,29.9,63.0,0.0,0.0,25,24.9,74,1,10,1,normal
2025-02-11 11:00:00,30.9,60.0,0.0,0.0,14,26.8,78,0,11,1,normal
2025-02-11 12:00:00,30.7,59.0,0.4,0.4,53,27.9,81,51,12,1,rain
2025-02-11 13:00:00,29.9,64.0,1.3,1.3,98,27.7,84,61,13,1,rain
2025-02-11 14:00:00,29.3,67.0,0.8,0.8,98,28.6,81,53,14,1,rain
2025-02-11 15:00:00,29.3,67.0,0.5,0.5,93,29.0,84,53,15,1,rain
2025-02-11 16:00:00,28.0,73.0,0.1,0.1,45,25.0,83,51,16,1,rain
2025-02-11 17:00:00,27.3,77.0,0.1,0.1,44,25.2,81,51,17,1,rain
2025-02-11 18:00:00,26.3,81.0,0.0,0.0,46,24.4,79,1,18,1,normal
2025-02-11 19:00:00,25.8,84.0,0.0,0.0,30,22.7,79,1,19,1,normal
2025-02-11 20:00:00,25.7,84.0,0.0,0.0,45,22.6,74,1,20,1,normal
2025-02-11 21:00:00,25.4,87.0,0.0,0.0,27,22.9,73,1,21,1,normal
2025-02-11 22:00:00,25.2,89.0,0.0,0.0,60,21.0,72,2,22,1,normal
2025-02-11 23:00:00,25.1,89.0,0.0,0.0,51,19.4,69,2,23,1,normal
2025-02-12 00:00:00,25.0,90.0,0.1,0.1,81,18.3,65,51,0,2,rain
2025-02-12 01:00:00,24.8,90.0,0.1,0.1,21,17.2,61,51,1,2,rain
2025-02-12 02:00:00,24.4,92.0,0.1,0.1,91,18.2,57,51,2,2,rain
2025-02-12 03:00:00,24.2,92.0,0.2,0.2,91,17.0,54,51,3,2,rain
2025-02-12 04:00:00,24.3,91.0,0.1,0.1,92,16.5,57,51,4,2,rain
2025-02-12 05:00:00,24.1,91.0,0.1,0.1,84,17.0,53,51,5,2,rain
2025-02-12 06:00:00,24.2,88.0,0.0,0.0,92,16.4,50,3,6,2,cloudy
2025-02-12 07:00:00,24.7,84.0,0.0,0.0,88,15.2,49,3,7,2,cloudy
2025-02-12 08:00:00,26.3,74.0,0.0,0.0,76,18.8,53,2,8,2,cloudy
2025-02-12 09:00:00,28.3,62.0,0.0,0.0,76,24.8,63,2,9,2,cloudy
2025-02-12 10:00:00,29.7,57.0,0.0,0.0,73,24.6,69,2,10,2,normal
2025-02-12 11:00:00,30.5,54.0,0.0,0.0,62,24.1,75,2,11,2,normal
2025-02-12 12:00:00,30.8,52.0,0.0,0.0,33,24.5,83,1,12,2,normal
2025-02-12 13:00:00,30.9,54.0,0.0,0.0,56,25.4,86,2,13,2,normal
2025-02-12 14:00:00,30.5,54.0,0.0,0.0,98,26.5,87,3,14,2,cloudy
2025-02-12 15:00:00,30.2,55.0,0.0,0.0,97,26.3,87,3,15,2,cloudy
2025-02-12 16:00:00,28.9,61.0,0.0,0.0,96,25.4,90,3,16,2,cloudy
2025-02-12 17:00:00,27.5,69.0,0.0,0.0,98,23.8,89,3,17,2,cloudy
2025-02-12 18:00:00,26.0,77.0,0.0,0.0,90,21.2,84,3,18,2,cloudy
2025-02-12 19:00:00,25.4,80.0,0.0,0.0,99,20.6,76,3,19,2,cloudy
2025-02-12 20:00:00,25.3,79.0,0.0,0.0,100,21.3,75,3,20,2,cloudy
2025-02-12 21:00:00,25.0,80.0,0.0,0.0,99,20.3,71,3,21,2,cloudy
2025-02-12 22:00:00,24.6,83.0,0.0,0.0,95,20.0,71,3,22,2,cloudy
2025-02-12 23:00:00,24.4,83.0,0.0,0.0,98,20.2,74,3,23,2,cloudy
2025-02-13 00:00:00,24.0,89.0,0.0,0.0,96,19.9,75,3,0,3,cloudy
2025-02-13 01:00:00,23.9,90.0,0.0,0.0,96,19.2,73,3,1,3,cloudy
2025-02-13 02:00:00,23.8,90.0,0.0,0.0,97,19.1,69,3,2,3,cloudy
2025-02-13 03:00:00,23.8,89.0,0.0,0.0,96,18.0,63,3,3,3,cloudy
2025-02-13 04:00:00,23.7,88.0,0.0,0.0,98,15.9,62,3,4,3,cloudy
2025-02-13 05:00:00,23.4,89.0,0.0,0.0,96,14.6,56,3,5,3,cloudy
2025-02-13 06:00:00,23.1,91.0,0.0,0.0,95,13.6,54,3,6,3,cloudy
2025-02-13 07:00:00,23.9,86.0,0.0,0.0,97,15.7,60,3,7,3,cloudy
2025-02-13 08:00:00,25.8,76.0,0.0,0.0,50,20.3,70,2,8,3,normal
2025-02-13 09:00:00,27.5,66.0,0.0,0.0,15,20.9,75,0,9,3,normal
2025-02-13 10:00:00,28.8,59.0,0.0,0.0,5,22.0,80,0,10,3,normal
2025-02-13 11:00:00,29.8,55.0,0.0,0.0,4,22.9,83,0,11,3,normal
2025-02-13 12:00:00,30.5,52.0,0.0,0.0,10,23.1,85,0,12,3,normal
2025-02-13 13:00:00,30.9,50.0,0.0,0.0,10,23.1,86,0,13,3,normal
2025-02-13 14:00:00,30.7,51.0,0.0,0.0,26,23.4,89,1,14,3,normal
2025-02-13 15:00:00,30.0,54.0,0.0,0.0,29,23.8,90,1,15,3,normal
2025-02-13 16:00:00,28.5,62.0,0.0,0.0,42,22.0,92,1,16,3,normal
2025-02-13 17:00:00,27.1,71.0,0.0,0.0,15,20.9,91,0,17,3,normal
2025-02-13 18:00:00,25.5,81.0,0.0,0.0,13,19.6,89,0,18,3,normal
2025-02-13 19:00:00,24.9,86.0,0.0,0.0,21,18.3,84,1,19,3,normal
2025-02-13 20:00:00,24.6,87.0,0.0,0.0,26,17.4,83,1,20,3,normal
2025-02-13 21:00:00,24.4,89.0,0.0,0.0,5,16.9,82,0,21,3,normal
2025-02-13 22:00:00,24.2,90.0,0.0,0.0,86,17.4,83,3,22,3,cloudy
2025-02-13 23:00:00,24.1,89.0,0.0,0.0,99,17.7,80,3,23,3,cloudy
2025-02-14 00:00:00,24.0,90.0,0.0,0.0,74,17.6,79,2,0,4,normal
2025-02-14 01:00:00,23.9,90.0,0.0,0.0,54,17.3,79,2,1,4,normal
2025-02-14 02:00:00,23.7,90.0,0.0,0.0,92,17.0,75,3,2,4,cloudy
2025-02-14 03:00:00,23.6,91.0,0.0,0.0,92,16.1,66,3,3,4,cloudy
2025-02-14 04:00:00,23.3,90.0,0.0,0.0,96,14.2,51,3,4,4,cloudy
2025-02-14 05:00:00,23.2,91.0,0.0,0.0,95,13.9,54,3,5,4,cloudy
2025-02-14 06:00:00,23.0,92.0,0.0,0.0,95,13.8,57,3,6,4,cloudy
2025-02-14 07:00:00,24.0,86.0,0.0,0.0,90,15.7,60,3,7,4,cloudy
2025-02-14 08:00:00,26.0,74.0,0.0,0.0,38,20.5,66,1,8,4,normal
2025-02-14 09:00:00,27.8,64.0,0.0,0.0,26,19.6,71,1,9,4,normal
2025-02-14 10:00:00,29.1,59.0,0.0,0.0,13,19.5,78,0,10,4,normal
2025-02-14 11:00:00,30.2,55.0,0.0,0.0,6,20.3,83,0,11,4,normal
2025-02-14 12:00:00,30.3,56.0,0.0,0.0,2,21.4,90,0,12,4,normal
2025-02-14 13:00:00,30.0,58.0,0.0,0.0,3,23.0,91,0,13,4,normal
2025-02-14 14:00:00,29.4,59.0,0.0,0.0,11,24.1,92,0,14,4,normal
2025-02-14 15:00:00,28.9,61.0,0.0,0.0,9,24.7,94,0,15,4,normal
2025-02-14 16:00:00,27.9,66.0,0.0,0.0,0,25.2,92,0,16,4,normal
2025-02-14 17:00:00,26.8,69.0,0.0,0.0,1,24.1,87,0,17,4,normal
2025-02-14 18:00:00,26.1,76.0,0.0,0.0,2,23.0,91,0,18,4,normal
2025-02-14 19:00:00,25.3,81.0,0.0,0.0,0,20.0,81,0,19,4,normal
2025-02-14 20:00:00,25.1,80.0,0.0,0.0,87,22.2,82,3,20,4,cloudy
2025-02-14 21:00:00,24.9,84.0,0.0,0.0,95,21.5,80,3,21,4,cloudy
2025-02-14 22:00:00,24.8,84.0,0.0,0.0,97,22.3,79,3,22,4,cloudy
2025-02-14 23:00:00,24.7,85.0,0.0,0.0,100,22.7,77,3,23,4,cloudy
2025-02-15 00:00:00,24.5,87.0,0.0,0.0,100,21.0,75,3,0,5,cloudy
2025-02-15 01:00:00,24.5,86.0,0.0,0.0,99,20.2,74,3,1,5,cloudy
2025-02-15 02:00:00,24.3,85.0,0.0,0.0,93,19.0,70,3,2,5,cloudy
2025-02-15 03:00:00,24.1,87.0,0.0,0.0,96,17.6,65,3,3,5,cloudy
2025-02-15 04:00:00,24.6,84.0,0.0,0.0,100,17.1,73,3,4,5,cloudy
2025-02-15 05:00:00,24.4,84.0,0.0,0.0,100,15.9,68,3,5,5,cloudy
2025-02-15 06:00:00,24.2,86.0,0.0,0.0,100,14.7,59,3,6,5,cloudy
2025-02-15 07:00:00,24.7,84.0,0.0,0.0,99,15.0,60,3,7,5,cloudy
2025-02-15 08:00:00,26.1,76.0,0.0,0.0,99,19.5,70,3,8,5,cloudy
2025-02-15 09:00:00,27.6,67.0,0.0,0.0,63,19.8,76,2,9,5,normal
2025-02-15 10:00:00,29.1,59.0,0.0,0.0,23,21.0,80,1,10,5,normal
2025-02-15 11:00:00,30.0,54.0,0.0,0.0,22,21.0,81,1,11,5,normal
2025-02-15 12:00:00,30.5,54.0,0.0,0.0,5,21.0,85,0,12,5,normal
2025-02-15 13:00:00,30.5,55.0,0.0,0.0,2,22.0,87,0,13,5,normal
2025-02-15 14:00:00,29.8,59.0,0.0,0.0,0,22.5,92,0,14,5,normal
2025-02-15 15:00:00,29.0,60.0,0.0,0.0,0,24.0,94,0,15,5,normal
2025-02-15 16:00:00,28.4,62.0,0.0,0.0,1,24.4,95,0,16,5,normal
2025-02-15 17:00:00,26.9,74.0,0.0,0.0,1,25.3,95,0,17,5,normal
2025-02-15 18:00:00,25.4,81.0,0.0,0.0,0,22.6,85,0,18,5,normal
2025-02-15 19:00:00,25.0,84.0,0.0,0.0,0,22.4,87,0,19,5,normal
2025-02-15 20:00:00,24.8,87.0,0.0,0.0,31,20.3,84,1,20,5,normal
2025-02-15 21:00:00,24.6,87.0,0.0,0.0,88,20.7,83,3,21,5,cloudy
2025-02-15 22:00:00,24.4,88.0,0.0,0.0,58,21.2,85,2,22,5,normal
2025-02-15 23:00:00,24.4,88.0,0.0,0.0,78,20.4,85,2,23,5,cloudy
2025-02-16 00:00:00,24.4,85.0,0.0,0.0,91,19.6,87,3,0,6,cloudy
2025-02-16 01:00:00,24.3,86.0,0.0,0.0,80,19.3,91,3,1,6,cloudy
2025-02-16 02:00:00,24.2,85.0,0.0,0.0,80,19.3,89,3,2,6,cloudy
2025-02-16 03:00:00,24.0,86.0,0.0,0.0,89,18.6,84,3,3,6,cloudy
2025-02-16 04:00:00,24.2,81.0,0.0,0.0,96,17.3,82,3,4,6,cloudy
2025-02-16 05:00:00,24.2,81.0,0.0,0.0,98,16.5,77,3,5,6,cloudy
2025-02-16 06:00:00,23.9,83.0,0.0,0.0,100,15.3,69,3,6,6,cloudy
2025-02-16 07:00:00,24.4,81.0,0.0,0.0,100,15.7,65,3,7,6,cloudy
2025-02-16 08:00:00,25.9,72.0,0.0,0.0,100,18.4,70,3,8,6,cloudy
2025-02-16 09:00:00,27.2,64.0,0.0,0.0,40,18.8,75,1,9,6,normal
2025-02-16 10:00:00,28.5,58.0,0.0,0.0,8,19.8,79,0,10,6,normal
2025-02-16 11:00:00,29.3,56.0,0.0,0.0,82,21.2,83,3,11,6,cloudy
2025-02-16 12:00:00,29.7,55.0,0.0,0.0,76,22.4,85,2,12,6,cloudy
2025-02-16 13:00:00,29.7,54.0,0.0,0.0,98,23.8,87,3,13,6,cloudy
2025-02-16 14:00:00,29.4,56.0,0.0,0.0,89,25.0,88,3,14,6,cloudy
2025-02-16 15:00:00,28.8,58.0,0.0,0.0,67,25.8,88,2,15,6,normal
2025-02-16 16:00:00,28.1,63.0,0.0,0.0,51,25.6,88,2,16,6,normal
2025-02-16 17:00:00,26.9,69.0,0.0,0.0,30,25.7,89,1,17,6,normal
2025-02-16 18:00:00,25.7,77.0,0.0,0.0,90,24.3,88,3,18,6,cloudy
2025-02-16 19:00:00,25.1,80.0,0.0,0.0,69,24.6,85,2,19,6,normal
2025-02-16 20:00:00,24.9,80.0,0.0,0.0,99,26.7,85,3,20,6,cloudy
2025-02-16 21:00:00,24.9,81.0,0.0,0.0,98,26.3,89,3,21,6,cloudy
2025-02-16 22:00:00,24.7,82.0,0.0,0.0,96,25.6,88,3,22,6,cloudy
2025-02-16 23:00:00,24.7,81.0,0.0,0.0,99,25.1,85,3,23,6,cloudy
2025-02-17 00:00:00,24.5,81.0,0.0,0.0,99,24.2,82,3,0,0,cloudy
2025-02-17 01:00:00,24.4,81.0,0.0,0.0,100,23.7,81,3,1,0,cloudy
2025-02-17 02:00:00,24.2,82.0,0.0,0.0,100,22.3,80,3,2,0,cloudy
2025-02-17 03:00:00,24.0,81.0,0.0,0.0,97,20.5,77,3,3,0,cloudy
2025-02-17 04:00:00,24.1,78.0,0.0,0.0,21,18.0,70,1,4,0,normal
2025-02-17 05:00:00,23.9,79.0,0.0,0.0,13,16.9,68,0,5,0,normal
2025-02-17 06:00:00,23.7,79.0,0.0,0.0,20,15.6,61,1,6,0,normal
2025-02-17 07:00:00,24.3,75.0,0.0,0.0,5,16.5,57,0,7,0,normal
2025-02-17 08:00:00,26.2,64.0,0.0,0.0,8,18.8,62,0,8,0,normal
2025-02-17 09:00:00,27.8,56.0,0.0,0.0,7,19.2,70,0,9,0,normal
2025-02-17 10:00:00,29.1,50.0,0.0,0.0,3,20.2,78,0,10,0,normal
2025-02-17 11:00:00,29.9,48.0,0.0,0.0,2,21.5,85,0,11,0,normal
2025-02-17 12:00:00,30.0,49.0,0.0,0.0,2,23.0,89,0,12,0,normal
2025-02-17 13:00:00,30.0,50.0,0.0,0.0,0,23.4,92,0,13,0,normal
2025-02-17 14:00:00,29.5,52.0,0.0,0.0,0,24.0,93,0,14,0,normal
2025-02-17 15:00:00,29.0,52.0,0.0,0.0,0,24.0,93,0,15,0,normal
2025-02-17 16:00:00,28.2,56.0,0.0,0.0,0,23.4,93,0,16,0,normal
2025-02-17 17:00:00,27.1,65.0,0.0,0.0,0,23.1,92,0,17,0,normal
2025-02-17 18:00:00,25.7,73.0,0.0,0.0,0,21.8,88,0,18,0,normal
2025-02-17 19:00:00,25.1,77.0,0.0,0.0,0,21.4,88,0,19,0,normal
2025-02-17 20:00:00,24.8,78.0,0.0,0.0,1,22.5,88,0,20,0,normal
2025-02-17 21:00:00,24.8,78.0,0.0,0.0,0,22.9,88,0,21,0,normal
2025-02-17 22:00:00,24.8,77.0,0.0,0.0,0,22.2,86,0,22,0,normal
2025-02-17 23:00:00,24.7,78.0,0.0,0.0,1,22.9,87,0,23,0,normal
2025-02-18 00:00:00,24.6,79.0,0.0,0.0,0,22.2,86,0,0,1,normal
2025-02-18 01:00:00,24.4,81.0,0.0,0.0,2,21.9,85,0,1,1,normal
2025-02-18 02:00:00,24.2,83.0,0.0,0.0,1,20.5,82,0,2,1,normal
2025-02-18 03:00:00,24.0,84.0,0.0,0.0,9,19.0,75,0,3,1,normal
2025-02-18 04:00:00,24.3,81.0,0.0,0.0,11,18.1,74,0,4,1,normal
2025-02-18 05:00:00,24.0,84.0,0.0,0.0,6,16.6,68,0,5,1,normal
2025-02-18 06:00:00,23.7,86.0,0.0,0.0,5,15.9,61,0,6,1,normal
2025-02-18 07:00:00,24.4,82.0,0.0,0.0,4,17.4,57,0,7,1,normal
2025-02-18 08:00:00,26.4,70.0,0.0,0.0,0,19.0,59,0,8,1,normal
2025-02-18 09:00:00,28.3,60.0,0.0,0.0,0,19.2,62,0,9,1,normal
2025-02-18 10:00:00,30.0,52.0,0.0,0.0,0,19.0,70,0,10,1,normal
2025-02-18 11:00:00,31.3,46.0,0.0,0.0,3,19.3,78,0,11,1,normal
2025-02-18 12:00:00,31.7,47.0,0.0,0.0,1,21.4,89,0,12,1,normal
2025-02-18 13:00:00,30.7,53.0,0.0,0.0,0,24.5,97,0,13,1,normal
2025-02-18 14:00:00,30.1,52.0,0.0,0.0,0,25.5,95,0,14,1,normal
2025-02-18 15:00:00,29.2,57.0,0.0,0.0,0,26.1,96,0,15,1,normal
2025-02-18 16:00:00,28.4,62.0,0.0,0.0,0,24.4,94,0,16,1,normal
2025-02-18 17:00:00,27.4,67.0,0.0,0.0,0,23.6,91,0,17,1,normal
2025-02-18 18:00:00,25.7,77.0,0.0,0.0,32,22.7,89,1,18,1,normal
2025-02-18 19:00:00,25.4,81.0,0.0,0.0,79,22.7,86,2,19,1,cloudy
2025-02-18 20:00:00,25.0,82.0,0.0,0.0,33,22.4,82,1,20,1,normal
2025-02-18 21:00:00,24.8,83.0,0.0,0.0,43,23.2,81,1,21,1,normal
2025-02-18 22:00:00,24.7,85.0,0.0,0.0,57,22.9,82,2,22,1,normal
2025-02-18 23:00:00,24.4,87.0,0.0,0.0,59,21.5,78,2,23,1,normal
2025-02-19 00:00:00,24.3,87.0,0.0,0.0,63,20.7,75,2,0,2,normal
2025-02-19 01:00:00,24.2,87.0,0.0,0.0,70,20.2,71,2,1,2,normal
2025-02-19 02:00:00,24.2,87.0,0.0,0.0,94,19.7,69,3,2,2,cloudy
2025-02-19 03:00:00,24.0,88.0,0.0,0.0,96,18.9,69,3,3,2,cloudy
2025-02-19 04:00:00,24.0,88.0,0.0,0.0,65,17.5,71,2,4,2,normal
2025-02-19 05:00:00,24.0,89.0,0.0,0.0,82,17.4,72,3,5,2,cloudy
2025-02-19 06:00:00,23.9,89.0,0.0,0.0,53,16.5,66,2,6,2,normal
2025-02-19 07:00:00,24.8,83.0,0.0,0.0,44,16.4,61,1,7,2,normal
2025-02-19 08:00:00,26.3,73.0,0.0,0.0,27,19.8,64,1,8,2,normal
2025-02-19 09:00:00,27.9,64.0,0.0,0.0,20,20.8,71,1,9,2,normal
2025-02-19 10:00:00,29.6,55.0,0.0,0.0,24,20.7,75,1,10,2,normal
2025-02-19 11:00:00,30.4,51.0,0.0,0.0,21,21.4,82,1,11,2,normal
2025-02-19 12:00:00,30.8,51.0,0.0,0.0,41,22.0,87,1,12,2,normal
2025-02-19 13:00:00,30.4,54.0,0.0,0.0,3,23.1,94,0,13,2,normal
2025-02-19 14:00:00,29.9,53.0,0.0,0.0,1,23.3,94,0,14,2,normal
2025-02-19 15:00:00,29.3,55.0,0.0,0.0,3,23.7,95,0,15,2,normal
2025-02-19 16:00:00,28.4,59.0,0.0,0.0,7,22.5,97,0,16,2,normal
2025-02-19 17:00:00,27.5,64.0,0.0,0.0,0,22.7,90,0,17,2,normal
2025-02-19 18:00:00,26.2,74.0,0.0,0.0,0,20.9,89,0,18,2,normal
2025-02-19 19:00:00,25.2,80.0,0.0,0.0,15,20.5,83,0,19,2,normal
2025-02-19 20:00:00,25.3,80.0,0.0,0.0,82,20.6,84,3,20,2,cloudy
2025-02-19 21:00:00,24.9,82.0,0.0,0.0,86,20.0,76,3,21,2,cloudy
2025-02-19 22:00:00,24.6,85.0,0.0,0.0,85,19.3,78,3,22,2,cloudy
2025-02-19 23:00:00,24.5,86.0,0.0,0.0,77,18.7,76,2,23,2,cloudy
2025-02-20 00:00:00,24.2,88.0,0.0,0.0,72,19.0,73,2,0,3,normal
2025-02-20 01:00:00,24.0,89.0,0.0,0.0,94,20.4,68,3,1,3,cloudy
2025-02-20 02:00:00,23.8,89.0,0.0,0.0,93,20.0,69,3,2,3,cloudy
2025-02-20 03:00:00,23.9,89.0,0.0,0.0,86,20.3,73,3,3,3,cloudy
2025-02-20 04:00:00,23.9,88.0,0.0,0.0,86,18.4,76,3,4,3,cloudy
2025-02-20 05:00:00,23.9,88.0,0.0,0.0,34,18.3,77,1,5,3,normal
2025-02-20 06:00:00,23.8,87.0,0.0,0.0,34,18.1,79,1,6,3,normal
2025-02-20 07:00:00,24.7,82.0,0.0,0.0,29,19.3,78,1,7,3,normal
2025-02-20 08:00:00,26.4,72.0,0.0,0.0,27,21.5,76,1,8,3,normal
2025-02-20 09:00:00,27.8,66.0,0.0,0.0,31,21.3,75,1,9,3,normal
2025-02-20 10:00:00,29.0,60.0,0.0,0.0,6,21.4,78,0,10,3,normal
2025-02-20 11:00:00,30.1,56.0,0.0,0.0,8,22.5,83,0,11,3,normal
2025-02-20 12:00:00,30.3,56.0,0.0,0.0,3,24.0,87,0,12,3,normal
2025-02-20 13:00:00,30.1,57.0,0.0,0.0,1,24.8,90,0,13,3,normal
2025-02-20 14:00:00,29.9,58.0,0.0,0.0,0,25.0,90,0,14,3,normal
2025-02-20 15:00:00,29.2,60.0,0.0,0.0,0,25.4,91,0,15,3,normal
2025-02-20 16:00:00,28.4,64.0,0.0,0.0,0,24.8,90,0,16,3,normal
2025-02-20 17:00:00,27.5,69.0,0.0,0.0,0,24.3,88,0,17,3,normal
2025-02-20 18:00:00,25.9,79.0,0.0,0.0,0,23.2,83,0,18,3,normal
2025-02-20 19:00:00,25.7,83.0,0.0,0.0,0,23.9,84,0,19,3,normal
2025-02-20 20:00:00,25.1,87.0,0.0,0.0,6,24.3,78,0,20,3,normal
2025-02-20 21:00:00,24.9,87.0,0.0,0.0,7,24.6,76,0,21,3,normal
2025-02-20 22:00:00,24.7,87.0,0.0,0.0,8,23.8,77,0,22,3,normal
2025-02-20 23:00:00,24.5,89.0,0.0,0.0,15,24.1,76,0,23,3,normal
2025-02-21 00:00:00,24.3,89.0,0.0,0.0,27,23.4,76,1,0,4,normal
2025-02-21 01:00:00,24.3,87.0,0.0,0.0,39,21.6,69,1,1,4,normal
2025-02-21 02:00:00,24.2,87.0,0.0,0.0,21,20.9,66,1,2,4,normal
2025-02-21 03:00:00,24.1,88.0,0.0,0.0,18,20.4,69,0,3,4,normal
2025-02-21 04:00:00,24.4,86.0,0.0,0.0,18,21.2,72,0,4,4,normal
2025-02-21 05:00:00,24.5,85.0,0.0,0.0,25,20.3,73,1,5,4,normal
2025-02-21 06:00:00,24.5,84.0,0.0,0.0,28,20.3,72,1,6,4,normal
2025-02-21 07:00:00,25.1,81.0,0.0,0.0,31,20.4,71,1,7,4,normal
2025-02-21 08:00:00,26.5,73.0,0.0,0.0,34,25.5,72,1,8,4,normal
2025-02-21 09:00:00,27.9,64.0,0.0,0.0,35,26.5,75,1,9,4,normal
2025-02-21 10:00:00,28.8,60.0,0.0,0.0,13,26.6,79,0,10,4,normal
2025-02-21 11:00:00,29.7,56.0,0.0,0.0,11,27.2,81,0,11,4,normal
2025-02-21 12:00:00,30.1,55.0,0.0,0.0,15,27.2,82,0,12,4,normal
2025-02-21 13:00:00,30.1,56.0,0.0,0.0,6,27.1,84,0,13,4,normal
2025-02-21 14:00:00,29.9,58.0,0.0,0.0,2,27.0,87,0,14,4,normal
2025-02-21 15:00:00,29.4,59.0,0.0,0.0,1,26.8,87,0,15,4,normal
2025-02-21 16:00:00,28.5,67.0,0.0,0.0,0,26.3,88,0,16,4,normal
2025-02-21 17:00:00,27.5,72.0,0.0,0.0,70,26.0,86,2,17,4,normal
2025-02-21 18:00:00,26.4,77.0,0.0,0.0,51,24.3,84,2,18,4,normal
2025-02-21 19:00:00,25.6,83.0,0.0,0.0,52,23.8,83,2,19,4,normal
2025-02-21 20:00:00,25.4,85.0,0.0,0.0,46,24.9,80,1,20,4,normal
2025-02-21 21:00:00,25.4,85.0,0.0,0.0,74,25.6,82,2,21,4,normal
2025-02-21 22:00:00,25.3,85.0,0.0,0.0,8,25.6,83,0,22,4,normal
2025-02-21 23:00:00,25.1,88.0,0.0,0.0,18,24.8,83,0,23,4,normal
2025-02-22 00:00:00,25.0,88.0,0.0,0.0,20,24.0,82,1,0,5,normal
2025-02-22 01:00:00,24.8,90.0,0.0,0.0,22,22.0,77,1,1,5,normal
2025-02-22 02:00:00,24.7,90.0,0.0,0.0,21,20.1,73,1,2,5,normal
2025-02-22 03:00:00,24.5,91.0,0.0,0.0,18,18.6,70,0,3,5,normal
2025-02-22 04:00:00,24.5,88.0,0.0,0.0,35,17.3,71,1,4,5,normal
2025-02-22 05:00:00,24.3,89.0,0.0,0.0,32,16.3,67,1,5,5,normal
2025-02-22 06:00:00,24.2,90.0,0.0,0.0,26,15.0,60,1,6,5,normal
2025-02-22 07:00:00,24.8,88.0,0.0,0.0,33,14.8,53,1,7,5,normal
2025-02-22 08:00:00,26.2,79.0,0.0,0.0,51,19.6,58,2,8,5,normal
2025-02-22 09:00:00,28.2,66.0,0.0,0.0,41,21.2,66,1,9,5,normal
2025-02-22 10:00:00,30.0,56.0,0.0,0.0,22,23.3,72,1,10,5,normal
2025-02-22 11:00:00,31.0,52.0,0.0,0.0,11,23.7,76,0,11,5,normal
2025-02-22 12:00:00,31.8,48.0,0.0,0.0,73,24.3,80,2,12,5,normal
2025-02-22 13:00:00,31.9,47.0,0.0,0.0,44,25.9,84,1,13,5,normal
2025-02-22 14:00:00,31.2,53.0,0.0,0.0,83,27.0,89,3,14,5,cloudy
2025-02-22 15:00:00,30.4,57.0,0.0,0.0,51,27.7,88,2,15,5,normal
2025-02-22 16:00:00,29.7,57.0,0.0,0.0,0,26.7,87,0,16,5,normal
2025-02-22 17:00:00,28.5,64.0,0.0,0.0,0,24.2,85,0,17,5,normal
2025-02-22 18:00:00,26.7,75.0,0.0,0.0,0,21.2,83,0,18,5,normal
2025-02-22 19:00:00,25.7,84.0,0.0,0.0,88,20.0,82,3,19,5,cloudy
2025-02-22 20:00:00,25.5,86.0,0.0,0.0,47,21.8,80,1,20,5,normal
2025-02-22 21:00:00,25.3,88.0,0.0,0.0,84,22.1,78,3,21,5,cloudy
2025-02-22 22:00:00,25.1,89.0,0.0,0.0,84,23.0,76,3,22,5,cloudy
2025-02-22 23:00:00,24.8,91.0,0.0,0.0,85,22.7,77,3,23,5,cloudy
2025-02-23 00:00:00,24.8,90.0,0.0,0.0,90,22.6,77,3,0,6,cloudy
2025-02-23 01:00:00,24.9,87.0,0.0,0.0,93,21.8,75,3,1,6,cloudy
2025-02-23 02:00:00,24.8,89.0,0.0,0.0,70,21.6,75,2,2,6,normal
2025-02-23 03:00:00,24.5,90.0,0.0,0.0,65,20.6,74,2,3,6,normal
2025-02-23 04:00:00,24.8,89.0,0.0,0.0,40,19.3,69,1,4,6,normal
2025-02-23 05:00:00,24.6,88.0,0.0,0.0,9,17.9,62,0,5,6,normal
2025-02-23 06:00:00,24.5,85.0,0.0,0.0,34,16.2,58,1,6,6,normal
2025-02-23 07:00:00,25.0,84.0,0.0,0.0,24,15.4,53,1,7,6,normal
2025-02-23 08:00:00,26.6,75.0,0.0,0.0,53,20.8,57,2,8,6,normal
2025-02-23 09:00:00,28.3,65.0,0.0,0.0,40,20.3,61,1,9,6,normal
2025-02-23 10:00:00,30.3,55.0,0.0,0.0,83,22.2,68,3,10,6,cloudy
2025-02-23 11:00:00,31.3,50.0,0.0,0.0,65,23.0,73,2,11,6,normal
2025-02-23 12:00:00,31.2,51.0,0.0,0.0,3,23.8,86,0,12,6,normal
2025-02-23 13:00:00,30.7,55.0,0.0,0.0,1,25.4,92,0,13,6,normal
2025-02-23 14:00:00,30.0,58.0,0.0,0.0,0,26.1,90,0,14,6,normal
2025-02-23 15:00:00,29.6,58.0,0.0,0.0,1,26.8,88,0,15,6,normal
2025-02-23 16:00:00,28.7,62.0,0.0,0.0,44,25.7,90,1,16,6,normal
2025-02-23 17:00:00,27.8,67.0,0.0,0.0,21,24.9,85,1,17,6,normal
2025-02-23 18:00:00,26.3,75.0,0.0,0.0,44,22.8,85,1,18,6,normal
2025-02-23 19:00:00,25.7,81.0,0.0,0.0,55,21.6,88,2,19,6,normal
2025-02-23 20:00:00,25.3,82.0,0.0,0.0,86,22.3,83,3,20,6,cloudy
2025-02-23 21:00:00,25.1,83.0,0.0,0.0,76,22.0,80,2,21,6,cloudy
2025-02-23 22:00:00,24.8,86.0,0.0,0.0,70,20.8,78,2,22,6,normal
2025-02-23 23:00:00,24.7,87.0,0.0,0.0,39,21.4,79,1,23,6,normal
2025-02-24 00:00:00,24.7,87.0,0.0,0.0,19,22.0,81,0,0,0,normal
2025-02-24 01:00:00,24.7,87.0,0.0,0.0,21,21.8,80,1,1,0,normal
2025-02-24 02:00:00,24.5,88.0,0.0,0.0,22,20.4,74,1,2,0,normal
2025-02-24 03:00:00,24.5,88.0,0.0,0.0,17,18.6,71,0,3,0,normal
2025-02-24 04:00:00,24.6,85.0,0.0,0.0,18,16.8,72,0,4,0,normal
2025-02-24 05:00:00,24.5,86.0,0.0,0.0,17,17.2,69,0,5,0,normal
2025-02-24 06:00:00,24.2,88.0,0.0,0.0,22,16.0,64,1,6,0,normal
2025-02-24 07:00:00,24.7,87.0,0.0,0.0,22,15.9,58,1,7,0,normal
2025-02-24 08:00:00,26.5,76.0,0.0,0.0,100,19.4,64,3,8,0,cloudy
2025-02-24 09:00:00,28.4,64.0,0.0,0.0,87,19.8,73,3,9,0,cloudy
2025-02-24 10:00:00,30.0,56.0,0.0,0.0,58,20.1,78,2,10,0,normal
2025-02-24 11:00:00,31.1,53.0,0.0,0.0,42,21.2,84,1,11,0,normal
2025-02-24 12:00:00,31.6,50.0,0.0,0.0,80,22.3,89,3,12,0,cloudy
2025-02-24 13:00:00,30.9,55.0,0.0,0.0,56,23.8,94,2,13,0,normal
2025-02-24 14:00:00,30.5,55.0,0.0,0.0,82,24.1,93,3,14,0,cloudy
2025-02-24 15:00:00,30.0,57.0,0.0,0.0,50,24.7,92,2,15,0,normal
2025-02-24 16:00:00,28.8,64.0,0.0,0.0,69,25.4,92,2,16,0,normal
2025-02-24 17:00:00,27.7,69.0,0.0,0.0,90,25.0,89,3,17,0,cloudy
2025-02-24 18:00:00,26.1,79.0,0.0,0.0,89,22.2,87,3,18,0,cloudy
2025-02-24 19:00:00,25.4,86.0,0.0,0.0,93,21.3,87,3,19,0,cloudy
2025-02-24 20:00:00,25.2,87.0,0.0,0.0,84,21.6,86,3,20,0,cloudy
2025-02-24 21:00:00,25.2,86.0,0.0,0.0,92,20.9,82,3,21,0,cloudy
2025-02-24 22:00:00,25.0,87.0,0.0,0.0,35,19.8,80,1,22,0,normal
2025-02-24 23:00:00,24.9,88.0,0.0,0.0,39,19.9,78,1,23,0,normal
2025-02-25 00:00:00,24.8,88.0,0.0,0.0,89,19.2,75,3,0,1,cloudy
2025-02-25 01:00:00,24.7,88.0,0.0,0.0,73,18.3,74,2,1,1,normal
2025-02-25 02:00:00,24.5,88.0,0.0,0.0,89,17.2,72,3,2,1,cloudy
2025-02-25 03:00:00,24.6,87.0,0.0,0.0,99,17.2,69,3,3,1,cloudy
2025-02-25 04:00:00,24.4,91.0,0.0,0.0,91,15.4,69,3,4,1,cloudy
2025-02-25 05:00:00,24.3,91.0,0.0,0.0,44,14.3,63,1,5,1,normal
2025-02-25 06:00:00,24.0,92.0,0.0,0.0,39,13.0,53,1,6,1,normal
2025-02-25 07:00:00,24.8,87.0,0.0,0.0,86,15.1,52,3,7,1,cloudy
2025-02-25 08:00:00,26.7,75.0,0.0,0.0,55,17.1,58,2,8,1,normal
2025-02-25 09:00:00,28.7,64.0,0.0,0.0,6,16.2,66,0,9,1,normal
2025-02-25 10:00:00,30.4,56.0,0.0,0.0,4,18.3,75,0,10,1,normal
2025-02-25 11:00:00,31.7,49.0,0.0,0.0,2,19.9,81,0,11,1,normal
2025-02-25 12:00:00,32.0,50.0,0.0,0.0,3,21.2,90,0,12,1,normal
2025-02-25 13:00:00,31.7,52.0,0.0,0.0,3,22.6,95,0,13,1,normal
2025-02-25 14:00:00,30.7,55.0,0.0,0.0,0,24.4,94,0,14,1,normal
2025-02-25 15:00:00,30.3,56.0,0.0,0.0,91,25.4,92,3,15,1,cloudy
2025-02-25 16:00:00,29.3,61.0,0.0,0.0,83,26.5,86,3,16,1,cloudy
2025-02-25 17:00:00,28.0,69.0,0.0,0.0,83,25.2,83,3,17,1,cloudy
2025-02-25 18:00:00,26.6,78.0,0.0,0.0,83,22.4,82,3,18,1,cloudy
2025-02-25 19:00:00,25.8,82.0,0.0,0.0,94,21.5,76,3,19,1,cloudy
2025-02-25 20:00:00,25.4,83.0,0.0,0.0,84,21.5,74,3,20,1,cloudy
2025-02-25 21:00:00,25.1,87.0,0.0,0.0,74,21.8,74,2,21,1,normal
2025-02-25 22:00:00,24.9,88.0,0.0,0.0,99,21.9,76,3,22,1,cloudy
2025-02-25 23:00:00,24.7,90.0,0.0,0.0,86,21.9,81,3,23,1,cloudy
2025-02-26 00:00:00,24.8,88.0,0.0,0.0,100,21.9,83,3,0,2,cloudy
2025-02-26 01:00:00,24.6,88.0,0.0,0.0,99,20.8,80,3,1,2,cloudy
2025-02-26 02:00:00,24.8,85.0,0.0,0.0,96,19.4,73,3,2,2,cloudy
2025-02-26 03:00:00,24.7,86.0,0.0,0.0,94,18.3,74,3,3,2,cloudy
2025-02-26 04:00:00,24.4,90.0,0.0,0.0,28,17.5,73,1,4,2,normal
2025-02-26 05:00:00,24.2,92.0,0.0,0.0,29,17.1,71,1,5,2,normal
2025-02-26 06:00:00,24.2,91.0,0.0,0.0,24,16.8,72,1,6,2,normal
2025-02-26 07:00:00,25.0,86.0,0.0,0.0,12,18.0,74,0,7,2,normal
2025-02-26 08:00:00,26.9,74.0,0.0,0.0,10,20.7,80,0,8,2,normal
2025-02-26 09:00:00,28.3,66.0,0.0,0.0,8,22.6,82,0,9,2,normal
2025-02-26 10:00:00,29.3,61.0,0.0,0.0,15,23.9,84,0,10,2,normal
2025-02-26 11:00:00,30.1,58.0,0.0,0.0,17,24.9,85,0,11,2,normal
2025-02-26 12:00:00,30.5,57.0,0.0,0.0,84,26.0,87,3,12,2,cloudy
2025-02-26 13:00:00,30.5,57.0,0.0,0.0,37,26.1,90,1,13,2,normal
2025-02-26 14:00:00,30.3,57.0,0.0,0.0,7,25.9,89,0,14,2,normal
2025-02-26 15:00:00,29.9,59.0,0.0,0.0,60,25.0,89,2,15,2,normal
2025-02-26 16:00:00,29.1,64.0,0.0,0.0,49,23.6,88,1,16,2,normal
2025-02-26 17:00:00,28.0,69.0,0.0,0.0,66,22.7,89,2,17,2,normal
2025-02-26 18:00:00,26.4,80.0,0.0,0.0,96,21.4,89,3,18,2,cloudy
2025-02-26 19:00:00,25.9,83.0,0.0,0.0,100,21.0,84,3,19,2,cloudy
2025-02-26 20:00:00,25.7,83.0,0.0,0.0,89,20.9,83,3,20,2,cloudy
2025-02-26 21:00:00,25.8,83.0,0.0,0.0,82,21.2,84,3,21,2,cloudy
2025-02-26 22:00:00,25.8,83.0,0.0,0.0,54,21.3,85,2,22,2,normal
2025-02-26 23:00:00,25.4,85.0,0.0,0.0,62,21.7,84,2,23,2,normal
2025-02-27 00:00:00,25.1,87.0,0.0,0.0,55,21.9,85,2,0,3,normal
2025-02-27 01:00:00,24.9,88.0,0.0,0.0,54,21.7,84,2,1,3,normal
2025-02-27 02:00:00,24.8,88.0,0.0,0.0,36,22.3,83,1,2,3,normal
2025-02-27 03:00:00,24.7,89.0,0.0,0.0,18,20.4,76,0,3,3,normal
2025-02-27 04:00:00,24.1,90.0,0.0,0.0,61,16.0,64,2,4,3,normal
2025-02-27 05:00:00,23.8,92.0,0.0,0.0,17,14.4,49,0,5,3,normal
2025-02-27 06:00:00,23.4,93.0,0.0,0.0,2,13.5,31,0,6,3,normal
2025-02-27 07:00:00,24.3,87.0,0.0,0.0,3,15.0,34,0,7,3,normal
2025-02-27 08:00:00,26.5,75.0,0.0,0.0,1,15.0,40,0,8,3,normal
2025-02-27 09:00:00,28.8,65.0,0.0,0.0,11,14.8,57,0,9,3,normal
2025-02-27 10:00:00,30.6,57.0,0.0,0.0,12,15.0,79,0,10,3,normal
2025-02-27 11:00:00,31.8,53.0,0.0,0.0,3,16.9,88,0,11,3,normal
2025-02-27 12:00:00,31.7,56.0,0.0,0.0,5,19.5,95,0,12,3,normal
2025-02-27 13:00:00,30.2,62.0,0.0,0.0,18,23.1,98,0,13,3,normal
2025-02-27 14:00:00,30.3,58.0,0.0,0.0,16,23.6,91,0,14,3,normal
2025-02-27 15:00:00,30.1,62.0,0.0,0.0,10,24.4,95,0,15,3,normal
2025-02-27 16:00:00,28.9,66.0,0.0,0.0,1,24.3,90,0,16,3,normal
2025-02-27 17:00:00,27.7,72.0,0.0,0.0,1,24.0,94,0,17,3,normal
2025-02-27 18:00:00,26.4,83.0,0.0,0.0,18,24.0,93,0,18,3,normal
2025-02-27 19:00:00,25.8,86.0,0.0,0.0,43,21.6,91,1,19,3,normal
2025-02-27 20:00:00,25.9,85.0,0.0,0.0,1,22.1,89,0,20,3,normal
2025-02-27 21:00:00,25.5,89.0,0.0,0.0,29,21.8,86,1,21,3,normal
2025-02-27 22:00:00,25.6,88.0,0.0,0.0,39,23.6,86,1,22,3,normal
2025-02-27 23:00:00,25.6,87.0,0.0,0.0,40,25.3,84,1,23,3,normal
2025-02-28 00:00:00,25.5,87.0,0.0,0.0,54,24.7,80,2,0,4,normal
2025-02-28 01:00:00,25.4,86.0,0.0,0.0,83,23.8,74,3,1,4,cloudy
2025-02-28 02:00:00,25.1,88.0,0.0,0.0,12,21.2,72,0,2,4,normal
2025-02-28 03:00:00,24.8,89.0,0.0,0.0,15,19.8,67,0,3,4,normal
2025-02-28 04:00:00,24.6,91.0,0.0,0.0,30,16.2,59,1,4,4,normal
2025-02-28 05:00:00,24.5,91.0,0.0,0.0,89,15.3,56,3,5,4,cloudy
2025-02-28 06:00:00,24.6,89.0,0.0,0.0,34,16.5,62,1,6,4,normal
2025-02-28 07:00:00,25.5,84.0,0.0,0.0,17,18.3,66,0,7,4,normal
2025-02-28 08:00:00,27.2,73.0,0.0,0.0,36,22.3,76,1,8,4,normal
2025-02-28 09:00:00,28.7,64.0,0.0,0.0,46,23.0,83,1,9,4,normal
2025-02-28 10:00:00,29.7,59.0,0.0,0.0,55,24.5,86,2,10,4,normal
2025-02-28 11:00:00,30.2,58.0,0.0,0.0,48,25.6,86,1,11,4,normal
2025-02-28 12:00:00,30.4,59.0,0.0,0.0,9,22.9,90,0,12,4,normal
2025-02-28 13:00:00,30.9,56.0,0.0,0.0,67,23.4,86,2,13,4,normal
2025-02-28 14:00:00,30.3,58.0,0.0,0.0,93,22.2,88,3,14,4,cloudy
2025-02-28 15:00:00,29.4,62.0,0.0,0.0,100,21.1,92,3,15,4,cloudy
2025-02-28 16:00:00,29.1,66.0,0.0,0.0,94,18.5,98,3,16,4,cloudy
2025-02-28 17:00:00,27.7,73.0,0.0,0.0,97,18.3,97,3,17,4,cloudy
2025-02-28 18:00:00,26.7,79.0,0.0,0.0,5,17.8,93,0,18,4,normal
2025-02-28 19:00:00,25.9,87.0,0.0,0.0,3,18.6,96,0,19,4,normal
2025-02-28 20:00:00,25.6,88.0,0.0,0.0,78,18.5,96,2,20,4,cloudy
2025-02-28 21:00:00,25.6,86.0,0.0,0.0,65,18.9,91,2,21,4,normal
2025-02-28 22:00:00,25.7,87.0,0.0,0.0,97,21.3,87,3,22,4,cloudy
2025-02-28 23:00:00,25.7,87.0,0.0,0.0,88,20.6,84,3,23,4,cloudy
2025-03-01 00:00:00,25.5,87.0,0.0,0.0,72,19.9,83,2,0,5,normal
2025-03-01 01:00:00,25.4,88.0,0.0,0.0,99,20.9,80,3,1,5,cloudy
2025-03-01 02:00:00,25.4,88.0,0.0,0.0,96,20.9,79,3,2,5,cloudy
2025-03-01 03:00:00,25.3,88.0,0.0,0.0,93,20.5,79,3,3,5,cloudy
2025-03-01 04:00:00,25.1,90.0,0.0,0.0,92,18.1,80,3,4,5,cloudy
2025-03-01 05:00:00,25.2,89.0,0.0,0.0,95,17.9,78,3,5,5,cloudy
2025-03-01 06:00:00,25.3,87.0,0.0,0.0,98,17.0,81,3,6,5,cloudy
2025-03-01 07:00:00,26.0,83.0,0.0,0.0,98,20.2,82,3,7,5,cloudy
2025-03-01 08:00:00,27.2,76.0,0.0,0.0,77,21.9,83,2,8,5,cloudy
2025-03-01 09:00:00,28.6,67.0,0.0,0.0,86,22.9,77,3,9,5,cloudy
2025-03-01 10:00:00,29.9,61.0,0.0,0.0,53,21.9,78,2,10,5,normal
2025-03-01 11:00:00,30.9,57.0,0.0,0.0,14,21.7,84,0,11,5,normal
2025-03-01 12:00:00,30.9,58.0,0.0,0.0,41,23.4,88,1,12,5,normal
2025-03-01 13:00:00,30.8,57.0,0.0,0.0,63,23.6,90,2,13,5,normal
2025-03-01 14:00:00,30.2,60.0,0.0,0.0,45,24.5,93,1,14,5,normal
2025-03-01 15:00:00,29.5,62.0,0.0,0.0,33,25.5,95,1,15,5,normal
2025-03-01 16:00:00,28.4,67.0,0.0,0.0,89,26.3,94,3,16,5,cloudy
2025-03-01 17:00:00,27.7,72.0,0.0,0.0,85,26.5,90,3,17,5,cloudy
2025-03-01 18:00:00,26.4,79.0,0.0,0.0,97,25.8,83,3,18,5,cloudy
2025-03-01 19:00:00,25.9,80.0,0.0,0.0,90,26.9,83,3,19,5,cloudy
2025-03-01 20:00:00,26.1,80.0,0.0,0.0,43,26.4,86,1,20,5,normal
2025-03-01 21:00:00,25.9,81.0,0.0,0.0,87,24.8,84,3,21,5,cloudy
2025-03-01 22:00:00,25.8,81.0,0.0,0.0,98,24.8,83,3,22,5,cloudy
2025-03-01 23:00:00,25.6,83.0,0.0,0.0,73,23.4,83,2,23,5,normal
2025-03-02 00:00:00,25.4,84.0,0.0,0.0,95,22.9,87,3,0,6,cloudy
2025-03-02 01:00:00,25.2,84.0,0.0,0.0,76,21.5,85,2,1,6,cloudy
2025-03-02 02:00:00,25.1,84.0,0.0,0.0,81,18.8,80,3,2,6,cloudy
2025-03-02 03:00:00,24.9,86.0,0.0,0.0,93,18.1,79,3,3,6,cloudy
2025-03-02 04:00:00,25.0,86.0,0.0,0.0,30,16.3,79,1,4,6,normal
2025-03-02 05:00:00,25.0,85.0,0.0,0.0,29,16.4,77,1,5,6,normal
2025-03-02 06:00:00,25.0,85.0,0.0,0.0,40,15.9,74,1,6,6,normal
2025-03-02 07:00:00,25.7,81.0,0.0,0.0,39,16.6,73,1,7,6,normal
2025-03-02 08:00:00,27.1,73.0,0.0,0.0,28,19.5,78,1,8,6,normal
2025-03-02 09:00:00,28.6,64.0,0.0,0.0,20,18.9,78,1,9,6,normal
2025-03-02 10:00:00,29.9,58.0,0.0,0.0,2,18.1,81,0,10,6,normal
2025-03-02 11:00:00,31.0,52.0,0.0,0.0,2,18.0,89,0,11,6,normal
2025-03-02 12:00:00,31.6,51.0,0.0,0.0,38,17.6,97,1,12,6,normal
2025-03-02 13:00:00,31.5,52.0,0.0,0.0,89,18.2,104,3,13,6,cloudy
2025-03-02 14:00:00,31.0,53.0,0.0,0.0,63,18.7,108,2,14,6,normal
2025-03-02 15:00:00,30.0,59.0,0.0,0.0,90,19.8,110,3,15,6,cloudy
2025-03-02 16:00:00,28.7,68.0,0.0,0.0,75,19.8,101,2,16,6,cloudy
2025-03-02 17:00:00,28.0,74.0,0.0,0.0,99,20.3,102,3,17,6,cloudy
2025-03-02 18:00:00,26.2,85.0,0.0,0.0,90,20.1,97,3,18,6,cloudy
2025-03-02 19:00:00,25.8,86.0,0.0,0.0,64,20.1,100,2,19,6,normal
2025-03-02 20:00:00,25.9,84.0,0.0,0.0,78,20.5,103,2,20,6,cloudy
2025-03-02 21:00:00,25.9,84.0,0.0,0.0,27,22.3,101,1,21,6,normal
2025-03-02 22:00:00,25.6,87.0,0.0,0.0,57,20.4,100,2,22,6,normal
2025-03-02 23:00:00,25.7,84.0,0.0,0.0,42,20.4,104,1,23,6,normal
2025-03-03 00:00:00,25.5,85.0,0.0,0.0,85,19.5,102,3,0,0,cloudy
2025-03-03 01:00:00,25.3,85.0,0.0,0.0,99,18.3,104,3,1,0,cloudy
2025-03-03 02:00:00,25.2,85.0,0.0,0.0,90,18.1,103,3,2,0,cloudy
2025-03-03 03:00:00,25.1,87.0,0.0,0.0,82,17.5,100,3,3,0,cloudy
2025-03-03 04:00:00,25.2,87.0,0.0,0.0,45,16.4,105,1,4,0,normal
2025-03-03 05:00:00,25.1,87.0,0.0,0.0,42,15.5,99,1,5,0,normal
2025-03-03 06:00:00,25.0,87.0,0.0,0.0,31,14.4,93,1,6,0,normal
2025-03-03 07:00:00,25.7,85.0,0.0,0.0,29,15.1,89,1,7,0,normal
2025-03-03 08:00:00,27.3,74.0,0.0,0.0,18,16.6,92,0,8,0,normal
2025-03-03 09:00:00,28.7,65.0,0.0,0.0,41,18.1,95,1,9,0,normal
2025-03-03 10:00:00,29.7,58.0,0.0,0.0,45,18.1,96,1,10,0,normal
2025-03-03 11:00:00,30.4,56.0,0.0,0.0,12,16.9,98,0,11,0,normal
2025-03-03 12:00:00,30.9,54.0,0.0,0.0,90,16.1,100,3,12,0,cloudy
2025-03-03 13:00:00,31.4,51.0,0.0,0.0,84,16.0,105,3,13,0,cloudy
2025-03-03 14:00:00,31.1,51.0,0.0,0.0,60,17.0,109,2,14,0,normal
2025-03-03 15:00:00,30.2,56.0,0.0,0.0,35,17.8,110,1,15,0,normal
2025-03-03 16:00:00,29.1,62.0,0.0,0.0,0,17.5,110,0,16,0,normal
2025-03-03 17:00:00,27.9,72.0,0.0,0.0,0,16.6,106,0,17,0,normal
2025-03-03 18:00:00,26.3,81.0,0.0,0.0,0,16.7,108,0,18,0,normal
2025-03-03 19:00:00,26.1,82.0,0.0,0.0,8,17.8,112,0,19,0,normal
2025-03-03 20:00:00,25.8,85.0,0.0,0.0,12,16.5,108,0,20,0,normal
2025-03-03 21:00:00,25.6,87.0,0.0,0.0,12,17.0,109,0,21,0,normal
2025-03-03 22:00:00,25.5,87.0,0.0,0.0,75,17.4,106,2,22,0,cloudy
2025-03-03 23:00:00,25.5,86.0,0.0,0.0,100,17.0,100,3,23,0,cloudy
2025-03-04 00:00:00,25.4,85.0,0.0,0.0,95,15.9,103,3,0,1,cloudy
2025-03-04 01:00:00,25.4,84.0,0.0,0.0,96,16.1,103,3,1,1,cloudy
2025-03-04 02:00:00,25.5,84.0,0.0,0.0,99,17.1,102,3,2,1,cloudy
2025-03-04 03:00:00,25.2,85.0,0.0,0.0,97,16.6,99,3,3,1,cloudy
2025-03-04 04:00:00,25.3,84.0,0.0,0.0,92,12.4,92,3,4,1,cloudy
2025-03-04 05:00:00,25.2,84.0,0.0,0.0,92,12.6,91,3,5,1,cloudy
2025-03-04 06:00:00,25.1,87.0,0.0,0.0,92,12.7,83,3,6,1,cloudy
2025-03-04 07:00:00,25.8,85.0,0.1,0.1,37,13.8,84,51,7,1,rain
2025-03-04 08:00:00,27.3,75.0,0.4,0.4,55,16.7,83,51,8,1,rain
2025-03-04 09:00:00,28.8,66.0,0.3,0.3,70,16.6,85,51,9,1,rain
2025-03-04 10:00:00,29.9,60.0,0.0,0.0,40,17.1,92,1,10,1,normal
2025-03-04 11:00:00,30.3,58.0,0.0,0.0,90,17.7,94,3,11,1,cloudy
2025-03-04 12:00:00,30.1,62.0,0.1,0.1,94,18.5,100,51,12,1,rain
2025-03-04 13:00:00,30.3,58.0,0.0,0.0,55,20.4,108,2,13,1,normal
2025-03-04 14:00:00,30.4,56.0,0.0,0.0,38,19.4,106,1,14,1,normal
2025-03-04 15:00:00,29.4,64.0,0.0,0.0,90,19.8,109,3,15,1,cloudy
2025-03-04 16:00:00,28.8,64.0,0.0,0.0,99,17.5,100,3,16,1,cloudy
2025-03-04 17:00:00,27.8,73.0,0.0,0.0,98,18.4,105,3,17,1,cloudy
2025-03-04 18:00:00,26.9,78.0,0.0,0.0,99,17.9,100,3,18,1,cloudy
2025-03-04 19:00:00,26.6,78.0,0.0,0.0,100,18.3,100,3,19,1,cloudy
2025-03-04 20:00:00,26.5,78.0,0.0,0.0,99,18.5,97,3,20,1,cloudy
2025-03-04 21:00:00,26.2,83.0,0.0,0.0,100,16.5,96,3,21,1,cloudy
2025-03-04 22:00:00,26.0,85.0,0.0,0.0,99,15.6,97,3,22,1,cloudy
2025-03-04 23:00:00,25.8,85.0,0.0,0.0,100,15.3,99,3,23,1,cloudy
2025-03-05 00:00:00,25.7,86.0,0.0,0.0,99,16.0,97,3,0,2,cloudy
2025-03-05 01:00:00,25.6,84.0,0.0,0.0,98,15.5,87,3,1,2,cloudy
2025-03-05 02:00:00,25.4,86.0,0.0,0.0,98,15.5,81,3,2,2,cloudy
2025-03-05 03:00:00,25.2,88.0,0.0,0.0,100,15.3,77,3,3,2,cloudy
2025-03-05 04:00:00,25.2,87.0,0.0,0.0,99,14.4,68,3,4,2,cloudy
2025-03-05 05:00:00,25.0,88.0,0.0,0.0,100,13.8,63,3,5,2,cloudy
2025-03-05 06:00:00,24.9,89.0,0.0,0.0,100,13.4,58,3,6,2,cloudy
2025-03-05 07:00:00,25.7,84.0,0.0,0.0,99,14.4,56,3,7,2,cloudy
2025-03-05 08:00:00,27.6,72.0,0.0,0.0,97,18.8,68,3,8,2,cloudy
2025-03-05 09:00:00,29.2,63.0,0.0,0.0,99,20.7,77,3,9,2,cloudy
2025-03-05 10:00:00,30.3,58.0,0.1,0.1,95,21.4,84,51,10,2,rain
2025-03-05 11:00:00,30.4,58.0,0.0,0.0,99,22.0,88,3,11,2,cloudy
2025-03-05 12:00:00,30.2,60.0,0.0,0.0,93,22.5,90,3,12,2,cloudy
2025-03-05 13:00:00,30.9,56.0,0.0,0.0,38,21.6,93,1,13,2,normal
2025-03-05 14:00:00,30.7,57.0,0.0,0.0,51,22.0,95,2,14,2,normal
2025-03-05 15:00:00,29.5,59.0,0.0,0.0,80,22.4,95,3,15,2,cloudy
2025-03-05 16:00:00,28.9,65.0,0.0,0.0,92,23.6,100,3,16,2,cloudy
2025-03-05 17:00:00,28.0,71.0,0.0,0.0,88,22.2,94,3,17,2,cloudy
2025-03-05 18:00:00,26.8,77.0,0.0,0.0,83,21.4,92,3,18,2,cloudy
2025-03-05 19:00:00,26.4,78.0,0.0,0.0,100,21.1,93,3,19,2,cloudy
2025-03-05 20:00:00,26.3,77.0,0.0,0.0,95,21.0,95,3,20,2,cloudy
2025-03-05 21:00:00,26.2,80.0,0.0,0.0,84,20.3,97,3,21,2,cloudy
2025-03-05 22:00:00,26.1,81.0,0.0,0.0,28,20.6,94,1,22,2,normal
2025-03-05 23:00:00,26.0,81.0,0.0,0.0,100,20.3,91,3,23,2,cloudy
2025-03-06 00:00:00,25.8,81.0,0.0,0.0,100,18.4,87,3,0,3,cloudy
2025-03-06 01:00:00,25.8,82.0,0.0,0.0,95,17.8,81,3,1,3,cloudy
2025-03-06 02:00:00,25.6,83.0,0.0,0.0,94,17.2,80,3,2,3,cloudy
2025-03-06 03:00:00,25.6,82.0,0.0,0.0,97,15.7,80,3,3,3,cloudy
2025-03-06 04:00:00,25.4,83.0,0.0,0.0,95,12.6,73,3,4,3,cloudy
2025-03-06 05:00:00,25.3,81.0,0.0,0.0,97,12.1,72,3,5,3,cloudy
2025-03-06 06:00:00,25.2,82.0,0.0,0.0,71,12.2,61,2,6,3,normal
2025-03-06 07:00:00,26.1,77.0,0.0,0.0,85,14.2,64,3,7,3,cloudy
2025-03-06 08:00:00,27.8,68.0,0.0,0.0,41,16.5,74,1,8,3,normal
2025-03-06 09:00:00,29.3,60.0,0.0,0.0,48,17.7,81,1,9,3,normal
2025-03-06 10:00:00,30.5,53.0,0.0,0.0,65,18.6,87,2,10,3,normal
2025-03-06 11:00:00,31.1,53.0,0.0,0.0,91,19.6,92,3,11,3,cloudy
2025-03-06 12:00:00,30.3,59.0,0.0,0.0,29,22.1,99,1,12,3,normal
2025-03-06 13:00:00,30.3,56.0,0.0,0.0,23,20.7,97,1,13,3,normal
2025-03-06 14:00:00,30.7,55.0,0.0,0.0,20,21.3,98,1,14,3,normal
2025-03-06 15:00:00,29.8,58.0,0.0,0.0,15,22.5,100,0,15,3,normal
2025-03-06 16:00:00,29.1,65.0,0.0,0.0,11,21.7,99,0,16,3,normal
2025-03-06 17:00:00,28.2,70.0,0.0,0.0,7,21.3,99,0,17,3,normal
2025-03-06 18:00:00,27.1,77.0,0.0,0.0,4,21.3,102,0,18,3,normal
2025-03-06 19:00:00,26.5,82.0,0.0,0.0,1,18.8,100,0,19,3,normal
2025-03-06 20:00:00,26.1,85.0,0.0,0.0,13,18.8,102,0,20,3,normal
2025-03-06 21:00:00,26.0,86.0,0.0,0.0,25,20.7,100,1,21,3,normal
2025-03-06 22:00:00,25.9,86.0,0.0,0.0,26,19.5,100,1,22,3,normal
2025-03-06 23:00:00,25.9,86.0,0.0,0.0,40,18.8,103,1,23,3,normal
2025-03-07 00:00:00,25.7,87.0,0.0,0.0,29,17.2,100,1,0,4,normal
2025-03-07 01:00:00,25.6,88.0,0.0,0.0,43,13.5,92,1,1,4,normal
2025-03-07 02:00:00,25.4,89.0,0.1,0.1,53,11.2,84,51,2,4,rain
2025-03-07 03:00:00,25.3,90.0,0.1,0.1,43,10.5,78,51,3,4,rain
2025-03-07 04:00:00,25.0,89.0,0.0,0.0,32,9.3,77,1,4,4,normal
2025-03-07 05:00:00,25.0,90.0,0.0,0.0,41,9.2,73,1,5,4,normal
2025-03-07 06:00:00,24.9,90.0,0.0,0.0,43,8.9,65,1,6,4,normal
2025-03-07 07:00:00,25.8,86.0,0.0,0.0,38,10.1,61,1,7,4,normal
2025-03-07 08:00:00,27.7,75.0,0.0,0.0,54,13.8,70,2,8,4,normal
2025-03-07 09:00:00,29.3,66.0,0.1,0.1,100,16.3,80,51,9,4,rain
2025-03-07 10:00:00,29.9,64.0,0.1,0.1,100,17.6,89,51,10,4,rain
2025-03-07 11:00:00,30.4,64.0,0.1,0.1,97,18.5,97,51,11,4,rain
2025-03-07 12:00:00,30.1,66.0,0.5,0.5,92,19.6,101,53,12,4,rain
2025-03-07 13:00:00,30.3,64.0,0.1,0.1,89,20.9,97,51,13,4,rain
2025-03-07 14:00:00,30.3,63.0,0.0,0.0,80,21.9,97,3,14,4,cloudy
2025-03-07 15:00:00,30.0,64.0,0.0,0.0,81,22.2,95,3,15,4,cloudy
2025-03-07 16:00:00,28.6,72.0,0.0,0.0,32,22.1,89,1,16,4,normal
2025-03-07 17:00:00,28.1,73.0,0.0,0.0,63,24.5,87,2,17,4,normal
2025-03-07 18:00:00,26.9,80.0,0.0,0.0,100,21.8,88,3,18,4,cloudy
2025-03-07 19:00:00,26.4,83.0,0.0,0.0,87,18.2,93,3,19,4,cloudy
2025-03-07 20:00:00,26.1,85.0,0.0,0.0,99,18.2,89,3,20,4,cloudy
2025-03-07 21:00:00,26.1,85.0,0.0,0.0,99,18.2,87,3,21,4,cloudy
2025-03-07 22:00:00,26.2,85.0,0.0,0.0,100,18.6,87,3,22,4,cloudy
2025-03-07 23:00:00,26.1,85.0,0.0,0.0,100,18.6,88,3,23,4,cloudy
2025-03-08 00:00:00,25.9,87.0,0.0,0.0,99,17.8,88,3,0,5,cloudy
2025-03-08 01:00:00,25.8,87.0,0.0,0.0,96,15.5,86,3,1,5,cloudy
2025-03-08 02:00:00,25.6,88.0,0.0,0.0,99,15.3,81,3,2,5,cloudy
2025-03-08 03:00:00,25.2,91.0,0.0,0.0,100,13.0,76,3,3,5,cloudy
2025-03-08 04:00:00,25.8,85.0,0.0,0.0,90,14.4,91,3,4,5,cloudy
2025-03-08 05:00:00,25.6,86.0,0.0,0.0,90,12.9,84,3,5,5,cloudy
2025-03-08 06:00:00,25.6,86.0,0.0,0.0,97,11.1,82,3,6,5,cloudy
2025-03-08 07:00:00,26.5,82.0,0.0,0.0,53,13.4,82,2,7,5,normal
2025-03-08 08:00:00,28.0,73.0,0.0,0.0,44,17.1,86,1,8,5,normal
2025-03-08 09:00:00,29.3,65.0,0.0,0.0,34,19.8,91,1,9,5,normal
2025-03-08 10:00:00,30.2,61.0,0.0,0.0,60,20.5,88,2,10,5,normal
2025-03-08 11:00:00,31.0,58.0,0.0,0.0,21,20.8,86,1,11,5,normal
2025-03-08 12:00:00,31.4,57.0,0.0,0.0,8,21.1,90,0,12,5,normal
2025-03-08 13:00:00,31.4,59.0,0.0,0.0,8,21.4,91,0,13,5,normal
2025-03-08 14:00:00,31.2,60.0,0.0,0.0,36,22.0,93,1,14,5,normal
2025-03-08 15:00:00,30.1,65.0,0.0,0.0,32,21.6,91,1,15,5,normal
2025-03-08 16:00:00,29.4,65.0,0.0,0.0,3,23.0,96,0,16,5,normal
2025-03-08 17:00:00,28.4,71.0,0.0,0.0,1,23.1,95,0,17,5,normal
2025-03-08 18:00:00,27.2,78.0,0.0,0.0,0,20.2,91,0,18,5,normal
2025-03-08 19:00:00,26.6,84.0,0.0,0.0,1,18.0,88,0,19,5,normal
2025-03-08 20:00:00,26.4,86.0,0.0,0.0,22,18.4,89,1,20,5,normal
2025-03-08 21:00:00,26.4,86.0,0.0,0.0,10,18.7,91,0,21,5,normal
2025-03-08 22:00:00,26.3,86.0,0.0,0.0,12,17.5,89,0,22,5,normal
2025-03-08 23:00:00,26.2,86.0,0.0,0.0,19,17.3,89,0,23,5,normal
2025-03-09 00:00:00,26.1,86.0,0.0,0.0,86,15.7,90,3,0,6,cloudy
2025-03-09 01:00:00,26.1,86.0,0.0,0.0,75,15.5,91,2,1,6,cloudy
2025-03-09 02:00:00,25.8,87.0,0.0,0.0,70,15.3,88,2,2,6,normal
2025-03-09 03:00:00,26.0,85.0,0.0,0.0,99,14.2,86,3,3,6,cloudy
2025-03-09 04:00:00,26.2,82.0,0.0,0.0,93,14.8,87,3,4,6,cloudy
2025-03-09 05:00:00,26.1,83.0,0.0,0.0,93,14.6,81,3,5,6,cloudy
2025-03-09 06:00:00,26.0,83.0,0.0,0.0,88,13.5,78,3,6,6,cloudy
2025-03-09 07:00:00,26.7,81.0,0.0,0.0,81,12.5,83,3,7,6,cloudy
2025-03-09 08:00:00,28.3,71.0,0.0,0.0,99,16.9,81,3,8,6,cloudy
2025-03-09 09:00:00,29.8,64.0,0.0,0.0,99,19.0,83,3,9,6,cloudy
2025-03-09 10:00:00,30.9,58.0,0.0,0.0,95,20.0,81,3,10,6,cloudy
2025-03-09 11:00:00,32.0,53.0,0.0,0.0,100,20.8,86,3,11,6,cloudy
2025-03-09 12:00:00,32.0,54.0,0.0,0.0,94,22.0,91,3,12,6,cloudy
2025-03-09 13:00:00,31.2,59.0,0.0,0.0,98,20.8,95,3,13,6,cloudy
2025-03-09 14:00:00,31.0,59.0,0.0,0.0,95,22.2,101,3,14,6,cloudy
2025-03-09 15:00:00,30.4,63.0,0.0,0.0,98,23.2,100,3,15,6,cloudy
2025-03-09 16:00:00,29.6,67.0,0.0,0.0,98,23.3,103,3,16,6,cloudy
2025-03-09 17:00:00,28.6,71.0,0.0,0.0,99,24.5,100,3,17,6,cloudy
2025-03-09 18:00:00,27.6,74.0,0.0,0.0,100,24.5,93,3,18,6,cloudy
2025-03-09 19:00:00,27.2,78.0,0.0,0.0,100,22.5,87,3,19,6,cloudy
2025-03-09 20:00:00,27.0,80.0,0.0,0.0,100,22.4,86,3,20,6,cloudy
2025-03-09 21:00:00,26.7,83.0,0.0,0.0,99,20.7,87,3,21,6,cloudy
2025-03-09 22:00:00,26.6,85.0,0.0,0.0,98,18.7,89,3,22,6,cloudy
2025-03-09 23:00:00,26.4,85.0,0.0,0.0,99,17.8,88,3,23,6,cloudy
2025-03-10 00:00:00,26.4,87.0,0.0,0.0,95,17.5,88,3,0,0,cloudy
2025-03-10 01:00:00,26.2,88.0,0.0,0.0,83,15.7,88,3,1,0,cloudy
2025-03-10 02:00:00,25.9,90.0,0.0,0.0,99,15.0,87,3,2,0,cloudy
2025-03-10 03:00:00,25.7,91.0,0.0,0.0,92,14.2,82,3,3,0,cloudy
2025-03-10 04:00:00,25.8,92.0,0.0,0.0,31,15.5,85,1,4,0,normal
2025-03-10 05:00:00,25.7,92.0,0.0,0.0,35,14.3,79,1,5,0,normal
2025-03-10 06:00:00,25.6,92.0,0.1,0.1,40,13.1,71,51,6,0,rain
2025-03-10 07:00:00,26.4,87.0,0.0,0.0,32,13.0,64,1,7,0,normal
2025-03-10 08:00:00,27.9,78.0,0.0,0.0,40,17.6,70,1,8,0,normal
2025-03-10 09:00:00,29.4,69.0,0.0,0.0,55,19.8,78,2,9,0,normal
2025-03-10 10:00:00,30.4,64.0,0.1,0.1,70,21.7,83,51,10,0,rain
2025-03-10 11:00:00,31.1,62.0,0.1,0.1,66,22.4,85,51,11,0,rain
2025-03-10 12:00:00,31.1,61.0,0.0,0.0,40,22.2,85,1,12,0,normal
2025-03-10 13:00:00,30.8,64.0,0.2,0.2,93,22.0,87,51,13,0,rain
2025-03-10 14:00:00,31.1,62.0,0.2,0.2,98,23.6,86,51,14,0,rain
2025-03-10 15:00:00,30.9,63.0,0.0,0.0,98,24.5,88,3,15,0,cloudy
2025-03-10 16:00:00,29.8,68.0,0.0,0.0,94,21.6,90,3,16,0,cloudy
2025-03-10 17:00:00,28.4,76.0,0.0,0.0,90,22.5,93,3,17,0,cloudy
2025-03-10 18:00:00,27.2,83.0,0.0,0.0,96,22.3,89,3,18,0,cloudy
2025-03-10 19:00:00,27.0,84.0,0.0,0.0,100,22.7,90,3,19,0,cloudy
2025-03-10 20:00:00,26.9,84.0,0.0,0.0,97,23.9,84,3,20,0,cloudy
2025-03-10 21:00:00,26.7,86.0,0.0,0.0,100,22.0,86,3,21,0,cloudy
2025-03-10 22:00:00,26.7,86.0,0.0,0.0,99,21.4,87,3,22,0,cloudy
2025-03-10 23:00:00,26.5,87.0,0.0,0.0,94,20.2,87,3,23,0,cloudy
2025-03-11 00:00:00,26.3,89.0,0.0,0.0,43,18.4,90,1,0,1,normal
2025-03-11 01:00:00,26.1,91.0,0.0,0.0,46,17.3,90,1,1,1,normal
2025-03-11 02:00:00,26.1,91.0,0.0,0.0,95,16.9,89,3,2,1,cloudy
2025-03-11 03:00:00,25.9,92.0,0.0,0.0,30,15.9,85,1,3,1,normal
2025-03-11 04:00:00,26.1,90.0,0.0,0.0,37,15.9,85,1,4,1,normal
2025-03-11 05:00:00,26.0,90.0,0.0,0.0,56,14.8,77,2,5,1,normal
2025-03-11 06:00:00,25.6,94.0,0.0,0.0,96,13.6,68,3,6,1,cloudy
2025-03-11 07:00:00,26.1,91.0,0.1,0.1,100,16.5,68,51,7,1,rain
2025-03-11 08:00:00,28.0,78.0,0.0,0.0,92,18.8,76,3,8,1,cloudy
2025-03-11 09:00:00,29.7,69.0,0.0,0.0,86,20.0,82,3,9,1,cloudy
2025-03-11 10:00:00,30.6,64.0,0.1,0.1,72,21.1,82,51,10,1,rain
2025-03-11 11:00:00,31.2,62.0,0.1,0.1,98,21.3,87,51,11,1,rain
2025-03-11 12:00:00,30.7,65.0,0.1,0.1,88,20.2,92,51,12,1,rain
2025-03-11 13:00:00,30.7,65.0,0.1,0.1,100,20.5,92,51,13,1,rain
2025-03-11 14:00:00,30.6,66.0,0.1,0.1,100,20.9,94,51,14,1,rain
2025-03-11 15:00:00,30.0,68.0,0.0,0.0,100,22.6,94,3,15,1,cloudy
2025-03-11 16:00:00,29.4,71.0,0.0,0.0,100,21.9,97,3,16,1,cloudy
2025-03-11 17:00:00,28.5,75.0,0.0,0.0,100,21.9,95,3,17,1,cloudy
2025-03-11 18:00:00,27.2,83.0,0.0,0.0,100,21.3,92,3,18,1,cloudy
2025-03-11 19:00:00,26.9,85.0,0.0,0.0,100,20.2,86,3,19,1,cloudy
2025-03-11 20:00:00,26.6,88.0,0.0,0.0,40,19.0,85,1,20,1,normal
2025-03-11 21:00:00,26.3,90.0,0.0,0.0,85,17.8,82,3,21,1,cloudy
2025-03-11 22:00:00,26.3,90.0,0.0,0.0,30,17.2,83,1,22,1,normal
2025-03-11 23:00:00,26.1,90.0,0.0,0.0,34,17.1,82,1,23,1,normal
2025-03-12 00:00:00,26.1,89.0,0.0,0.0,44,18.3,83,1,0,2,normal
2025-03-12 01:00:00,26.0,90.0,0.0,0.0,99,18.4,86,3,1,2,cloudy
2025-03-12 02:00:00,25.9,90.0,0.0,0.0,98,19.3,87,3,2,2,cloudy
2025-03-12 03:00:00,25.8,91.0,0.0,0.0,92,19.1,86,3,3,2,cloudy
2025-03-12 04:00:00,26.1,91.0,0.0,0.0,43,18.9,89,1,4,2,normal
2025-03-12 05:00:00,26.1,91.0,0.0,0.0,46,18.4,86,1,5,2,normal
2025-03-12 06:00:00,26.1,90.0,0.0,0.0,50,17.3,86,2,6,2,normal
2025-03-12 07:00:00,26.9,84.0,0.0,0.0,20,17.3,81,1,7,2,normal
2025-03-12 08:00:00,28.3,76.0,0.0,0.0,25,20.5,80,1,8,2,normal
2025-03-12 09:00:00,29.6,68.0,0.0,0.0,25,21.9,81,1,9,2,normal
2025-03-12 10:00:00,30.3,65.0,0.1,0.1,25,21.5,86,51,10,2,rain
2025-03-12 11:00:00,31.1,62.0,0.1,0.1,19,21.1,90,51,11,2,rain
2025-03-12 12:00:00,31.5,60.0,0.1,0.1,21,21.1,94,51,12,2,rain
2025-03-12 13:00:00,30.9,63.0,0.1,0.1,28,22.3,96,51,13,2,rain
2025-03-12 14:00:00,30.5,64.0,0.2,0.2,36,22.0,94,51,14,2,rain
2025-03-12 15:00:00,30.1,65.0,0.0,0.0,43,22.7,97,1,15,2,normal
2025-03-12 16:00:00,29.3,69.0,0.0,0.0,61,20.5,101,2,16,2,normal
2025-03-12 17:00:00,28.2,75.0,0.0,0.0,98,21.2,105,3,17,2,cloudy
2025-03-12 18:00:00,27.1,79.0,0.0,0.0,100,21.2,102,3,18,2,cloudy
2025-03-12 19:00:00,26.8,81.0,0.0,0.0,87,19.8,97,3,19,2,cloudy
2025-03-12 20:00:00,26.5,80.0,0.0,0.0,97,19.8,97,3,20,2,cloudy
2025-03-12 21:00:00,26.7,80.0,0.0,0.0,100,20.0,98,3,21,2,cloudy
2025-03-12 22:00:00,26.5,81.0,0.0,0.0,99,21.1,94,3,22,2,cloudy
2025-03-12 23:00:00,26.5,81.0,0.0,0.0,100,19.6,92,3,23,2,cloudy
2025-03-13 00:00:00,26.3,82.0,0.0,0.0,99,18.7,91,3,0,3,cloudy
2025-03-13 01:00:00,26.0,85.0,0.0,0.0,99,18.0,87,3,1,3,cloudy
2025-03-13 02:00:00,25.9,85.0,0.0,0.0,100,15.9,81,3,2,3,cloudy
2025-03-13 03:00:00,25.6,87.0,0.0,0.0,100,14.6,76,3,3,3,cloudy
2025-03-13 04:00:00,25.7,87.0,0.0,0.0,99,14.5,78,3,4,3,cloudy
2025-03-13 05:00:00,25.4,89.0,0.0,0.0,99,12.0,62,3,5,3,cloudy
2025-03-13 06:00:00,25.1,90.0,0.0,0.0,99,11.2,55,3,6,3,cloudy
2025-03-13 07:00:00,25.9,86.0,0.0,0.0,99,13.0,59,3,7,3,cloudy
2025-03-13 08:00:00,27.8,75.0,0.0,0.0,84,16.6,69,3,8,3,cloudy
2025-03-13 09:00:00,29.5,64.0,0.0,0.0,79,17.8,74,2,9,3,cloudy
2025-03-13 10:00:00,31.0,55.0,0.0,0.0,35,18.1,77,1,10,3,normal
2025-03-13 11:00:00,32.2,50.0,0.0,0.0,42,17.7,85,1,11,3,normal
2025-03-13 12:00:00,32.6,49.0,0.0,0.0,44,17.8,91,1,12,3,normal
2025-03-13 13:00:00,31.1,59.0,0.0,0.0,19,21.7,103,0,13,3,normal
2025-03-13 14:00:00,30.7,57.0,0.0,0.0,21,20.9,97,1,14,3,normal
2025-03-13 15:00:00,30.9,59.0,0.0,0.0,14,21.4,107,0,15,3,normal
2025-03-13 16:00:00,28.7,69.0,0.0,0.0,5,21.1,113,0,16,3,normal
2025-03-13 17:00:00,28.8,69.0,0.0,0.0,2,17.2,104,0,17,3,normal
2025-03-13 18:00:00,26.6,81.0,0.0,0.0,0,18.8,107,0,18,3,normal
2025-03-13 19:00:00,26.9,81.0,0.0,0.0,9,18.4,107,0,19,3,normal
2025-03-13 20:00:00,26.5,83.0,0.0,0.0,0,18.7,97,0,20,3,normal
2025-03-13 21:00:00,26.2,85.0,0.0,0.0,1,18.4,92,0,21,3,normal
2025-03-13 22:00:00,25.9,87.0,0.0,0.0,11,17.6,90,0,22,3,normal
2025-03-13 23:00:00,25.8,87.0,0.0,0.0,25,18.4,86,1,23,3,normal
2025-03-14 00:00:00,25.5,89.0,0.0,0.0,2,17.8,82,0,0,4,normal
2025-03-14 01:00:00,25.2,90.0,0.0,0.0,2,18.3,79,0,1,4,normal
2025-03-14 02:00:00,24.9,91.0,0.0,0.0,7,17.2,70,0,2,4,normal
2025-03-14 03:00:00,24.7,92.0,0.0,0.0,56,15.9,74,2,3,4,normal
2025-03-14 04:00:00,24.9,91.0,0.0,0.0,81,15.9,81,3,4,4,cloudy
2025-03-14 05:00:00,24.8,91.0,0.0,0.0,46,14.9,71,1,5,4,normal
2025-03-14 06:00:00,24.5,92.0,0.0,0.0,33,12.1,63,1,6,4,normal
2025-03-14 07:00:00,25.5,85.0,0.0,0.0,24,13.2,66,1,7,4,normal
2025-03-14 08:00:00,27.4,74.0,0.0,0.0,11,14.5,68,0,8,4,normal
2025-03-14 09:00:00,29.2,65.0,0.0,0.0,14,15.2,66,0,9,4,normal
2025-03-14 10:00:00,31.0,58.0,0.0,0.0,2,16.1,72,0,10,4,normal
2025-03-14 11:00:00,32.5,53.0,0.0,0.0,0,17.4,79,0,11,4,normal
2025-03-14 12:00:00,32.7,55.0,0.0,0.0,0,20.0,92,0,12,4,normal
2025-03-14 13:00:00,31.3,61.0,0.0,0.0,0,24.8,100,0,13,4,normal
2025-03-14 14:00:00,30.9,58.0,0.0,0.0,6,24.8,95,0,14,4,normal
2025-03-14 15:00:00,30.8,61.0,0.0,0.0,4,24.6,96,0,15,4,normal
2025-03-14 16:00:00,29.5,64.0,0.0,0.0,2,24.1,91,0,16,4,normal
2025-03-14 17:00:00,29.0,69.0,0.0,0.0,1,24.4,85,0,17,4,normal
2025-03-14 18:00:00,27.3,75.0,0.0,0.0,2,21.0,81,0,18,4,normal
2025-03-14 19:00:00,27.1,80.0,0.0,0.0,3,20.3,83,0,19,4,normal
2025-03-14 20:00:00,26.9,75.0,0.0,0.0,2,20.2,82,0,20,4,normal
2025-03-14 21:00:00,26.5,84.0,0.0,0.0,1,19.6,87,0,21,4,normal
2025-03-14 22:00:00,26.3,84.0,0.0,0.0,5,21.5,82,0,22,4,normal
2025-03-14 23:00:00,26.2,85.0,0.0,0.0,17,22.8,78,0,23,4,normal
2025-03-15 00:00:00,26.1,86.0,0.0,0.0,19,22.1,74,0,0,5,normal
2025-03-15 01:00:00,25.9,86.0,0.0,0.0,34,21.5,70,1,1,5,normal
2025-03-15 02:00:00,25.8,86.0,0.0,0.0,7,21.2,68,0,2,5,normal
2025-03-15 03:00:00,25.7,86.0,0.0,0.0,6,19.3,68,0,3,5,normal
2025-03-15 04:00:00,25.8,85.0,0.0,0.0,8,19.4,69,0,4,5,normal
2025-03-15 05:00:00,25.8,84.0,0.0,0.0,12,18.4,72,0,5,5,normal
2025-03-15 06:00:00,25.9,84.0,0.0,0.0,17,19.0,73,0,6,5,normal
2025-03-15 07:00:00,26.9,78.0,0.0,0.0,11,18.8,76,0,7,5,normal
2025-03-15 08:00:00,28.5,69.0,0.0,0.0,18,22.7,77,0,8,5,normal
2025-03-15 09:00:00,30.1,60.0,0.0,0.0,54,24.2,77,2,9,5,normal
2025-03-15 10:00:00,31.2,55.0,0.0,0.0,100,24.5,78,3,10,5,cloudy
2025-03-15 11:00:00,31.2,58.0,0.0,0.0,75,24.6,85,2,11,5,cloudy
2025-03-15 12:00:00,31.3,57.0,0.0,0.0,54,25.9,91,2,12,5,normal
2025-03-15 13:00:00,30.9,59.0,0.0,0.0,41,24.4,94,1,13,5,normal
2025-03-15 14:00:00,31.2,57.0,0.0,0.0,17,23.1,95,0,14,5,normal
2025-03-15 15:00:00,31.1,57.0,0.0,0.0,89,22.0,94,3,15,5,cloudy
2025-03-15 16:00:00,30.3,63.0,0.0,0.0,9,21.0,96,0,16,5,normal
2025-03-15 17:00:00,29.0,70.0,0.0,0.0,46,23.9,96,1,17,5,normal
2025-03-15 18:00:00,27.8,76.0,0.0,0.0,75,21.6,100,2,18,5,cloudy
2025-03-15 19:00:00,27.4,79.0,0.0,0.0,35,19.0,103,1,19,5,normal
2025-03-15 20:00:00,27.2,80.0,0.0,0.0,32,17.3,109,1,20,5,normal
2025-03-15 21:00:00,27.0,81.0,0.0,0.0,37,16.8,105,1,21,5,normal
2025-03-15 22:00:00,26.8,83.0,0.0,0.0,34,16.1,108,1,22,5,normal
2025-03-15 23:00:00,26.7,83.0,0.0,0.0,38,15.5,108,1,23,5,normal
2025-03-16 00:00:00,26.5,84.0,0.1,0.1,37,16.1,112,51,0,6,rain
2025-03-16 01:00:00,26.3,84.0,0.0,0.0,29,15.5,112,1,1,6,normal
2025-03-16 02:00:00,26.0,86.0,0.0,0.0,48,15.6,106,1,2,6,normal
2025-03-16 03:00:00,25.8,88.0,0.0,0.0,38,14.5,101,1,3,6,normal
2025-03-16 04:00:00,25.9,88.0,0.0,0.0,35,13.6,95,1,4,6,normal
2025-03-16 05:00:00,25.6,90.0,0.1,0.1,44,12.3,85,51,5,6,rain
2025-03-16 06:00:00,25.4,93.0,0.1,0.1,39,10.3,71,51,6,6,rain
2025-03-16 07:00:00,26.0,92.0,0.1,0.1,48,12.4,69,51,7,6,rain
2025-03-16 08:00:00,27.7,81.0,0.2,0.2,42,16.5,76,51,8,6,rain
2025-03-16 09:00:00,29.6,68.0,0.0,0.0,58,17.6,83,2,9,6,normal
2025-03-16 10:00:00,30.7,62.0,0.0,0.0,42,18.0,88,1,10,6,normal
2025-03-16 11:00:00,31.5,58.0,0.0,0.0,39,19.0,95,1,11,6,normal
2025-03-16 12:00:00,31.4,60.0,0.0,0.0,66,19.6,97,2,12,6,normal
2025-03-16 13:00:00,30.6,62.0,0.0,0.0,21,19.3,104,1,13,6,normal
2025-03-16 14:00:00,30.8,62.0,0.0,0.0,11,20.7,105,0,14,6,normal
2025-03-16 15:00:00,30.1,67.0,0.0,0.0,10,22.6,106,0,15,6,normal
2025-03-16 16:00:00,29.2,72.0,0.0,0.0,37,23.3,117,1,16,6,normal
2025-03-16 17:00:00,28.1,76.0,0.0,0.0,59,22.7,114,2,17,6,normal
2025-03-16 18:00:00,26.5,88.0,0.2,0.2,78,21.8,123,51,18,6,rain
2025-03-16 19:00:00,26.2,91.0,0.3,0.3,76,19.8,126,51,19,6,rain
2025-03-16 20:00:00,26.4,88.0,0.2,0.2,99,17.7,119,51,20,6,rain
2025-03-16 21:00:00,26.3,89.0,0.2,0.2,90,18.5,120,51,21,6,rain
2025-03-16 22:00:00,26.1,89.0,0.2,0.2,93,17.6,126,51,22,6,rain
2025-03-16 23:00:00,26.1,87.0,0.0,0.0,91,17.9,126,3,23,6,cloudy
2025-03-17 00:00:00,26.1,87.0,0.0,0.0,98,16.1,124,3,0,0,cloudy
2025-03-17 01:00:00,25.7,90.0,0.0,0.0,96,13.6,124,3,1,0,cloudy
2025-03-17 02:00:00,25.7,90.0,0.1,0.1,99,12.7,134,51,2,0,rain
2025-03-17 03:00:00,25.3,91.0,0.1,0.1,90,11.6,131,51,3,0,rain
2025-03-17 04:00:00,25.3,91.0,0.0,0.0,96,10.5,141,3,4,0,cloudy
2025-03-17 05:00:00,25.2,90.0,0.0,0.0,86,10.3,142,3,5,0,cloudy
2025-03-17 06:00:00,25.2,89.0,0.0,0.0,100,10.6,140,3,6,0,cloudy
2025-03-17 07:00:00,26.2,83.0,0.0,0.0,35,11.8,140,1,7,0,normal
2025-03-17 08:00:00,27.7,74.0,0.0,0.0,23,11.2,134,1,8,0,normal
2025-03-17 09:00:00,28.9,67.0,0.0,0.0,29,10.9,117,1,9,0,normal
2025-03-17 10:00:00,30.0,61.0,0.0,0.0,32,12.9,108,1,10,0,normal
2025-03-17 11:00:00,30.5,60.0,0.0,0.0,33,12.9,115,1,11,0,normal
2025-03-17 12:00:00,31.0,58.0,0.0,0.0,41,12.2,127,1,12,0,normal
2025-03-17 13:00:00,30.8,59.0,0.0,0.0,22,14.1,134,1,13,0,normal
2025-03-17 14:00:00,30.4,56.0,0.0,0.0,13,15.9,137,0,14,0,normal
2025-03-17 15:00:00,30.0,55.0,0.0,0.0,63,16.2,142,2,15,0,normal
2025-03-17 16:00:00,29.1,67.0,0.0,0.0,96,16.9,141,3,16,0,cloudy
2025-03-17 17:00:00,27.8,73.0,0.0,0.0,98,13.7,147,3,17,0,cloudy
2025-03-17 18:00:00,26.9,79.0,0.0,0.0,98,13.1,143,3,18,0,cloudy
2025-03-17 19:00:00,26.2,84.0,0.0,0.0,62,10.7,134,2,19,0,normal
2025-03-17 20:00:00,25.9,84.0,0.0,0.0,21,11.6,137,1,20,0,normal
2025-03-17 21:00:00,25.7,86.0,0.0,0.0,63,12.0,127,2,21,0,normal
2025-03-17 22:00:00,25.6,87.0,0.0,0.0,100,12.7,123,3,22,0,cloudy
2025-03-17 23:00:00,25.4,88.0,0.0,0.0,97,11.5,119,3,23,0,cloudy
2025-03-18 00:00:00,25.3,89.0,0.0,0.0,100,11.6,116,3,0,1,cloudy
2025-03-18 01:00:00,25.2,91.0,0.0,0.0,100,12.2,109,3,1,1,cloudy
2025-03-18 02:00:00,25.1,91.0,0.0,0.0,100,10.5,106,3,2,1,cloudy
2025-03-18 03:00:00,24.8,92.0,0.0,0.0,100,7.2,94,3,3,1,cloudy
2025-03-18 04:00:00,24.7,93.0,0.0,0.0,94,6.0,80,3,4,1,cloudy
2025-03-18 05:00:00,24.6,94.0,0.0,0.0,94,7.5,79,3,5,1,cloudy
2025-03-18 06:00:00,24.7,93.0,0.0,0.0,97,8.9,77,3,6,1,cloudy
2025-03-18 07:00:00,26.1,85.0,0.0,0.0,97,11.6,85,3,7,1,cloudy
2025-03-18 08:00:00,27.7,75.0,0.0,0.0,91,13.5,94,3,8,1,cloudy
2025-03-18 09:00:00,29.3,66.0,0.0,0.0,39,12.5,96,1,9,1,normal
2025-03-18 10:00:00,30.7,58.0,0.0,0.0,53,12.2,98,2,10,1,normal
2025-03-18 11:00:00,31.5,55.0,0.0,0.0,41,13.9,104,1,11,1,normal
2025-03-18 12:00:00,31.3,58.0,0.0,0.0,11,15.7,112,0,12,1,normal
2025-03-18 13:00:00,31.1,58.0,0.0,0.0,18,16.3,113,0,13,1,normal
2025-03-18 14:00:00,30.9,56.0,0.0,0.0,27,15.6,112,1,14,1,normal
2025-03-18 15:00:00,30.1,64.0,0.0,0.0,35,16.7,112,1,15,1,normal
2025-03-18 16:00:00,29.3,67.0,0.0,0.0,8,15.8,109,0,16,1,normal
2025-03-18 17:00:00,28.3,70.0,0.0,0.0,10,15.4,104,0,17,1,normal
2025-03-18 18:00:00,27.1,79.0,0.0,0.0,8,14.9,101,0,18,1,normal
2025-03-18 19:00:00,26.4,83.0,0.0,0.0,15,15.0,95,0,19,1,normal
2025-03-18 20:00:00,26.5,82.0,0.0,0.0,11,14.5,98,0,20,1,normal
2025-03-18 21:00:00,26.3,84.0,0.0,0.0,98,13.6,101,3,21,1,cloudy
2025-03-18 22:00:00,26.1,84.0,0.0,0.0,100,13.6,105,3,22,1,cloudy
2025-03-18 23:00:00,26.1,84.0,0.0,0.0,68,14.1,109,2,23,1,normal
2025-03-19 00:00:00,26.1,83.0,0.0,0.0,42,13.4,110,1,0,2,normal
2025-03-19 01:00:00,25.9,84.0,0.0,0.0,44,12.7,115,1,1,2,normal
2025-03-19 02:00:00,25.8,84.0,0.0,0.0,27,11.3,115,1,2,2,normal
2025-03-19 03:00:00,25.6,85.0,0.0,0.0,25,9.9,111,1,3,2,normal
2025-03-19 04:00:00,25.5,87.0,0.0,0.0,16,6.7,109,0,4,2,normal
2025-03-19 05:00:00,25.1,89.0,0.0,0.0,24,4.9,94,1,5,2,normal
2025-03-19 06:00:00,25.1,89.0,0.0,0.0,25,5.8,83,1,6,2,normal
2025-03-19 07:00:00,26.3,82.0,0.0,0.0,31,8.3,84,1,7,2,normal
2025-03-19 08:00:00,28.1,71.0,0.0,0.0,23,11.7,87,1,8,2,normal
2025-03-19 09:00:00,29.6,63.0,0.0,0.0,39,13.0,86,1,9,2,normal
2025-03-19 10:00:00,31.0,55.0,0.0,0.0,84,13.0,86,3,10,2,cloudy
2025-03-19 11:00:00,31.6,54.0,0.0,0.0,60,13.7,91,2,11,2,normal
2025-03-19 12:00:00,31.3,58.0,0.1,0.1,38,15.4,97,51,12,2,rain
2025-03-19 13:00:00,30.9,60.0,0.1,0.1,38,15.7,103,51,13,2,rain
2025-03-19 14:00:00,31.4,57.0,0.0,0.0,15,15.5,99,0,14,2,normal
2025-03-19 15:00:00,30.9,60.0,0.0,0.0,8,17.3,104,0,15,2,normal
2025-03-19 16:00:00,29.4,67.0,0.0,0.0,3,19.6,116,0,16,2,normal
2025-03-19 17:00:00,28.6,68.0,0.0,0.0,75,17.7,105,2,17,2,cloudy
2025-03-19 18:00:00,27.1,76.0,0.0,0.0,78,16.6,107,2,18,2,cloudy
2025-03-19 19:00:00,26.9,76.0,0.0,0.0,70,17.0,103,2,19,2,normal
2025-03-19 20:00:00,26.6,79.0,0.0,0.0,93,17.2,100,3,20,2,cloudy
2025-03-19 21:00:00,26.4,82.0,0.0,0.0,100,17.6,101,3,21,2,cloudy
2025-03-19 22:00:00,26.3,84.0,0.0,0.0,100,17.1,98,3,22,2,cloudy
2025-03-19 23:00:00,26.0,86.0,0.0,0.0,100,15.7,96,3,23,2,cloudy
2025-03-20 00:00:00,25.9,87.0,0.0,0.0,100,14.5,96,3,0,3,cloudy
2025-03-20 01:00:00,25.6,88.0,0.0,0.0,100,12.6,87,3,1,3,cloudy
2025-03-20 02:00:00,25.6,88.0,0.0,0.0,100,11.9,87,3,2,3,cloudy
2025-03-20 03:00:00,25.5,88.0,0.0,0.0,97,11.2,85,3,3,3,cloudy
2025-03-20 04:00:00,25.3,86.0,0.0,0.0,99,9.2,93,3,4,3,cloudy
2025-03-20 05:00:00,25.2,87.0,0.0,0.0,99,8.6,89,3,5,3,cloudy
2025-03-20 06:00:00,25.0,87.0,0.0,0.0,93,7.6,78,3,6,3,cloudy
2025-03-20 07:00:00,26.3,79.0,0.0,0.0,79,9.1,80,2,7,3,cloudy
2025-03-20 08:00:00,28.2,68.0,0.0,0.0,67,13.0,88,2,8,3,normal
2025-03-20 09:00:00,29.8,59.0,0.0,0.0,47,15.1,93,1,9,3,normal
2025-03-20 10:00:00,30.7,55.0,0.0,0.0,36,15.9,93,1,10,3,normal
2025-03-20 11:00:00,31.4,54.0,0.0,0.0,8,15.8,97,0,11,3,normal
2025-03-20 12:00:00,31.8,53.0,0.0,0.0,5,15.6,104,0,12,3,normal
2025-03-20 13:00:00,31.9,53.0,0.0,0.0,1,16.8,111,0,13,3,normal
2025-03-20 14:00:00,31.5,54.0,0.0,0.0,10,18.1,120,0,14,3,normal
2025-03-20 15:00:00,30.3,58.0,0.0,0.0,4,17.6,119,0,15,3,normal
2025-03-20 16:00:00,29.7,64.0,0.0,0.0,32,15.8,131,1,16,3,normal
2025-03-20 17:00:00,28.9,69.0,0.0,0.0,44,15.5,126,1,17,3,normal
2025-03-20 18:00:00,27.8,74.0,0.0,0.0,72,14.5,125,2,18,3,normal
2025-03-20 19:00:00,27.6,75.0,0.0,0.0,42,14.0,128,1,19,3,normal
2025-03-20 20:00:00,27.5,75.0,0.0,0.0,40,13.7,130,1,20,3,normal
2025-03-20 21:00:00,27.0,79.0,0.0,0.0,15,13.4,127,0,21,3,normal
2025-03-20 22:00:00,26.9,80.0,0.0,0.0,39,13.0,125,1,22,3,normal
2025-03-20 23:00:00,26.7,81.0,0.0,0.0,98,11.9,121,3,23,3,cloudy
2025-03-21 00:00:00,26.4,83.0,0.0,0.0,98,10.5,117,3,0,4,cloudy
2025-03-21 01:00:00,26.3,83.0,0.0,0.0,96,8.9,119,3,1,4,cloudy
2025-03-21 02:00:00,26.1,83.0,0.0,0.0,91,7.5,120,3,2,4,cloudy
2025-03-21 03:00:00,25.9,84.0,0.0,0.0,56,7.4,122,2,3,4,normal
2025-03-21 04:00:00,26.2,83.0,0.0,0.0,84,9.4,132,3,4,4,cloudy
2025-03-21 05:00:00,26.0,83.0,0.0,0.0,98,8.3,134,3,5,4,cloudy
2025-03-21 06:00:00,25.8,84.0,0.0,0.0,82,7.0,130,3,6,4,cloudy
2025-03-21 07:00:00,27.1,78.0,0.0,0.0,51,8.3,134,2,7,4,normal
2025-03-21 08:00:00,28.5,70.0,0.0,0.0,94,8.9,130,3,8,4,cloudy
2025-03-21 09:00:00,29.7,64.0,0.0,0.0,84,10.3,130,3,9,4,cloudy
2025-03-21 10:00:00,30.2,62.0,0.1,0.1,60,11.5,131,51,10,4,rain
2025-03-21 11:00:00,31.0,59.0,0.0,0.0,32,11.7,134,1,11,4,normal
2025-03-21 12:00:00,31.0,60.0,0.1,0.1,37,13.0,141,51,12,4,rain
2025-03-21 13:00:00,30.9,61.0,0.0,0.0,46,13.7,134,1,13,4,normal
2025-03-21 14:00:00,31.1,59.0,0.0,0.0,18,14.0,127,0,14,4,normal
2025-03-21 15:00:00,30.9,60.0,0.0,0.0,48,13.7,128,1,15,4,normal
2025-03-21 16:00:00,29.7,65.0,0.0,0.0,12,13.8,139,0,16,4,normal
2025-03-21 17:00:00,28.9,69.0,0.0,0.0,10,13.6,127,0,17,4,normal
2025-03-21 18:00:00,27.5,75.0,0.0,0.0,13,13.2,125,0,18,4,normal
2025-03-21 19:00:00,27.2,78.0,0.0,0.0,24,12.9,118,1,19,4,normal
2025-03-21 20:00:00,27.0,79.0,0.0,0.0,13,14.2,110,0,20,4,normal
2025-03-21 21:00:00,27.0,78.0,0.0,0.0,25,15.4,104,1,21,4,normal
2025-03-21 22:00:00,26.7,81.0,0.0,0.0,6,14.2,105,0,22,4,normal
2025-03-21 23:00:00,26.7,81.0,0.0,0.0,10,12.7,101,0,23,4,normal
2025-03-22 00:00:00,26.7,80.0,0.0,0.0,39,12.5,101,1,0,5,normal
2025-03-22 01:00:00,26.6,81.0,0.0,0.0,73,12.3,102,2,1,5,normal
2025-03-22 02:00:00,26.5,82.0,0.0,0.0,94,11.2,101,3,2,5,cloudy
2025-03-22 03:00:00,26.4,82.0,0.0,0.0,84,10.6,101,3,3,5,cloudy
2025-03-22 04:00:00,26.2,84.0,0.0,0.0,97,10.2,103,3,4,5,cloudy
2025-03-22 05:00:00,26.2,84.0,0.0,0.0,92,8.5,97,3,5,5,cloudy
2025-03-22 06:00:00,26.0,85.0,0.0,0.0,98,7.6,90,3,6,5,cloudy
2025-03-22 07:00:00,27.2,79.0,0.0,0.0,98,10.3,91,3,7,5,cloudy
2025-03-22 08:00:00,28.7,70.0,0.0,0.0,91,13.2,93,3,8,5,cloudy
2025-03-22 09:00:00,29.6,66.0,0.1,0.1,91,13.6,101,51,9,5,rain
2025-03-22 10:00:00,30.7,63.0,0.1,0.1,22,14.5,105,51,10,5,rain
2025-03-22 11:00:00,31.3,61.0,0.0,0.0,25,15.6,105,1,11,5,normal
2025-03-22 12:00:00,31.5,59.0,0.0,0.0,34,16.3,100,1,12,5,normal
2025-03-22 13:00:00,31.4,59.0,0.1,0.1,43,16.8,99,51,13,5,rain
2025-03-22 14:00:00,31.7,58.0,0.1,0.1,34,17.3,98,51,14,5,rain
2025-03-22 15:00:00,31.5,58.0,0.0,0.0,34,18.6,103,1,15,5,normal
2025-03-22 16:00:00,31.0,60.0,0.0,0.0,97,16.8,102,3,16,5,cloudy
2025-03-22 17:00:00,29.1,71.0,0.0,0.0,35,17.0,105,1,17,5,normal
2025-03-22 18:00:00,28.3,74.0,0.0,0.0,79,16.7,101,2,18,5,cloudy
2025-03-22 19:00:00,27.7,78.0,0.0,0.0,100,16.5,98,3,19,5,cloudy
2025-03-22 20:00:00,27.4,81.0,0.0,0.0,97,16.3,101,3,20,5,cloudy
2025-03-22 21:00:00,27.3,81.0,0.0,0.0,91,17.0,97,3,21,5,cloudy
2025-03-22 22:00:00,27.2,82.0,0.0,0.0,92,17.1,98,3,22,5,cloudy
2025-03-22 23:00:00,27.2,83.0,0.0,0.0,65,17.6,96,2,23,5,normal
2025-03-23 00:00:00,26.9,85.0,0.0,0.0,18,17.1,94,0,0,6,normal
2025-03-23 01:00:00,26.9,85.0,0.0,0.0,13,16.8,94,0,1,6,normal
2025-03-23 02:00:00,26.8,84.0,0.0,0.0,25,16.8,94,1,2,6,normal
2025-03-23 03:00:00,26.8,84.0,0.0,0.0,88,16.6,95,3,3,6,cloudy
2025-03-23 04:00:00,26.3,90.0,0.0,0.0,76,14.8,100,2,4,6,cloudy
2025-03-23 05:00:00,26.3,88.0,0.0,0.0,71,13.8,96,2,5,6,normal
2025-03-23 06:00:00,26.3,87.0,0.0,0.0,62,13.0,94,2,6,6,normal
2025-03-23 07:00:00,27.3,82.0,0.0,0.0,49,13.9,94,1,7,6,normal
2025-03-23 08:00:00,28.8,73.0,0.0,0.0,42,16.9,91,1,8,6,normal
2025-03-23 09:00:00,30.2,65.0,0.0,0.0,84,18.4,93,3,9,6,cloudy
2025-03-23 10:00:00,31.2,59.0,0.0,0.0,73,19.5,94,2,10,6,normal
2025-03-23 11:00:00,31.7,56.0,0.0,0.0,42,19.3,95,1,11,6,normal
2025-03-23 12:00:00,32.0,57.0,0.1,0.1,92,19.2,97,51,12,6,rain
2025-03-23 13:00:00,31.7,58.0,0.1,0.1,70,18.8,97,51,13,6,rain
2025-03-23 14:00:00,32.0,57.0,0.0,0.0,65,19.0,100,2,14,6,normal
2025-03-23 15:00:00,31.5,59.0,0.1,0.1,94,19.5,102,51,15,6,rain
2025-03-23 16:00:00,30.5,66.0,0.0,0.0,76,19.9,100,2,16,6,cloudy
2025-03-23 17:00:00,29.6,70.0,0.0,0.0,98,19.8,97,3,17,6,cloudy
2025-03-23 18:00:00,28.7,74.0,0.0,0.0,78,19.0,94,2,18,6,cloudy
2025-03-23 19:00:00,28.2,78.0,0.0,0.0,18,16.6,93,0,19,6,normal
2025-03-23 20:00:00,27.9,80.0,0.0,0.0,41,16.9,93,1,20,6,normal
2025-03-23 21:00:00,27.7,81.0,0.0,0.0,32,16.6,96,1,21,6,normal
2025-03-23 22:00:00,27.7,81.0,0.0,0.0,13,15.8,98,0,22,6,normal
2025-03-23 23:00:00,27.3,84.0,0.0,0.0,39,14.7,104,1,23,6,normal
2025-03-24 00:00:00,27.0,88.0,0.0,0.0,27,13.3,106,1,0,0,normal
2025-03-24 01:00:00,26.7,90.0,0.0,0.0,26,12.5,102,1,1,0,normal
2025-03-24 02:00:00,26.6,91.0,0.0,0.0,29,12.3,104,1,2,0,normal
2025-03-24 03:00:00,26.6,91.0,0.0,0.0,37,11.7,107,1,3,0,normal
2025-03-24 04:00:00,26.6,90.0,0.0,0.0,73,12.6,99,2,4,0,normal
2025-03-24 05:00:00,26.3,92.0,0.0,0.0,82,12.6,95,3,5,0,cloudy
2025-03-24 06:00:00,26.3,93.0,0.1,0.1,80,11.9,89,51,6,0,rain
2025-03-24 07:00:00,27.0,89.0,0.1,0.1,26,12.4,89,51,7,0,rain
2025-03-24 08:00:00,28.0,83.0,0.3,0.3,32,15.6,97,51,8,0,rain
2025-03-24 09:00:00,29.2,75.0,0.2,0.2,38,16.1,106,51,9,0,rain
2025-03-24 10:00:00,30.3,70.0,0.3,0.3,35,17.1,107,51,10,0,rain
2025-03-24 11:00:00,30.3,69.0,0.7,0.7,50,17.7,112,53,11,0,rain
2025-03-24 12:00:00,30.5,69.0,0.4,0.4,97,16.7,115,51,12,0,rain
2025-03-24 13:00:00,30.1,72.0,0.2,0.2,99,13.5,111,51,13,0,rain
2025-03-24 14:00:00,29.3,74.0,0.1,0.1,99,13.9,109,51,14,0,rain
2025-03-24 15:00:00,29.5,71.0,0.1,0.1,98,16.3,122,51,15,0,rain
2025-03-24 16:00:00,29.3,73.0,0.2,0.2,31,17.2,123,51,16,0,rain
2025-03-24 17:00:00,28.5,77.0,0.0,0.0,48,16.6,120,1,17,0,normal
2025-03-24 18:00:00,27.7,80.0,0.1,0.1,92,18.2,117,51,18,0,rain
2025-03-24 19:00:00,27.2,83.0,0.1,0.1,94,16.5,110,51,19,0,rain
2025-03-24 20:00:00,26.7,86.0,0.1,0.1,37,16.3,109,51,20,0,rain
2025-03-24 21:00:00,26.1,88.0,0.1,0.1,98,14.2,106,51,21,0,rain
2025-03-24 22:00:00,26.2,89.0,0.1,0.1,86,11.1,117,51,22,0,rain
2025-03-24 23:00:00,26.0,89.0,0.6,0.6,100,9.5,117,53,23,0,rain
2025-03-25 00:00:00,24.8,96.0,2.0,2.0,100,8.5,134,61,0,1,rain
2025-03-25 01:00:00,25.0,95.0,0.0,0.0,100,6.4,133,3,1,1,cloudy
2025-03-25 02:00:00,24.7,93.0,0.8,0.8,100,8.5,69,53,2,1,rain
2025-03-25 03:00:00,24.5,96.0,0.0,0.0,100,7.1,66,3,3,1,cloudy
2025-03-25 04:00:00,23.5,97.0,0.0,0.0,81,7.2,68,3,4,1,cloudy
2025-03-25 05:00:00,23.5,96.0,0.0,0.0,98,6.2,44,3,5,1,cloudy
2025-03-25 06:00:00,23.7,96.0,0.0,0.0,100,8.2,23,3,6,1,cloudy
2025-03-25 07:00:00,24.9,90.0,0.0,0.0,100,7.7,25,3,7,1,cloudy
2025-03-25 08:00:00,26.7,81.0,0.0,0.0,100,7.4,61,3,8,1,cloudy
2025-03-25 09:00:00,28.7,71.0,0.0,0.0,100,9.4,89,3,9,1,cloudy
2025-03-25 10:00:00,29.3,69.0,0.2,0.2,98,12.2,89,51,10,1,rain
2025-03-25 11:00:00,30.0,69.0,0.2,0.2,100,12.1,90,51,11,1,rain
2025-03-25 12:00:00,31.2,62.0,0.0,0.0,100,14.3,102,3,12,1,cloudy
2025-03-25 13:00:00,28.9,72.0,1.0,1.0,98,15.1,102,55,13,1,rain
2025-03-25 14:00:00,30.2,69.0,0.2,0.2,57,14.0,106,51,14,1,rain
2025-03-25 15:00:00,29.1,74.0,2.6,2.6,75,16.6,105,63,15,1,rain
2025-03-25 16:00:00,29.1,72.0,0.3,0.3,99,10.9,107,51,16,1,rain
2025-03-25 17:00:00,28.3,76.0,0.0,0.0,100,12.8,112,3,17,1,cloudy
2025-03-25 18:00:00,27.4,81.0,0.1,0.1,100,13.9,110,51,18,1,rain
2025-03-25 19:00:00,26.8,85.0,0.0,0.0,100,12.7,103,3,19,1,cloudy
2025-03-25 20:00:00,26.3,89.0,0.0,0.0,95,11.8,102,3,20,1,cloudy
2025-03-25 21:00:00,26.1,90.0,0.0,0.0,97,10.6,100,3,21,1,cloudy
2025-03-25 22:00:00,26.1,89.0,0.0,0.0,99,9.9,106,3,22,1,cloudy
2025-03-25 23:00:00,26.1,88.0,0.0,0.0,64,10.9,107,2,23,1,normal
2025-03-26 00:00:00,25.6,91.0,0.0,0.0,31,9.2,102,1,0,2,normal
2025-03-26 01:00:00,25.2,94.0,0.2,0.2,53,9.7,88,51,1,2,rain
2025-03-26 02:00:00,24.9,96.0,0.2,0.2,47,7.6,86,51,2,2,rain
2025-03-26 03:00:00,24.4,97.0,0.0,0.0,74,3.5,66,2,3,2,normal
2025-03-26 04:00:00,25.0,92.0,0.0,0.0,100,6.7,54,3,4,2,cloudy
2025-03-26 05:00:00,24.8,93.0,0.0,0.0,100,9.5,51,3,5,2,cloudy
2025-03-26 06:00:00,24.5,94.0,0.0,0.0,100,8.9,52,3,6,2,cloudy
2025-03-26 07:00:00,25.6,88.0,0.0,0.0,100,10.1,57,3,7,2,cloudy
2025-03-26 08:00:00,27.4,78.0,0.0,0.0,100,13.0,68,3,8,2,cloudy
2025-03-26 09:00:00,29.0,69.0,0.0,0.0,55,12.6,59,2,9,2,normal
2025-03-26 10:00:00,30.6,61.0,0.0,0.0,38,12.4,68,1,10,2,normal
2025-03-26 11:00:00,31.6,57.0,0.1,0.1,44,13.4,79,51,11,2,rain
2025-03-26 12:00:00,31.6,58.0,0.1,0.1,42,14.8,90,51,12,2,rain
2025-03-26 13:00:00,29.6,69.0,1.0,1.0,100,14.9,105,55,13,2,rain
2025-03-26 14:00:00,30.3,65.0,0.1,0.1,100,17.0,96,51,14,2,rain
2025-03-26 15:00:00,28.9,71.0,0.9,0.9,96,19.0,103,53,15,2,rain
2025-03-26 16:00:00,28.8,72.0,0.0,0.0,40,16.2,98,1,16,2,normal
2025-03-26 17:00:00,28.4,74.0,0.0,0.0,44,18.4,96,1,17,2,normal
2025-03-26 18:00:00,27.1,82.0,0.0,0.0,68,15.7,93,2,18,2,normal
2025-03-26 19:00:00,26.8,83.0,0.0,0.0,78,14.0,91,2,19,2,cloudy
2025-03-26 20:00:00,26.5,83.0,0.0,0.0,48,13.9,95,1,20,2,normal
2025-03-26 21:00:00,26.5,84.0,0.0,0.0,27,13.3,92,1,21,2,normal
2025-03-26 22:00:00,25.8,86.0,0.0,0.0,15,16.2,91,0,22,2,normal
2025-03-26 23:00:00,25.3,88.0,0.0,0.0,55,16.8,84,2,23,2,normal
2025-03-27 00:00:00,24.3,88.0,0.0,0.0,9,13.1,65,0,0,3,normal
2025-03-27 01:00:00,24.4,90.0,0.0,0.0,46,12.1,62,1,1,3,normal
2025-03-27 02:00:00,24.7,91.0,0.0,0.0,33,10.4,53,1,2,3,normal
2025-03-27 03:00:00,24.5,93.0,0.0,0.0,16,11.1,50,0,3,3,normal
2025-03-27 04:00:00,25.1,90.0,0.0,0.0,18,10.6,48,0,4,3,normal
2025-03-27 05:00:00,24.6,90.0,0.0,0.0,11,10.2,34,0,5,3,normal
2025-03-27 06:00:00,24.3,90.0,0.0,0.0,10,9.8,24,0,6,3,normal
2025-03-27 07:00:00,25.6,85.0,0.0,0.0,23,10.3,41,1,7,3,normal
2025-03-27 08:00:00,27.5,77.0,0.0,0.0,45,16.5,68,1,8,3,normal
2025-03-27 09:00:00,29.0,71.0,0.1,0.1,62,17.0,72,51,9,3,rain
2025-03-27 10:00:00,29.9,67.0,0.1,0.1,40,17.9,77,51,10,3,rain
2025-03-27 11:00:00,30.9,62.0,0.0,0.0,37,18.2,81,1,11,3,normal
2025-03-27 12:00:00,31.3,61.0,0.3,0.3,44,20.5,91,51,12,3,rain
2025-03-27 13:00:00,30.6,66.0,1.3,1.3,39,18.4,93,61,13,3,rain
2025-03-27 14:00:00,30.5,65.0,0.3,0.3,51,20.4,88,51,14,3,rain
2025-03-27 15:00:00,29.6,69.0,2.8,2.8,95,18.9,99,63,15,3,rain
2025-03-27 16:00:00,30.3,65.0,0.0,0.0,55,20.5,98,2,16,3,normal
2025-03-27 17:00:00,29.0,70.0,0.0,0.0,40,19.3,92,1,17,3,normal
2025-03-27 18:00:00,28.2,75.0,0.0,0.0,37,17.1,93,1,18,3,normal
2025-03-27 19:00:00,27.5,79.0,0.0,0.0,47,16.2,87,1,19,3,normal
2025-03-27 20:00:00,27.4,79.0,0.0,0.0,36,17.4,84,1,20,3,normal
2025-03-27 21:00:00,27.2,80.0,0.0,0.0,36,17.1,82,1,21,3,normal
2025-03-27 22:00:00,27.1,81.0,0.0,0.0,37,16.5,79,1,22,3,normal
2025-03-27 23:00:00,26.9,81.0,0.0,0.0,46,16.3,84,1,23,3,normal
2025-03-28 00:00:00,26.8,82.0,0.0,0.0,11,16.3,82,0,0,4,normal
2025-03-28 01:00:00,26.6,83.0,0.0,0.0,9,15.8,83,0,1,4,normal
2025-03-28 02:00:00,26.4,84.0,0.0,0.0,8,14.8,77,0,2,4,normal
2025-03-28 03:00:00,26.2,85.0,0.0,0.0,9,13.7,73,0,3,4,normal
2025-03-28 04:00:00,26.6,83.0,0.0,0.0,62,15.5,86,2,4,4,normal
2025-03-28 05:00:00,26.4,83.0,0.0,0.0,71,14.6,81,2,5,4,normal
2025-03-28 06:00:00,26.4,82.0,0.0,0.0,100,14.0,74,3,6,4,cloudy
2025-03-28 07:00:00,27.4,77.0,0.0,0.0,86,15.1,70,3,7,4,cloudy
2025-03-28 08:00:00,28.8,68.0,0.0,0.0,44,19.8,70,1,8,4,normal
2025-03-28 09:00:00,29.7,63.0,0.0,0.0,53,20.1,72,2,9,4,normal
2025-03-28 10:00:00,30.5,59.0,0.0,0.0,35,19.5,79,1,10,4,normal
2025-03-28 11:00:00,31.2,55.0,0.0,0.0,38,19.5,81,1,11,4,normal
2025-03-28 12:00:00,31.2,56.0,0.2,0.2,38,19.0,83,51,12,4,rain
2025-03-28 13:00:00,31.1,57.0,0.3,0.3,39,19.2,83,51,13,4,rain
2025-03-28 14:00:00,31.1,57.0,0.1,0.1,46,18.9,87,51,14,4,rain
2025-03-28 15:00:00,30.7,58.0,0.0,0.0,44,19.8,87,1,15,4,normal
2025-03-28 16:00:00,30.1,59.0,0.0,0.0,56,22.5,90,2,16,4,normal
2025-03-28 17:00:00,29.1,64.0,0.0,0.0,34,21.1,88,1,17,4,normal
2025-03-28 18:00:00,27.8,71.0,0.0,0.0,6,16.1,86,0,18,4,normal
2025-03-28 19:00:00,27.1,74.0,0.0,0.0,5,14.8,87,0,19,4,normal
2025-03-28 20:00:00,26.9,75.0,0.0,0.0,7,14.7,96,0,20,4,normal
2025-03-28 21:00:00,26.9,75.0,0.0,0.0,4,16.6,99,0,21,4,normal
2025-03-28 22:00:00,26.9,75.0,0.0,0.0,2,17.4,104,0,22,4,normal
2025-03-28 23:00:00,26.6,78.0,0.0,0.0,11,15.9,108,0,23,4,normal
2025-03-29 00:00:00,26.4,80.0,0.0,0.0,87,14.8,108,3,0,5,cloudy
2025-03-29 01:00:00,26.1,81.0,0.0,0.0,63,13.3,103,2,1,5,normal
2025-03-29 02:00:00,25.9,82.0,0.0,0.0,44,11.3,91,1,2,5,normal
2025-03-29 03:00:00,25.7,83.0,0.0,0.0,47,8.1,73,1,3,5,normal
2025-03-29 04:00:00,26.1,82.0,0.0,0.0,49,8.8,78,1,4,5,normal
2025-03-29 05:00:00,25.7,83.0,0.0,0.0,63,6.2,60,2,5,5,normal
2025-03-29 06:00:00,25.2,85.0,0.0,0.0,65,5.1,80,2,6,5,normal
2025-03-29 07:00:00,27.2,77.0,0.0,0.0,55,9.1,99,2,7,5,normal
2025-03-29 08:00:00,29.1,66.0,0.0,0.0,29,13.9,107,1,8,5,normal
2025-03-29 09:00:00,30.2,61.0,0.0,0.0,52,14.3,105,2,9,5,normal
2025-03-29 10:00:00,31.0,56.0,0.0,0.0,53,14.2,103,2,10,5,normal
2025-03-29 11:00:00,31.4,55.0,0.0,0.0,49,13.9,107,1,11,5,normal
2025-03-29 12:00:00,31.8,54.0,0.0,0.0,37,13.8,107,1,12,5,normal
2025-03-29 13:00:00,31.7,53.0,0.0,0.0,48,13.6,114,1,13,5,normal
2025-03-29 14:00:00,31.5,54.0,0.0,0.0,16,13.7,120,0,14,5,normal
2025-03-29 15:00:00,31.0,56.0,0.0,0.0,17,14.4,122,0,15,5,normal
2025-03-29 16:00:00,30.2,61.0,0.0,0.0,9,14.7,117,0,16,5,normal
2025-03-29 17:00:00,29.5,64.0,0.0,0.0,8,14.1,109,0,17,5,normal
2025-03-29 18:00:00,28.2,70.0,0.0,0.0,5,14.2,110,0,18,5,normal
2025-03-29 19:00:00,27.5,73.0,0.0,0.0,2,12.3,104,0,19,5,normal
2025-03-29 20:00:00,27.4,74.0,0.0,0.0,2,12.7,108,0,20,5,normal
2025-03-29 21:00:00,27.4,73.0,0.0,0.0,1,14.1,115,0,21,5,normal
2025-03-29 22:00:00,27.3,74.0,0.0,0.0,1,14.1,118,0,22,5,normal
2025-03-29 23:00:00,27.2,75.0,0.0,0.0,3,12.4,123,0,23,5,normal
2025-03-30 00:00:00,27.2,75.0,0.0,0.0,52,12.3,134,2,0,6,normal
2025-03-30 01:00:00,26.6,82.0,0.0,0.0,43,12.1,137,1,1,6,normal
2025-03-30 02:00:00,26.3,84.0,0.0,0.0,37,11.0,132,1,2,6,normal
2025-03-30 03:00:00,26.1,85.0,0.0,0.0,40,11.4,131,1,3,6,normal
2025-03-30 04:00:00,26.1,85.0,0.0,0.0,41,11.4,131,1,4,6,normal
2025-03-30 05:00:00,25.9,86.0,0.0,0.0,26,11.1,126,1,5,6,normal
2025-03-30 06:00:00,25.8,87.0,0.0,0.0,42,10.7,120,1,6,6,normal
2025-03-30 07:00:00,27.0,80.0,0.1,0.1,33,11.9,121,51,7,6,rain
2025-03-30 08:00:00,28.4,72.0,0.1,0.1,35,13.4,125,51,8,6,rain
2025-03-30 09:00:00,29.4,67.0,0.0,0.0,29,14.0,127,1,9,6,normal
2025-03-30 10:00:00,30.3,63.0,0.0,0.0,15,14.7,129,0,10,6,normal
2025-03-30 11:00:00,31.0,62.0,0.0,0.0,15,15.0,129,0,11,6,normal
2025-03-30 12:00:00,30.8,63.0,0.0,0.0,38,14.8,129,1,12,6,normal
2025-03-30 13:00:00,30.3,65.0,0.1,0.1,82,15.6,126,51,13,6,rain
2025-03-30 14:00:00,30.2,65.0,0.0,0.0,99,15.1,125,3,14,6,cloudy
2025-03-30 15:00:00,30.0,65.0,0.0,0.0,86,14.8,126,3,15,6,cloudy
2025-03-30 16:00:00,29.4,68.0,0.0,0.0,19,16.0,130,0,16,6,normal
2025-03-30 17:00:00,28.8,70.0,0.0,0.0,25,15.2,131,1,17,6,normal
2025-03-30 18:00:00,27.8,75.0,0.0,0.0,27,14.1,124,1,18,6,normal
2025-03-30 19:00:00,27.5,77.0,0.0,0.0,14,12.6,121,0,19,6,normal
2025-03-30 20:00:00,27.2,78.0,0.0,0.0,14,13.3,122,0,20,6,normal
2025-03-30 21:00:00,27.1,79.0,0.0,0.0,35,13.0,121,1,21,6,normal
2025-03-30 22:00:00,27.0,79.0,0.0,0.0,44,11.5,121,1,22,6,normal
2025-03-30 23:00:00,26.8,80.0,0.0,0.0,35,11.1,121,1,23,6,normal
2025-03-31 00:00:00,26.7,81.0,0.0,0.0,15,11.9,125,0,0,0,normal
2025-03-31 01:00:00,26.5,82.0,0.0,0.0,15,10.6,125,0,1,0,normal
2025-03-31 02:00:00,26.3,83.0,0.0,0.0,22,9.5,134,1,2,0,normal
2025-03-31 03:00:00,26.1,84.0,0.0,0.0,25,8.8,139,1,3,0,normal
2025-03-31 04:00:00,26.1,85.0,0.0,0.0,20,8.6,149,1,4,0,normal
2025-03-31 05:00:00,25.8,88.0,0.0,0.0,9,6.5,146,0,5,0,normal
2025-03-31 06:00:00,25.0,91.0,0.0,0.0,6,4.7,137,0,6,0,normal
2025-03-31 07:00:00,26.9,82.0,0.0,0.0,7,5.5,128,0,7,0,normal
2025-03-31 08:00:00,28.5,72.0,0.0,0.0,8,6.7,134,0,8,0,normal
2025-03-31 09:00:00,29.8,64.0,0.0,0.0,9,8.0,144,0,9,0,normal
2025-03-31 10:00:00,30.7,60.0,0.0,0.0,8,9.9,148,0,10,0,normal
2025-03-31 11:00:00,31.2,59.0,0.0,0.0,15,11.6,147,0,11,0,normal
2025-03-31 12:00:00,31.4,58.0,0.0,0.0,15,12.4,147,0,12,0,normal
2025-03-31 13:00:00,31.3,57.0,0.0,0.0,12,13.3,147,0,13,0,normal
2025-03-31 14:00:00,31.0,57.0,0.0,0.0,4,14.7,147,0,14,0,normal
2025-03-31 15:00:00,30.7,60.0,0.0,0.0,1,13.4,143,0,15,0,normal
2025-03-31 16:00:00,29.7,66.0,0.0,0.0,35,13.4,141,1,16,0,normal
2025-03-31 17:00:00,29.0,69.0,0.0,0.0,21,13.5,139,1,17,0,normal
2025-03-31 18:00:00,28.0,74.0,0.0,0.0,40,14.5,137,1,18,0,normal
2025-03-31 19:00:00,27.7,76.0,0.0,0.0,19,13.7,140,0,19,0,normal
2025-03-31 20:00:00,27.4,78.0,0.0,0.0,22,13.1,138,1,20,0,normal
2025-03-31 21:00:00,27.4,77.0,0.0,0.0,20,12.9,137,1,21,0,normal
2025-03-31 22:00:00,27.3,78.0,0.0,0.0,30,12.2,133,1,22,0,normal
2025-03-31 23:00:00,27.1,79.0,0.0,0.0,95,12.5,139,3,23,0,cloudy
2025-04-01 00:00:00,27.2,78.0,0.0,0.0,94,12.1,142,3,0,1,cloudy
2025-04-01 01:00:00,26.9,80.0,0.0,0.0,46,10.0,146,1,1,1,normal
2025-04-01 02:00:00,26.4,83.0,0.0,0.0,52,8.3,146,2,2,1,normal
2025-04-01 03:00:00,26.2,84.0,0.0,0.0,56,7.2,145,2,3,1,normal
2025-04-01 04:00:00,26.3,84.0,0.0,0.0,31,6.5,138,1,4,1,normal
2025-04-01 05:00:00,26.0,86.0,0.0,0.0,29,4.9,141,1,5,1,normal
2025-04-01 06:00:00,25.6,89.0,0.0,0.0,21,3.7,141,1,6,1,normal
2025-04-01 07:00:00,27.3,79.0,0.1,0.1,15,6.3,143,51,7,1,rain
2025-04-01 08:00:00,28.7,71.0,0.0,0.0,13,8.1,149,0,8,1,normal
2025-04-01 09:00:00,29.9,66.0,0.1,0.1,18,9.5,151,51,9,1,rain
2025-04-01 10:00:00,30.8,62.0,0.1,0.1,31,10.1,153,51,10,1,rain
2025-04-01 11:00:00,31.3,60.0,0.0,0.0,32,9.4,149,1,11,1,normal
2025-04-01 12:00:00,31.6,61.0,0.1,0.1,74,10.3,142,51,12,1,rain
2025-04-01 13:00:00,31.9,59.0,0.0,0.0,100,12.3,143,3,13,1,cloudy
2025-04-01 14:00:00,29.9,64.0,0.6,0.6,73,11.7,143,53,14,1,rain
2025-04-01 15:00:00,30.4,64.0,0.2,0.2,12,10.2,144,51,15,1,rain
2025-04-01 16:00:00,30.6,63.0,0.0,0.0,13,12.4,144,0,16,1,normal
2025-04-01 17:00:00,29.3,68.0,0.0,0.0,71,12.5,143,2,17,1,normal
2025-04-01 18:00:00,28.2,76.0,0.0,0.0,99,11.4,131,3,18,1,cloudy
2025-04-01 19:00:00,27.8,80.0,0.0,0.0,93,11.1,127,3,19,1,cloudy
2025-04-01 20:00:00,27.5,81.0,0.0,0.0,100,10.8,118,3,20,1,cloudy
2025-04-01 21:00:00,27.4,82.0,0.0,0.0,99,10.1,110,3,21,1,cloudy
2025-04-01 22:00:00,27.2,84.0,0.0,0.0,100,10.4,113,3,22,1,cloudy
2025-04-01 23:00:00,27.0,83.0,0.0,0.0,98,10.3,121,3,23,1,cloudy
2025-04-02 00:00:00,26.9,84.0,0.0,0.0,98,9.7,125,3,0,2,cloudy
2025-04-02 01:00:00,26.7,85.0,0.0,0.0,99,10.1,121,3,1,2,cloudy
2025-04-02 02:00:00,26.6,87.0,0.0,0.0,98,9.7,124,3,2,2,cloudy
2025-04-02 03:00:00,26.4,87.0,0.0,0.0,92,8.4,125,3,3,2,cloudy
2025-04-02 04:00:00,26.3,87.0,0.0,0.0,98,4.7,137,3,4,2,cloudy
2025-04-02 05:00:00,25.9,89.0,0.0,0.0,100,2.8,145,3,5,2,cloudy
2025-04-02 06:00:00,25.8,90.0,0.0,0.0,96,2.2,156,3,6,2,cloudy
2025-04-02 07:00:00,27.6,82.0,0.0,0.0,84,4.5,164,3,7,2,cloudy
2025-04-02 08:00:00,29.2,73.0,0.0,0.0,84,6.7,156,3,8,2,cloudy
2025-04-02 09:00:00,30.5,66.0,0.0,0.0,81,8.1,149,3,9,2,cloudy
2025-04-02 10:00:00,31.5,61.0,0.0,0.0,30,10.4,143,1,10,2,normal
2025-04-02 11:00:00,31.8,60.0,0.0,0.0,33,12.2,136,1,11,2,normal
2025-04-02 12:00:00,31.9,59.0,0.0,0.0,32,12.6,133,1,12,2,normal
2025-04-02 13:00:00,32.1,57.0,0.1,0.1,46,14.3,130,51,13,2,rain
2025-04-02 14:00:00,31.4,60.0,0.0,0.0,72,14.9,125,2,14,2,normal
2025-04-02 15:00:00,31.2,60.0,0.2,0.2,41,15.1,125,51,15,2,rain
2025-04-02 16:00:00,30.1,65.0,0.0,0.0,80,16.5,120,3,16,2,cloudy
2025-04-02 17:00:00,29.2,68.0,0.0,0.0,45,15.6,116,1,17,2,normal
2025-04-02 18:00:00,28.0,75.0,0.0,0.0,48,15.9,121,1,18,2,normal
2025-04-02 19:00:00,28.0,73.0,0.0,0.0,23,14.6,116,1,19,2,normal
2025-04-02 20:00:00,27.8,73.0,0.0,0.0,21,14.5,117,1,20,2,normal
2025-04-02 21:00:00,27.6,75.0,0.0,0.0,8,14.0,118,0,21,2,normal
2025-04-02 22:00:00,27.4,76.0,0.0,0.0,6,13.6,114,0,22,2,normal
2025-04-02 23:00:00,27.2,77.0,0.0,0.0,6,12.9,113,0,23,2,normal
2025-04-03 00:00:00,27.0,79.0,0.0,0.0,2,12.0,116,0,0,3,normal
2025-04-03 01:00:00,26.7,80.0,0.0,0.0,0,10.9,123,0,1,3,normal
2025-04-03 02:00:00,26.5,83.0,0.0,0.0,1,10.6,124,0,2,3,normal
2025-04-03 03:00:00,26.5,82.0,0.0,0.0,3,10.0,124,0,3,3,normal
2025-04-03 04:00:00,26.4,84.0,0.0,0.0,62,9.1,128,2,4,3,normal
2025-04-03 05:00:00,26.4,85.0,0.0,0.0,26,9.2,125,1,5,3,normal
2025-04-03 06:00:00,26.3,84.0,0.0,0.0,24,8.7,122,1,6,3,normal
2025-04-03 07:00:00,27.7,77.0,0.0,0.0,10,11.4,119,0,7,3,normal
2025-04-03 08:00:00,29.1,69.0,0.0,0.0,9,11.8,123,0,8,3,normal
2025-04-03 09:00:00,30.3,61.0,0.0,0.0,0,12.0,127,0,9,3,normal
2025-04-03 10:00:00,31.3,56.0,0.0,0.0,31,12.7,134,1,10,3,normal
2025-04-03 11:00:00,32.1,53.0,0.0,0.0,44,12.5,140,1,11,3,normal
2025-04-03 12:00:00,32.3,53.0,0.0,0.0,62,14.0,145,2,12,3,normal
2025-04-03 13:00:00,32.2,54.0,0.0,0.0,94,13.8,148,3,13,3,cloudy
2025-04-03 14:00:00,31.5,56.0,0.0,0.0,91,13.1,146,3,14,3,cloudy
2025-04-03 15:00:00,31.3,57.0,0.0,0.0,90,13.4,147,3,15,3,cloudy
2025-04-03 16:00:00,30.4,63.0,0.0,0.0,84,13.4,133,3,16,3,cloudy
2025-04-03 17:00:00,29.4,69.0,0.0,0.0,68,12.8,125,2,17,3,normal
2025-04-03 18:00:00,28.3,76.0,0.0,0.0,10,13.0,128,0,18,3,normal
2025-04-03 19:00:00,28.0,78.0,0.0,0.0,18,12.7,130,0,19,3,normal
2025-04-03 20:00:00,27.8,79.0,0.0,0.0,14,12.6,133,0,20,3,normal
2025-04-03 21:00:00,27.6,79.0,0.0,0.0,12,13.0,132,0,21,3,normal
2025-04-03 22:00:00,27.6,79.0,0.0,0.0,11,13.0,133,0,22,3,normal
2025-04-03 23:00:00,27.6,78.0,0.0,0.0,10,12.7,133,0,23,3,normal
2025-04-04 00:00:00,27.4,79.0,0.0,0.0,8,12.7,128,0,0,4,normal
2025-04-04 01:00:00,27.1,80.0,0.0,0.0,8,12.7,121,0,1,4,normal
2025-04-04 02:00:00,27.0,81.0,0.0,0.0,2,12.4,120,0,2,4,normal
2025-04-04 03:00:00,26.8,83.0,0.0,0.0,10,9.9,117,0,3,4,normal
2025-04-04 04:00:00,26.1,87.0,0.0,0.0,72,4.3,95,2,4,4,normal
2025-04-04 05:00:00,25.9,88.0,0.0,0.0,92,4.0,90,3,5,4,cloudy
2025-04-04 06:00:00,25.7,89.0,0.0,0.0,86,2.3,67,3,6,4,cloudy
2025-04-04 07:00:00,27.6,79.0,0.0,0.0,92,4.4,58,3,7,4,cloudy
2025-04-04 08:00:00,29.1,70.0,0.0,0.0,79,7.7,89,2,8,4,cloudy
2025-04-04 09:00:00,30.6,62.0,0.0,0.0,44,9.4,102,1,9,4,normal
2025-04-04 10:00:00,31.6,57.0,0.0,0.0,52,11.7,115,2,10,4,normal
2025-04-04 11:00:00,32.1,55.0,0.0,0.0,32,12.1,118,1,11,4,normal
2025-04-04 12:00:00,32.0,56.0,0.1,0.1,38,11.5,121,51,12,4,rain
2025-04-04 13:00:00,31.7,58.0,0.2,0.2,39,11.7,128,51,13,4,rain
2025-04-04 14:00:00,31.4,61.0,0.2,0.2,25,12.9,132,51,14,4,rain
2025-04-04 15:00:00,31.0,61.0,0.0,0.0,38,14.5,129,1,15,4,normal
2025-04-04 16:00:00,30.3,64.0,0.0,0.0,48,13.0,124,1,16,4,normal
2025-04-04 17:00:00,29.3,69.0,0.0,0.0,27,13.4,125,1,17,4,normal
2025-04-04 18:00:00,28.2,75.0,0.0,0.0,22,13.0,117,1,18,4,normal
2025-04-04 19:00:00,27.9,79.0,0.0,0.0,16,13.3,115,0,19,4,normal
2025-04-04 20:00:00,27.9,77.0,0.0,0.0,14,13.8,117,0,20,4,normal
2025-04-04 21:00:00,27.9,77.0,0.0,0.0,29,13.3,113,1,21,4,normal
2025-04-04 22:00:00,27.9,77.0,0.0,0.0,30,13.2,121,1,22,4,normal
2025-04-04 23:00:00,27.3,81.0,0.0,0.0,12,15.0,120,0,23,4,normal
2025-04-05 00:00:00,26.8,84.0,0.0,0.0,25,12.6,107,1,0,5,normal
2025-04-05 01:00:00,26.8,82.0,0.0,0.0,38,10.1,107,1,1,5,normal
2025-04-05 02:00:00,26.4,85.0,0.1,0.1,63,10.9,96,51,2,5,rain
2025-04-05 03:00:00,26.0,87.0,0.0,0.0,100,12.1,96,3,3,5,cloudy
2025-04-05 04:00:00,26.9,79.0,0.0,0.0,98,10.6,99,3,4,5,cloudy
2025-04-05 05:00:00,26.8,79.0,0.0,0.0,88,9.7,89,3,5,5,cloudy
2025-04-05 06:00:00,26.5,80.0,0.0,0.0,84,9.1,82,3,6,5,cloudy
2025-04-05 07:00:00,27.9,74.0,0.0,0.0,22,11.9,87,1,7,5,normal
2025-04-05 08:00:00,29.3,65.0,0.0,0.0,10,14.4,94,0,8,5,normal
2025-04-05 09:00:00,30.4,59.0,0.0,0.0,100,14.4,99,3,9,5,cloudy
2025-04-05 10:00:00,31.3,54.0,0.0,0.0,100,14.1,103,3,10,5,cloudy
2025-04-05 11:00:00,32.0,51.0,0.0,0.0,100,14.4,105,3,11,5,cloudy
2025-04-05 12:00:00,32.1,50.0,0.0,0.0,100,15.3,102,3,12,5,cloudy
2025-04-05 13:00:00,32.0,51.0,0.0,0.0,88,15.6,102,3,13,5,cloudy
2025-04-05 14:00:00,31.5,54.0,0.0,0.0,99,15.9,106,3,14,5,cloudy
2025-04-05 15:00:00,30.8,60.0,0.0,0.0,100,16.5,110,3,15,5,cloudy
2025-04-05 16:00:00,30.3,62.0,0.0,0.0,98,15.4,113,3,16,5,cloudy
2025-04-05 17:00:00,29.0,68.0,0.0,0.0,99,15.0,110,3,17,5,cloudy
2025-04-05 18:00:00,28.3,70.0,0.0,0.0,99,15.2,111,3,18,5,cloudy
2025-04-05 19:00:00,28.0,73.0,0.0,0.0,92,14.9,113,3,19,5,cloudy
2025-04-05 20:00:00,27.5,77.0,0.0,0.0,66,16.0,117,2,20,5,normal
2025-04-05 21:00:00,27.3,78.0,0.0,0.0,40,17.0,116,1,21,5,normal
2025-04-05 22:00:00,27.3,78.0,0.0,0.0,12,17.2,115,0,22,5,normal
2025-04-05 23:00:00,27.2,79.0,0.0,0.0,58,16.7,116,2,23,5,normal
2025-04-06 00:00:00,27.2,78.0,0.0,0.0,8,16.5,117,0,0,6,normal
2025-04-06 01:00:00,27.1,79.0,0.0,0.0,16,16.3,116,0,1,6,normal
2025-04-06 02:00:00,27.0,79.0,0.0,0.0,90,15.0,119,3,2,6,cloudy
2025-04-06 03:00:00,26.9,80.0,0.0,0.0,97,13.3,120,3,3,6,cloudy
2025-04-06 04:00:00,27.0,76.0,0.0,0.0,85,13.7,122,3,4,6,cloudy
2025-04-06 05:00:00,27.0,75.0,0.0,0.0,88,11.2,122,3,5,6,cloudy
2025-04-06 06:00:00,26.7,76.0,0.0,0.0,100,8.3,112,3,6,6,cloudy
2025-04-06 07:00:00,28.1,70.0,0.0,0.0,99,9.7,115,3,7,6,cloudy
2025-04-06 08:00:00,29.4,64.0,0.0,0.0,99,12.1,120,3,8,6,cloudy
2025-04-06 09:00:00,30.4,59.0,0.0,0.0,96,13.6,122,3,9,6,cloudy
2025-04-06 10:00:00,31.2,56.0,0.0,0.0,84,14.8,122,3,10,6,cloudy
2025-04-06 11:00:00,31.8,54.0,0.0,0.0,92,14.7,127,3,11,6,cloudy
2025-04-06 12:00:00,32.1,53.0,0.0,0.0,98,15.0,130,3,12,6,cloudy
2025-04-06 13:00:00,31.9,55.0,0.0,0.0,90,15.4,126,3,13,6,cloudy
2025-04-06 14:00:00,31.8,55.0,0.0,0.0,20,14.5,133,1,14,6,normal
2025-04-06 15:00:00,30.7,57.0,0.4,0.4,40,15.4,126,51,15,6,rain
2025-04-06 16:00:00,29.9,64.0,0.3,0.3,18,16.2,122,51,16,6,rain
2025-04-06 17:00:00,29.5,66.0,0.0,0.0,6,15.5,126,0,17,6,normal
2025-04-06 18:00:00,28.3,71.0,0.0,0.0,2,13.1,117,0,18,6,normal
2025-04-06 19:00:00,28.0,74.0,0.0,0.0,16,11.2,114,0,19,6,normal
2025-04-06 20:00:00,27.8,75.0,0.0,0.0,7,10.9,117,0,20,6,normal
2025-04-06 21:00:00,27.6,76.0,0.0,0.0,8,11.2,118,0,21,6,normal
2025-04-06 22:00:00,27.3,78.0,0.0,0.0,1,10.5,117,0,22,6,normal
2025-04-06 23:00:00,27.1,80.0,0.0,0.0,16,10.6,124,0,23,6,normal
2025-04-07 00:00:00,26.8,82.0,0.0,0.0,49,10.3,125,1,0,0,normal
2025-04-07 01:00:00,26.5,84.0,0.0,0.0,75,10.8,134,2,1,0,cloudy
2025-04-07 02:00:00,26.4,85.0,0.0,0.0,77,11.3,137,2,2,0,cloudy
2025-04-07 03:00:00,26.2,85.0,0.0,0.0,90,9.2,140,3,3,0,cloudy
2025-04-07 04:00:00,26.3,84.0,0.0,0.0,98,8.4,140,3,4,0,cloudy
2025-04-07 05:00:00,26.2,85.0,0.0,0.0,100,7.4,141,3,5,0,cloudy
2025-04-07 06:00:00,26.0,86.0,0.0,0.0,100,5.4,138,3,6,0,cloudy
2025-04-07 07:00:00,27.8,77.0,0.0,0.0,98,7.4,135,3,7,0,cloudy
2025-04-07 08:00:00,29.2,68.0,0.0,0.0,100,9.3,136,3,8,0,cloudy
2025-04-07 09:00:00,30.3,63.0,0.0,0.0,100,10.4,132,3,9,0,cloudy
2025-04-07 10:00:00,31.1,60.0,0.0,0.0,99,11.2,134,3,10,0,cloudy
2025-04-07 11:00:00,31.8,55.0,0.0,0.0,99,12.1,137,3,11,0,cloudy
2025-04-07 12:00:00,32.0,55.0,0.0,0.0,97,12.9,141,3,12,0,cloudy
2025-04-07 13:00:00,31.8,55.0,0.0,0.0,100,12.4,144,3,13,0,cloudy
2025-04-07 14:00:00,31.6,55.0,0.0,0.0,100,14.2,142,3,14,0,cloudy
2025-04-07 15:00:00,31.4,56.0,0.0,0.0,100,12.1,145,3,15,0,cloudy
2025-04-07 16:00:00,30.6,59.0,0.0,0.0,100,12.1,142,3,16,0,cloudy
2025-04-07 17:00:00,29.4,67.0,0.0,0.0,99,12.6,137,3,17,0,cloudy
2025-04-07 18:00:00,28.5,71.0,0.0,0.0,99,11.5,135,3,18,0,cloudy
2025-04-07 19:00:00,27.9,76.0,0.0,0.0,100,9.7,133,3,19,0,cloudy
2025-04-07 20:00:00,27.6,78.0,0.0,0.0,98,9.8,126,3,20,0,cloudy
2025-04-07 21:00:00,27.6,78.0,0.0,0.0,99,9.6,127,3,21,0,cloudy
2025-04-07 22:00:00,27.3,80.0,0.0,0.0,99,9.7,130,3,22,0,cloudy
2025-04-07 23:00:00,27.2,80.0,0.0,0.0,93,9.2,137,3,23,0,cloudy
2025-04-08 00:00:00,27.1,81.0,0.0,0.0,98,8.1,137,3,0,1,cloudy
2025-04-08 01:00:00,26.8,82.0,0.0,0.0,93,7.6,142,3,1,1,cloudy
2025-04-08 02:00:00,26.8,82.0,0.0,0.0,99,6.6,143,3,2,1,cloudy
2025-04-08 03:00:00,26.5,83.0,0.0,0.0,97,6.1,137,3,3,1,cloudy
2025-04-08 04:00:00,26.7,82.0,0.0,0.0,99,9.2,152,3,4,1,cloudy
2025-04-08 05:00:00,26.8,81.0,0.0,0.0,97,9.0,151,3,5,1,cloudy
2025-04-08 06:00:00,26.6,83.0,0.0,0.0,96,7.5,150,3,6,1,cloudy
2025-04-08 07:00:00,28.0,75.0,0.0,0.0,98,10.5,153,3,7,1,cloudy
2025-04-08 08:00:00,29.3,69.0,0.0,0.0,98,11.4,157,3,8,1,cloudy
2025-04-08 09:00:00,30.4,63.0,0.0,0.0,97,12.3,165,3,9,1,cloudy
2025-04-08 10:00:00,31.3,59.0,0.0,0.0,98,13.3,170,3,10,1,cloudy
2025-04-08 11:00:00,31.9,57.0,0.0,0.0,99,14.0,173,3,11,1,cloudy
2025-04-08 12:00:00,32.1,56.0,0.0,0.0,96,15.9,177,3,12,1,cloudy
2025-04-08 13:00:00,32.0,57.0,0.0,0.0,100,15.5,180,3,13,1,cloudy
2025-04-08 14:00:00,31.8,57.0,0.0,0.0,100,16.2,176,3,14,1,cloudy
2025-04-08 15:00:00,31.2,59.0,0.0,0.0,99,14.3,176,3,15,1,cloudy
2025-04-08 16:00:00,30.4,64.0,0.3,0.3,99,12.9,168,51,16,1,rain
2025-04-08 17:00:00,29.6,68.0,0.0,0.0,99,14.9,167,3,17,1,cloudy
2025-04-08 18:00:00,28.9,71.0,0.0,0.0,99,13.5,168,3,18,1,cloudy
2025-04-08 19:00:00,28.5,73.0,0.0,0.0,98,12.6,163,3,19,1,cloudy
2025-04-08 20:00:00,28.2,75.0,0.0,0.0,100,11.4,161,3,20,1,cloudy
2025-04-08 21:00:00,28.1,75.0,0.0,0.0,100,12.1,160,3,21,1,cloudy
2025-04-08 22:00:00,28.1,75.0,0.0,0.0,95,10.7,167,3,22,1,cloudy
2025-04-08 23:00:00,27.8,77.0,0.0,0.0,98,10.7,172,3,23,1,cloudy
2025-04-09 00:00:00,27.7,77.0,0.0,0.0,96,10.6,170,3,0,2,cloudy
2025-04-09 01:00:00,27.5,77.0,0.0,0.0,99,9.9,170,3,1,2,cloudy
2025-04-09 02:00:00,27.5,76.0,0.0,0.0,99,10.4,169,3,2,2,cloudy
2025-04-09 03:00:00,26.9,79.0,0.0,0.0,99,9.2,168,3,3,2,cloudy
2025-04-09 04:00:00,26.7,84.0,0.0,0.0,99,7.9,191,3,4,2,cloudy
2025-04-09 05:00:00,25.2,92.0,0.3,0.3,100,10.7,115,51,5,2,rain
2025-04-09 06:00:00,24.9,93.0,0.0,0.0,98,7.2,112,3,6,2,cloudy
2025-04-09 07:00:00,25.9,86.0,0.0,0.0,99,8.6,123,3,7,2,cloudy
2025-04-09 08:00:00,27.7,76.0,0.0,0.0,72,8.2,131,2,8,2,normal
2025-04-09 09:00:00,29.3,69.0,0.0,0.0,65,9.1,131,2,9,2,normal
2025-04-09 10:00:00,30.4,64.0,0.0,0.0,17,10.1,140,0,10,2,normal
2025-04-09 11:00:00,31.4,61.0,0.0,0.0,4,10.9,146,0,11,2,normal
2025-04-09 12:00:00,31.9,59.0,0.0,0.0,18,11.0,150,0,12,2,normal
2025-04-09 13:00:00,31.4,59.0,2.2,2.2,58,12.7,157,61,13,2,rain
2025-04-09 14:00:00,30.6,62.0,1.6,1.6,60,13.9,166,61,14,2,rain
2025-04-09 15:00:00,30.4,66.0,0.6,0.6,51,11.3,149,53,15,2,rain
2025-04-09 16:00:00,28.8,73.0,1.1,1.1,57,13.4,160,55,16,2,rain
2025-04-09 17:00:00,28.3,74.0,0.2,0.2,65,13.3,167,51,17,2,rain
2025-04-09 18:00:00,27.4,80.0,0.5,0.5,68,6.9,152,53,18,2,rain
2025-04-09 19:00:00,26.7,84.0,0.4,0.4,60,9.1,142,51,19,2,rain
2025-04-09 20:00:00,26.2,86.0,0.0,0.0,16,7.6,173,0,20,2,normal
2025-04-09 21:00:00,25.8,88.0,0.0,0.0,16,2.7,212,0,21,2,normal
2025-04-09 22:00:00,25.4,90.0,0.0,0.0,99,2.4,243,3,22,2,cloudy
2025-04-09 23:00:00,25.3,90.0,0.0,0.0,6,1.4,360,0,23,2,normal
2025-04-10 00:00:00,24.8,94.0,0.0,0.0,17,2.9,4,0,0,3,normal
2025-04-10 01:00:00,24.7,94.0,0.0,0.0,15,3.3,6,0,1,3,normal
2025-04-10 02:00:00,24.5,95.0,0.0,0.0,42,4.0,355,1,2,3,normal
2025-04-10 03:00:00,24.5,95.0,0.0,0.0,41,0.6,56,1,3,3,normal
2025-04-10 04:00:00,26.0,89.0,0.0,0.0,93,6.9,113,3,4,3,cloudy
2025-04-10 05:00:00,25.8,89.0,0.0,0.0,51,5.4,98,2,5,3,normal
2025-04-10 06:00:00,25.5,90.0,0.1,0.1,42,5.2,92,51,6,3,rain
2025-04-10 07:00:00,26.9,82.0,0.0,0.0,33,7.9,102,1,7,3,normal
2025-04-10 08:00:00,28.7,71.0,0.0,0.0,64,11.1,124,2,8,3,normal
2025-04-10 09:00:00,29.6,67.0,0.1,0.1,35,12.0,134,51,9,3,rain
2025-04-10 10:00:00,30.1,67.0,0.3,0.3,48,11.4,131,51,10,3,rain
2025-04-10 11:00:00,30.2,67.0,0.3,0.3,49,7.7,99,51,11,3,rain
2025-04-10 12:00:00,30.3,66.0,2.6,2.6,50,11.6,123,63,12,3,rain
2025-04-10 13:00:00,31.4,61.0,2.4,2.4,43,12.2,135,61,13,3,rain
2025-04-10 14:00:00,30.1,67.0,2.0,2.0,35,4.2,83,61,14,3,rain
2025-04-10 15:00:00,29.6,67.0,0.9,0.9,40,8.9,146,53,15,3,rain
2025-04-10 16:00:00,29.6,67.0,1.6,1.6,46,9.7,137,61,16,3,rain
2025-04-10 17:00:00,29.2,70.0,0.0,0.0,18,9.3,143,0,17,3,normal
2025-04-10 18:00:00,28.2,75.0,0.0,0.0,9,8.3,147,0,18,3,normal
2025-04-10 19:00:00,27.6,79.0,0.0,0.0,12,7.4,151,0,19,3,normal
2025-04-10 20:00:00,27.4,81.0,0.0,0.0,8,6.5,148,0,20,3,normal
2025-04-10 21:00:00,27.2,81.0,0.0,0.0,19,6.2,154,0,21,3,normal
2025-04-10 22:00:00,27.0,82.0,0.0,0.0,13,6.3,153,0,22,3,normal
2025-04-10 23:00:00,26.5,85.0,0.0,0.0,85,4.9,152,3,23,3,cloudy
2025-04-11 00:00:00,26.0,87.0,0.0,0.0,71,4.0,153,2,0,4,normal
2025-04-11 01:00:00,26.0,87.0,0.0,0.0,59,2.7,148,2,1,4,normal
2025-04-11 02:00:00,25.6,89.0,0.0,0.0,68,3.7,145,2,2,4,normal
2025-04-11 03:00:00,25.4,90.0,0.0,0.0,86,4.3,138,3,3,4,cloudy
2025-04-11 04:00:00,25.5,89.0,0.0,0.0,1,4.6,132,0,4,4,normal
2025-04-11 05:00:00,25.5,89.0,0.0,0.0,2,5.2,139,0,5,4,normal
2025-04-11 06:00:00,25.8,88.0,0.0,0.0,3,6.0,141,0,6,4,normal
2025-04-11 07:00:00,27.9,79.0,0.0,0.0,34,8.9,137,1,7,4,normal
2025-04-11 08:00:00,29.3,71.0,0.0,0.0,8,10.1,137,0,8,4,normal
2025-04-11 09:00:00,30.3,66.0,0.0,0.0,26,11.6,139,1,9,4,normal
2025-04-11 10:00:00,31.1,64.0,0.0,0.0,73,12.5,143,2,10,4,normal
2025-04-11 11:00:00,31.2,63.0,0.1,0.1,58,13.1,146,51,11,4,rain
2025-04-11 12:00:00,31.0,64.0,0.5,0.5,57,13.9,149,53,12,4,rain
2025-04-11 13:00:00,30.4,65.0,2.2,2.2,70,13.2,152,61,13,4,rain
2025-04-11 14:00:00,31.4,62.0,0.1,0.1,27,13.9,150,51,14,4,rain
2025-04-11 15:00:00,30.8,62.0,0.0,0.0,40,13.1,153,1,15,4,normal
2025-04-11 16:00:00,30.3,65.0,0.0,0.0,19,14.3,155,0,16,4,normal
2025-04-11 17:00:00,29.5,68.0,0.0,0.0,21,13.8,154,1,17,4,normal
2025-04-11 18:00:00,28.5,72.0,0.0,0.0,29,12.1,155,1,18,4,normal
2025-04-11 19:00:00,28.1,75.0,0.0,0.0,55,11.3,149,2,19,4,normal
2025-04-11 20:00:00,28.0,76.0,0.0,0.0,84,11.9,148,3,20,4,cloudy
2025-04-11 21:00:00,27.9,76.0,0.0,0.0,41,11.4,151,1,21,4,normal
2025-04-11 22:00:00,27.9,76.0,0.0,0.0,54,11.0,152,2,22,4,normal
2025-04-11 23:00:00,27.7,77.0,0.0,0.0,36,9.6,152,1,23,4,normal
2025-04-12 00:00:00,27.5,79.0,0.0,0.0,24,9.2,152,1,0,5,normal
2025-04-12 01:00:00,27.3,80.0,0.0,0.0,21,8.6,154,1,1,5,normal
2025-04-12 02:00:00,27.1,80.0,0.0,0.0,16,7.3,155,0,2,5,normal
2025-04-12 03:00:00,27.0,81.0,0.0,0.0,20,8.2,158,1,3,5,normal
2025-04-12 04:00:00,27.2,79.0,0.0,0.0,13,7.7,164,0,4,5,normal
2025-04-12 05:00:00,27.1,77.0,0.0,0.0,8,7.1,164,0,5,5,normal
2025-04-12 06:00:00,27.2,77.0,0.0,0.0,5,8.3,160,0,6,5,normal
2025-04-12 07:00:00,28.7,72.0,0.0,0.0,13,10.5,158,0,7,5,normal
2025-04-12 08:00:00,30.0,65.0,0.0,0.0,9,12.0,159,0,8,5,normal
2025-04-12 09:00:00,30.9,62.0,0.0,0.0,11,12.6,158,0,9,5,normal
2025-04-12 10:00:00,31.7,59.0,0.0,0.0,15,13.7,157,0,10,5,normal
2025-04-12 11:00:00,32.3,56.0,0.0,0.0,13,14.3,156,0,11,5,normal
2025-04-12 12:00:00,32.6,55.0,0.0,0.0,22,14.2,158,1,12,5,normal
2025-04-12 13:00:00,32.3,56.0,0.0,0.0,31,14.6,158,1,13,5,normal
2025-04-12 14:00:00,31.5,58.0,0.0,0.0,64,15.2,157,2,14,5,normal
2025-04-12 15:00:00,31.5,58.0,0.0,0.0,81,16.2,159,3,15,5,cloudy
2025-04-12 16:00:00,30.5,64.0,0.1,0.1,87,15.9,148,51,16,5,rain
2025-04-12 17:00:00,30.3,65.0,0.0,0.0,97,14.3,151,3,17,5,cloudy
2025-04-12 18:00:00,29.2,69.0,0.0,0.0,88,12.4,149,3,18,5,cloudy
2025-04-12 19:00:00,28.9,71.0,0.0,0.0,91,13.0,151,3,19,5,cloudy
2025-04-12 20:00:00,28.8,71.0,0.0,0.0,96,11.3,149,3,20,5,cloudy
2025-04-12 21:00:00,28.7,72.0,0.0,0.0,97,11.9,150,3,21,5,cloudy
2025-04-12 22:00:00,28.6,72.0,0.0,0.0,99,11.3,155,3,22,5,cloudy
2025-04-12 23:00:00,28.4,72.0,0.0,0.0,95,10.4,154,3,23,5,cloudy
2025-04-13 00:00:00,28.2,73.0,0.0,0.0,96,9.7,155,3,0,6,cloudy
2025-04-13 01:00:00,28.0,73.0,0.0,0.0,94,10.8,162,3,1,6,cloudy
2025-04-13 02:00:00,28.0,71.0,0.0,0.0,90,10.2,166,3,2,6,cloudy
2025-04-13 03:00:00,27.9,71.0,0.0,0.0,95,10.4,166,3,3,6,cloudy
2025-04-13 04:00:00,27.9,70.0,0.0,0.0,9,11.5,166,0,4,6,normal
2025-04-13 05:00:00,27.9,70.0,0.0,0.0,97,10.9,164,3,5,6,cloudy
2025-04-13 06:00:00,27.8,71.0,0.0,0.0,88,11.5,163,3,6,6,cloudy
2025-04-13 07:00:00,29.1,66.0,0.0,0.0,100,13.0,162,3,7,6,cloudy
2025-04-13 08:00:00,30.2,61.0,0.0,0.0,99,13.3,164,3,8,6,cloudy
2025-04-13 09:00:00,31.1,58.0,0.0,0.0,94,12.9,161,3,9,6,cloudy
2025-04-13 10:00:00,31.8,55.0,0.0,0.0,95,12.9,160,3,10,6,cloudy
2025-04-13 11:00:00,32.5,53.0,0.1,0.1,98,14.1,163,51,11,6,rain
2025-04-13 12:00:00,32.7,53.0,0.0,0.0,90,15.0,163,3,12,6,cloudy
2025-04-13 13:00:00,32.5,53.0,0.1,0.1,48,15.1,160,51,13,6,rain
2025-04-13 14:00:00,31.8,56.0,0.4,0.4,86,15.2,164,51,14,6,rain
2025-04-13 15:00:00,31.3,58.0,0.0,0.0,99,15.0,164,3,15,6,cloudy
2025-04-13 16:00:00,31.3,57.0,0.0,0.0,10,14.2,159,0,16,6,normal
2025-04-13 17:00:00,30.3,61.0,0.0,0.0,8,13.3,161,0,17,6,normal
2025-04-13 18:00:00,29.2,67.0,0.0,0.0,58,11.0,165,2,18,6,normal
2025-04-13 19:00:00,28.8,70.0,0.0,0.0,69,10.0,167,2,19,6,normal
2025-04-13 20:00:00,28.5,72.0,0.0,0.0,68,9.7,161,2,20,6,normal
2025-04-13 21:00:00,28.3,72.0,0.0,0.0,100,9.5,155,3,21,6,cloudy
2025-04-13 22:00:00,28.1,73.0,0.0,0.0,93,8.9,156,3,22,6,cloudy
2025-04-13 23:00:00,27.2,77.0,0.0,0.0,100,4.7,157,3,23,6,cloudy
2025-04-14 00:00:00,27.3,76.0,0.0,0.0,98,6.0,171,3,0,0,cloudy
2025-04-14 01:00:00,26.7,80.0,0.0,0.0,93,3.1,193,3,1,0,cloudy
2025-04-14 02:00:00,26.4,80.0,0.0,0.0,99,3.5,246,3,2,0,cloudy
2025-04-14 03:00:00,25.7,85.0,0.1,0.1,100,6.4,306,51,3,0,rain
2025-04-14 04:00:00,25.7,81.0,0.0,0.0,98,3.7,284,3,4,0,cloudy
2025-04-14 05:00:00,25.4,84.0,0.0,0.0,100,8.1,321,3,5,0,cloudy
2025-04-14 06:00:00,24.3,91.0,0.0,0.0,95,11.7,326,3,6,0,cloudy
2025-04-14 07:00:00,25.8,83.0,0.0,0.0,100,9.2,337,3,7,0,cloudy
2025-04-14 08:00:00,28.5,69.0,0.0,0.0,91,8.9,335,3,8,0,cloudy
2025-04-14 09:00:00,30.4,60.0,0.0,0.0,96,4.2,335,3,9,0,cloudy
2025-04-14 10:00:00,32.2,52.0,0.0,0.0,96,0.8,135,3,10,0,cloudy
2025-04-14 11:00:00,33.3,47.0,0.0,0.0,51,4.7,157,2,11,0,normal
2025-04-14 12:00:00,33.7,45.0,0.0,0.0,62,7.0,159,2,12,0,normal
2025-04-14 13:00:00,32.7,51.0,0.6,0.6,94,10.4,157,53,13,0,rain
2025-04-14 14:00:00,31.7,53.0,0.2,0.2,65,13.0,152,51,14,0,rain
2025-04-14 15:00:00,31.5,53.0,0.0,0.0,89,11.5,151,3,15,0,cloudy
2025-04-14 16:00:00,31.3,56.0,0.0,0.0,100,12.6,149,3,16,0,cloudy
2025-04-14 17:00:00,30.1,60.0,0.0,0.0,97,12.7,140,3,17,0,cloudy
2025-04-14 18:00:00,28.8,69.0,0.0,0.0,79,10.7,135,2,18,0,cloudy
2025-04-14 19:00:00,28.5,72.0,0.0,0.0,18,9.7,129,0,19,0,normal
2025-04-14 20:00:00,28.4,71.0,0.0,0.0,18,10.7,132,0,20,0,normal
2025-04-14 21:00:00,28.4,70.0,0.0,0.0,52,9.6,120,2,21,0,normal
2025-04-14 22:00:00,28.2,72.0,0.0,0.0,75,7.7,121,2,22,0,cloudy
2025-04-14 23:00:00,28.0,73.0,0.0,0.0,69,6.6,123,2,23,0,normal
2025-04-15 00:00:00,27.5,76.0,0.0,0.0,92,5.1,94,3,0,1,cloudy
2025-04-15 01:00:00,26.2,83.0,0.0,0.0,100,11.7,81,3,1,1,cloudy
2025-04-15 02:00:00,25.2,88.0,0.0,0.0,99,9.4,78,3,2,1,cloudy
2025-04-15 03:00:00,24.9,91.0,0.0,0.0,97,6.2,57,3,3,1,cloudy
2025-04-15 04:00:00,25.6,90.0,0.0,0.0,89,3.3,61,3,4,1,cloudy
2025-04-15 05:00:00,25.4,92.0,0.0,0.0,97,3.4,65,3,5,1,cloudy
2025-04-15 06:00:00,25.5,93.0,0.0,0.0,92,4.2,85,3,6,1,cloudy
2025-04-15 07:00:00,27.6,83.0,0.0,0.0,91,6.4,101,3,7,1,cloudy
2025-04-15 08:00:00,29.6,69.0,0.1,0.1,89,9.3,117,51,8,1,rain
2025-04-15 09:00:00,30.8,62.0,0.0,0.0,84,10.0,123,3,9,1,cloudy
2025-04-15 10:00:00,31.6,59.0,0.0,0.0,87,11.2,125,3,10,1,cloudy
2025-04-15 11:00:00,32.2,57.0,0.0,0.0,66,11.5,125,2,11,1,normal
2025-04-15 12:00:00,32.7,55.0,0.0,0.0,98,12.5,133,3,12,1,cloudy
2025-04-15 13:00:00,29.8,65.0,3.0,3.0,98,13.3,130,63,13,1,rain
2025-04-15 14:00:00,31.6,59.0,0.2,0.2,97,13.8,143,51,14,1,rain
2025-04-15 15:00:00,30.5,63.0,0.9,0.9,98,13.6,134,53,15,1,rain
2025-04-15 16:00:00,31.4,61.0,0.0,0.0,94,8.0,142,3,16,1,cloudy
2025-04-15 17:00:00,30.0,65.0,0.3,0.3,86,9.2,132,51,17,1,rain
2025-04-15 18:00:00,29.0,70.0,0.0,0.0,26,5.6,117,1,18,1,normal
2025-04-15 19:00:00,28.3,74.0,0.0,0.0,15,6.6,112,0,19,1,normal
2025-04-15 20:00:00,27.9,76.0,0.0,0.0,18,5.1,117,0,20,1,normal
2025-04-15 21:00:00,27.9,77.0,0.0,0.0,34,6.1,118,1,21,1,normal
2025-04-15 22:00:00,27.8,77.0,0.0,0.0,33,7.8,124,1,22,1,normal
2025-04-15 23:00:00,27.3,79.0,0.2,0.2,87,10.2,146,51,23,1,rain
2025-04-16 00:00:00,25.0,93.0,5.2,5.2,99,2.0,270,63,0,2,heavy_rain
2025-04-16 01:00:00,24.8,94.0,0.2,0.2,99,1.6,174,51,1,2,rain
2025-04-16 02:00:00,24.5,95.0,0.9,0.9,99,3.2,27,53,2,2,rain
2025-04-16 03:00:00,24.6,94.0,0.1,0.1,99,4.4,78,51,3,2,rain
2025-04-16 04:00:00,23.6,98.0,2.3,2.3,100,8.6,2,61,4,2,rain
2025-04-16 05:00:00,23.3,97.0,4.6,4.6,100,9.6,6,63,5,2,rain
2025-04-16 06:00:00,23.3,97.0,0.3,0.3,100,7.8,7,51,6,2,rain
2025-04-16 07:00:00,23.7,94.0,0.3,0.3,100,8.6,340,51,7,2,rain
2025-04-16 08:00:00,24.3,93.0,0.3,0.3,100,8.4,50,51,8,2,rain
2025-04-16 09:00:00,25.5,84.0,0.2,0.2,100,7.3,316,51,9,2,rain
2025-04-16 10:00:00,27.0,76.0,0.1,0.1,100,3.6,49,51,10,2,rain
2025-04-16 11:00:00,28.8,68.0,0.1,0.1,100,2.2,81,51,11,2,rain
2025-04-16 12:00:00,29.7,67.0,0.1,0.1,100,5.0,159,51,12,2,rain
2025-04-16 13:00:00,29.3,69.0,4.1,4.1,98,10.5,142,63,13,2,rain
2025-04-16 14:00:00,26.1,84.0,4.5,4.5,100,1.7,72,63,14,2,rain
2025-04-16 15:00:00,28.0,75.0,0.3,0.3,98,5.4,154,51,15,2,rain
2025-04-16 16:00:00,28.1,75.0,0.0,0.0,100,9.7,169,3,16,2,cloudy
2025-04-16 17:00:00,27.4,78.0,0.0,0.0,100,8.2,166,3,17,2,cloudy
2025-04-16 18:00:00,26.7,82.0,0.0,0.0,100,4.8,149,3,18,2,cloudy
2025-04-16 19:00:00,25.9,88.0,0.0,0.0,56,2.9,133,2,19,2,normal
2025-04-16 20:00:00,25.8,89.0,0.0,0.0,87,0.6,124,3,20,2,cloudy
2025-04-16 21:00:00,25.6,89.0,0.0,0.0,100,0.7,76,3,21,2,cloudy
2025-04-16 22:00:00,25.4,90.0,0.0,0.0,100,1.0,45,3,22,2,cloudy
2025-04-16 23:00:00,25.2,91.0,0.0,0.0,88,1.4,50,3,23,2,cloudy
2025-04-17 00:00:00,24.8,92.0,0.0,0.0,82,1.6,6,3,0,3,cloudy
2025-04-17 01:00:00,24.5,94.0,0.0,0.0,16,3.8,343,0,1,3,normal
2025-04-17 02:00:00,24.1,95.0,0.0,0.0,69,4.9,350,2,2,3,normal
2025-04-17 03:00:00,23.9,95.0,0.0,0.0,71,4.8,338,2,3,3,normal
2025-04-17 04:00:00,24.0,94.0,0.0,0.0,78,2.2,9,2,4,3,cloudy
2025-04-17 05:00:00,24.0,94.0,0.0,0.0,74,3.8,17,2,5,3,normal
2025-04-17 06:00:00,24.0,94.0,0.0,0.0,94,4.3,22,3,6,3,cloudy
2025-04-17 07:00:00,26.0,86.0,0.0,0.0,73,5.3,28,2,7,3,normal
2025-04-17 08:00:00,28.1,76.0,0.0,0.0,81,5.0,75,3,8,3,cloudy
2025-04-17 09:00:00,29.6,67.0,0.0,0.0,91,5.9,102,3,9,3,cloudy
2025-04-17 10:00:00,30.8,62.0,0.0,0.0,98,6.7,128,3,10,3,cloudy
2025-04-17 11:00:00,31.4,61.0,0.0,0.0,100,9.1,139,3,11,3,cloudy
2025-04-17 12:00:00,31.5,56.0,0.3,0.3,99,10.5,142,51,12,3,rain
2025-04-17 13:00:00,30.2,65.0,0.2,0.2,99,11.2,145,51,13,3,rain
2025-04-17 14:00:00,30.9,62.0,0.1,0.1,99,12.9,136,51,14,3,rain
2025-04-17 15:00:00,29.9,66.0,0.4,0.4,96,12.5,130,51,15,3,rain
2025-04-17 16:00:00,29.9,65.0,0.1,0.1,100,8.3,141,51,16,3,rain
2025-04-17 17:00:00,29.2,68.0,0.0,0.0,99,9.7,135,3,17,3,cloudy
2025-04-17 18:00:00,28.1,75.0,0.0,0.0,98,6.6,143,3,18,3,cloudy
2025-04-17 19:00:00,27.5,78.0,0.0,0.0,96,7.0,151,3,19,3,cloudy
2025-04-17 20:00:00,27.0,80.0,0.0,0.0,32,4.7,148,1,20,3,normal
2025-04-17 21:00:00,26.4,84.0,0.0,0.0,32,3.9,164,1,21,3,normal
2025-04-17 22:00:00,26.4,84.0,0.0,0.0,21,3.1,167,1,22,3,normal
2025-04-17 23:00:00,26.3,84.0,0.0,0.0,25,2.5,210,1,23,3,normal
2025-04-18 00:00:00,26.1,84.0,0.0,0.0,13,1.5,225,0,0,4,normal
2025-04-18 01:00:00,25.5,87.0,0.0,0.0,11,1.7,302,0,1,4,normal
2025-04-18 02:00:00,24.7,92.0,0.0,0.0,11,2.8,325,0,2,4,normal
2025-04-18 03:00:00,24.5,94.0,0.0,0.0,48,5.7,328,1,3,4,normal
2025-04-18 04:00:00,24.7,93.0,0.0,0.0,98,2.4,197,3,4,4,cloudy
2025-04-18 05:00:00,24.6,92.0,0.0,0.0,99,0.7,284,3,5,4,cloudy
2025-04-18 06:00:00,24.5,92.0,0.0,0.0,82,0.5,315,3,6,4,cloudy
2025-04-18 07:00:00,26.4,85.0,0.0,0.0,40,1.0,22,1,7,4,normal
2025-04-18 08:00:00,28.3,74.0,0.0,0.0,18,3.8,121,0,8,4,normal
2025-04-18 09:00:00,29.6,67.0,0.0,0.0,26,6.8,132,1,9,4,normal
2025-04-18 10:00:00,30.3,65.0,0.2,0.2,36,8.2,128,51,10,4,rain
2025-04-18 11:00:00,31.2,62.0,0.0,0.0,67,7.9,141,2,11,4,normal
2025-04-18 12:00:00,30.5,64.0,1.6,1.6,97,11.6,154,61,12,4,rain
2025-04-18 13:00:00,29.1,70.0,2.0,2.0,81,4.7,108,61,13,4,rain
2025-04-18 14:00:00,28.4,73.0,3.4,3.4,97,10.1,174,63,14,4,rain
2025-04-18 15:00:00,29.0,68.0,0.9,0.9,100,11.0,162,53,15,4,rain
2025-04-18 16:00:00,29.4,67.0,1.4,1.4,100,8.6,149,61,16,4,rain
2025-04-18 17:00:00,28.7,69.0,0.2,0.2,100,9.5,155,51,17,4,rain
2025-04-18 18:00:00,27.6,76.0,0.1,0.1,100,7.0,179,51,18,4,rain
2025-04-18 19:00:00,25.2,90.0,3.7,3.7,100,4.7,274,63,19,4,rain
2025-04-18 20:00:00,25.0,92.0,1.0,1.0,100,3.3,248,55,20,4,rain
2025-04-18 21:00:00,24.8,95.0,0.0,0.0,100,1.2,219,3,21,4,cloudy
2025-04-18 22:00:00,24.6,95.0,0.0,0.0,100,0.6,288,3,22,4,cloudy
2025-04-18 23:00:00,24.4,96.0,0.0,0.0,100,0.7,360,3,23,4,cloudy
2025-04-19 00:00:00,24.1,98.0,0.0,0.0,100,2.5,352,3,0,5,cloudy
2025-04-19 01:00:00,23.9,98.0,0.0,0.0,99,2.6,12,3,1,5,cloudy
2025-04-19 02:00:00,23.8,98.0,0.0,0.0,100,3.3,347,3,2,5,cloudy
2025-04-19 03:00:00,23.8,97.0,0.0,0.0,99,3.8,343,3,3,5,cloudy
2025-04-19 04:00:00,23.4,98.0,0.0,0.0,100,3.0,322,3,4,5,cloudy
2025-04-19 05:00:00,23.3,98.0,0.0,0.0,99,2.4,333,3,5,5,cloudy
2025-04-19 06:00:00,23.2,98.0,0.0,0.0,100,2.7,337,3,6,5,cloudy
2025-04-19 07:00:00,24.7,94.0,0.0,0.0,100,4.4,328,3,7,5,cloudy
2025-04-19 08:00:00,27.5,77.0,0.0,0.0,100,2.1,329,3,8,5,cloudy
2025-04-19 09:00:00,29.2,68.0,0.0,0.0,96,2.9,176,3,9,5,cloudy
2025-04-19 10:00:00,30.5,63.0,0.0,0.0,82,4.0,162,3,10,5,cloudy
2025-04-19 11:00:00,31.5,60.0,0.0,0.0,96,5.0,159,3,11,5,cloudy
2025-04-19 12:00:00,32.2,57.0,0.0,0.0,100,8.0,166,3,12,5,cloudy
2025-04-19 13:00:00,29.0,70.0,3.8,3.8,96,11.4,154,63,13,5,rain
2025-04-19 14:00:00,30.1,65.0,0.3,0.3,99,2.9,184,51,14,5,rain
2025-04-19 15:00:00,27.6,75.0,5.0,5.0,99,7.2,166,63,15,5,heavy_rain
2025-04-19 16:00:00,29.2,68.0,0.2,0.2,100,4.3,138,51,16,5,rain
2025-04-19 17:00:00,28.9,69.0,0.0,0.0,100,7.9,139,3,17,5,cloudy
2025-04-19 18:00:00,28.3,71.0,0.0,0.0,100,6.7,142,3,18,5,cloudy
2025-04-19 19:00:00,27.7,75.0,0.0,0.0,100,6.9,147,3,19,5,cloudy
2025-04-19 20:00:00,27.4,75.0,0.0,0.0,100,6.5,148,3,20,5,cloudy
2025-04-19 21:00:00,26.9,78.0,0.0,0.0,43,4.6,154,1,21,5,normal
2025-04-19 22:00:00,26.4,80.0,0.0,0.0,81,2.8,235,3,22,5,cloudy
2025-04-19 23:00:00,25.5,86.0,0.1,0.1,100,2.1,290,51,23,5,rain
2025-04-20 00:00:00,24.9,91.0,0.0,0.0,99,3.8,329,3,0,6,cloudy
2025-04-20 01:00:00,24.1,95.0,0.0,0.0,100,6.5,326,3,1,6,cloudy
2025-04-20 02:00:00,23.7,95.0,0.0,0.0,100,7.4,315,3,2,6,cloudy
2025-04-20 03:00:00,23.7,95.0,0.0,0.0,89,7.4,321,3,3,6,cloudy
2025-04-20 04:00:00,24.5,96.0,0.0,0.0,100,4.3,303,3,4,6,cloudy
2025-04-20 05:00:00,24.2,96.0,0.0,0.0,94,3.4,317,3,5,6,cloudy
2025-04-20 06:00:00,24.2,94.0,0.0,0.0,100,4.4,325,3,6,6,cloudy
2025-04-20 07:00:00,26.2,84.0,0.0,0.0,97,6.6,319,3,7,6,cloudy
2025-04-20 08:00:00,28.6,72.0,0.0,0.0,98,3.4,267,3,8,6,cloudy
2025-04-20 09:00:00,29.9,65.0,0.1,0.1,96,4.7,180,51,9,6,rain
2025-04-20 10:00:00,30.9,62.0,0.1,0.1,98,5.8,166,51,10,6,rain
2025-04-20 11:00:00,31.7,60.0,0.3,0.3,100,7.2,161,51,11,6,rain
2025-04-20 12:00:00,27.9,75.0,19.4,19.4,100,8.0,149,65,12,6,heavy_rain
2025-04-20 13:00:00,26.7,82.0,3.9,3.9,100,4.7,353,63,13,6,rain
2025-04-20 14:00:00,26.1,87.0,0.5,0.5,100,8.0,162,53,14,6,rain
2025-04-20 15:00:00,26.9,81.0,0.3,0.3,100,9.2,102,51,15,6,rain
2025-04-20 16:00:00,28.6,71.0,0.0,0.0,100,4.3,114,3,16,6,cloudy
2025-04-20 17:00:00,28.7,70.0,0.0,0.0,100,4.3,123,3,17,6,cloudy
2025-04-20 18:00:00,27.5,78.0,0.0,0.0,100,2.6,146,3,18,6,cloudy
2025-04-20 19:00:00,26.8,82.0,0.0,0.0,100,2.6,196,3,19,6,cloudy
2025-04-20 20:00:00,26.6,84.0,0.0,0.0,100,2.8,220,3,20,6,cloudy
2025-04-20 21:00:00,26.1,86.0,0.0,0.0,100,0.8,297,3,21,6,cloudy
2025-04-20 22:00:00,25.7,89.0,0.0,0.0,100,2.6,286,3,22,6,cloudy
2025-04-20 23:00:00,25.5,90.0,0.0,0.0,100,4.4,282,3,23,6,cloudy
2025-04-21 00:00:00,25.0,92.0,0.0,0.0,100,3.4,270,3,0,0,cloudy
2025-04-21 01:00:00,24.6,93.0,0.0,0.0,99,1.7,302,3,1,0,cloudy
2025-04-21 02:00:00,24.3,94.0,0.0,0.0,98,1.5,315,3,2,0,cloudy
2025-04-21 03:00:00,24.1,95.0,0.0,0.0,95,2.1,301,3,3,0,cloudy
2025-04-21 04:00:00,24.2,95.0,0.0,0.0,99,3.1,277,3,4,0,cloudy
2025-04-21 05:00:00,24.1,95.0,0.0,0.0,100,3.2,297,3,5,0,cloudy
2025-04-21 06:00:00,23.9,96.0,0.0,0.0,100,4.6,318,3,6,0,cloudy
2025-04-21 07:00:00,25.7,88.0,0.0,0.0,100,4.7,313,3,7,0,cloudy
2025-04-21 08:00:00,27.8,76.0,0.0,0.0,100,0.6,326,3,8,0,cloudy
2025-04-21 09:00:00,28.9,71.0,0.0,0.0,99,3.8,107,3,9,0,cloudy
2025-04-21 10:00:00,29.9,67.0,0.1,0.1,100,4.1,105,51,10,0,rain
2025-04-21 11:00:00,30.5,64.0,0.1,0.1,98,4.8,117,51,11,0,rain
2025-04-21 12:00:00,31.5,60.0,0.0,0.0,44,7.8,116,1,12,0,normal
2025-04-21 13:00:00,31.7,59.0,0.1,0.1,93,11.4,131,51,13,0,rain
2025-04-21 14:00:00,29.3,67.0,3.0,3.0,100,11.1,140,63,14,0,rain
2025-04-21 15:00:00,29.3,67.0,0.2,0.2,100,10.9,136,51,15,0,rain
2025-04-21 16:00:00,29.6,65.0,0.1,0.1,100,8.8,137,51,16,0,rain
2025-04-21 17:00:00,29.1,67.0,0.0,0.0,100,6.1,150,3,17,0,cloudy
2025-04-21 18:00:00,28.2,73.0,0.0,0.0,100,6.7,144,3,18,0,cloudy
2025-04-21 19:00:00,27.5,76.0,0.0,0.0,100,5.9,137,3,19,0,cloudy
2025-04-21 20:00:00,27.1,77.0,0.0,0.0,100,5.1,126,3,20,0,cloudy
2025-04-21 21:00:00,26.6,80.0,0.0,0.0,100,4.7,90,3,21,0,cloudy
2025-04-21 22:00:00,26.4,81.0,0.0,0.0,100,4.2,80,3,22,0,cloudy
2025-04-21 23:00:00,26.3,82.0,0.0,0.0,100,4.3,66,3,23,0,cloudy
2025-04-22 00:00:00,26.0,83.0,0.0,0.0,100,4.2,59,3,0,1,cloudy
2025-04-22 01:00:00,25.6,85.0,0.0,0.0,100,3.3,9,3,1,1,cloudy
2025-04-22 02:00:00,25.1,87.0,0.0,0.0,100,3.3,331,3,2,1,cloudy
2025-04-22 03:00:00,24.6,91.0,0.0,0.0,100,6.6,327,3,3,1,cloudy
2025-04-22 04:00:00,24.2,92.0,0.0,0.0,82,7.0,320,3,4,1,cloudy
2025-04-22 05:00:00,24.1,93.0,0.0,0.0,48,5.8,326,1,5,1,normal
2025-04-22 06:00:00,24.1,92.0,0.0,0.0,45,5.4,346,1,6,1,normal
2025-04-22 07:00:00,26.5,80.0,0.0,0.0,20,6.7,358,1,7,1,normal
2025-04-22 08:00:00,29.0,68.0,0.0,0.0,2,6.9,33,0,8,1,normal
2025-04-22 09:00:00,30.5,61.0,0.0,0.0,39,11.8,74,1,9,1,normal
2025-04-22 10:00:00,31.2,59.0,0.0,0.0,14,12.6,87,0,10,1,normal
2025-04-22 11:00:00,31.8,57.0,0.0,0.0,21,14.8,93,1,11,1,normal
2025-04-22 12:00:00,31.5,57.0,1.5,1.5,48,15.7,96,61,12,1,rain
2025-04-22 13:00:00,30.0,64.0,3.5,3.5,84,14.8,84,63,13,1,rain
2025-04-22 14:00:00,30.7,62.0,0.2,0.2,51,15.3,99,51,14,1,rain
2025-04-22 15:00:00,30.6,63.0,0.1,0.1,61,17.9,96,51,15,1,rain
2025-04-22 16:00:00,30.1,65.0,0.6,0.6,87,16.8,96,53,16,1,rain
2025-04-22 17:00:00,29.5,67.0,0.1,0.1,81,15.6,97,51,17,1,rain
2025-04-22 18:00:00,28.7,72.0,0.0,0.0,72,13.4,96,2,18,1,normal
2025-04-22 19:00:00,28.4,73.0,0.0,0.0,72,14.9,90,2,19,1,normal
2025-04-22 20:00:00,27.9,76.0,0.0,0.0,56,13.3,74,2,20,1,normal
2025-04-22 21:00:00,27.3,81.0,0.0,0.0,39,12.1,67,1,21,1,normal
2025-04-22 22:00:00,27.1,83.0,0.0,0.0,56,10.6,67,2,22,1,normal
2025-04-22 23:00:00,27.0,83.0,0.0,0.0,71,8.7,69,2,23,1,normal
2025-04-23 00:00:00,26.8,84.0,0.0,0.0,45,8.5,83,1,0,2,normal
2025-04-23 01:00:00,26.5,86.0,0.0,0.0,100,6.3,72,3,1,2,cloudy
2025-04-23 02:00:00,26.1,87.0,0.0,0.0,100,8.0,70,3,2,2,cloudy
2025-04-23 03:00:00,25.5,90.0,0.2,0.2,100,9.7,74,51,3,2,rain
2025-04-23 04:00:00,25.6,90.0,0.0,0.0,100,6.6,61,3,4,2,cloudy
2025-04-23 05:00:00,24.8,93.0,0.8,0.8,100,13.0,48,53,5,2,rain
2025-04-23 06:00:00,24.3,94.0,0.0,0.0,100,9.2,39,3,6,2,cloudy
2025-04-23 07:00:00,25.6,90.0,0.0,0.0,100,6.9,41,3,7,2,cloudy
2025-04-23 08:00:00,27.6,79.0,0.0,0.0,89,8.1,73,3,8,2,cloudy
2025-04-23 09:00:00,29.4,71.0,0.0,0.0,39,10.1,90,1,9,2,normal
2025-04-23 10:00:00,30.3,68.0,0.0,0.0,30,11.2,102,1,10,2,normal
2025-04-23 11:00:00,30.9,66.0,0.0,0.0,30,13.3,108,1,11,2,normal
2025-04-23 12:00:00,30.4,68.0,2.5,2.5,77,9.7,90,63,12,2,rain
2025-04-23 13:00:00,30.5,67.0,0.1,0.1,35,14.6,110,51,13,2,rain
2025-04-23 14:00:00,29.3,68.0,0.7,0.7,75,15.6,106,53,14,2,rain
2025-04-23 15:00:00,29.0,75.0,0.4,0.4,43,11.4,118,51,15,2,rain
2025-04-23 16:00:00,28.8,76.0,0.0,0.0,22,12.3,121,1,16,2,normal
2025-04-23 17:00:00,28.1,76.0,0.5,0.5,32,12.0,116,53,17,2,rain
2025-04-23 18:00:00,27.1,83.0,0.0,0.0,25,8.1,118,1,18,2,normal
2025-04-23 19:00:00,26.6,86.0,0.0,0.0,31,6.0,115,1,19,2,normal
2025-04-23 20:00:00,26.0,88.0,0.0,0.0,22,9.9,111,1,20,2,normal
2025-04-23 21:00:00,25.7,91.0,0.0,0.0,12,6.8,102,0,21,2,normal
2025-04-23 22:00:00,25.6,92.0,0.0,0.0,16,5.0,111,0,22,2,normal
2025-04-23 23:00:00,26.0,90.0,0.0,0.0,34,5.5,122,1,23,2,normal
2025-04-24 00:00:00,25.8,90.0,0.0,0.0,26,4.8,124,1,0,3,normal
2025-04-24 01:00:00,25.7,90.0,0.0,0.0,19,2.8,117,0,1,3,normal
2025-04-24 02:00:00,25.6,90.0,0.0,0.0,19,1.8,114,0,2,3,normal
2025-04-24 03:00:00,25.5,90.0,0.0,0.0,24,1.3,146,1,3,3,normal
2025-04-24 04:00:00,25.3,90.0,0.0,0.0,22,2.9,169,1,4,3,normal
2025-04-24 05:00:00,24.9,92.0,0.0,0.0,29,4.0,216,1,5,3,normal
2025-04-24 06:00:00,24.7,93.0,0.0,0.0,13,3.3,241,0,6,3,normal
2025-04-24 07:00:00,26.3,88.0,0.0,0.0,18,2.6,236,0,7,3,normal
2025-04-24 08:00:00,27.7,80.0,0.2,0.2,29,4.8,153,51,8,3,rain
2025-04-24 09:00:00,29.1,72.0,0.1,0.1,23,6.2,147,51,9,3,rain
2025-04-24 10:00:00,30.1,67.0,0.1,0.1,23,9.0,134,51,10,3,rain
2025-04-24 11:00:00,30.7,65.0,0.1,0.1,28,10.2,135,51,11,3,rain
2025-04-24 12:00:00,30.6,66.0,0.2,0.2,24,10.6,140,51,12,3,rain
2025-04-24 13:00:00,30.4,67.0,0.2,0.2,34,10.3,149,51,13,3,rain
2025-04-24 14:00:00,30.9,64.0,0.0,0.0,27,8.3,166,1,14,3,normal
2025-04-24 15:00:00,28.5,71.0,1.2,1.2,81,9.7,146,55,15,3,rain
2025-04-24 16:00:00,29.8,67.0,0.1,0.1,34,8.4,165,51,16,3,rain
2025-04-24 17:00:00,28.5,72.0,0.4,0.4,41,9.3,137,51,17,3,rain
2025-04-24 18:00:00,28.1,75.0,0.0,0.0,24,7.7,152,1,18,3,normal
2025-04-24 19:00:00,27.4,78.0,0.0,0.0,8,5.6,159,0,19,3,normal
2025-04-24 20:00:00,27.1,80.0,0.0,0.0,5,5.9,169,0,20,3,normal
2025-04-24 21:00:00,27.1,80.0,0.0,0.0,14,7.0,177,0,21,3,normal
2025-04-24 22:00:00,27.0,80.0,0.0,0.0,8,7.0,179,0,22,3,normal
2025-04-24 23:00:00,26.8,81.0,0.0,0.0,10,6.7,178,0,23,3,normal
2025-04-25 00:00:00,26.7,82.0,0.0,0.0,8,7.1,187,0,0,4,normal
2025-04-25 01:00:00,26.5,83.0,0.0,0.0,11,7.0,203,0,1,4,normal
2025-04-25 02:00:00,26.3,85.0,0.0,0.0,16,7.6,211,0,2,4,normal
2025-04-25 03:00:00,26.0,86.0,0.0,0.0,9,6.3,219,0,3,4,normal
2025-04-25 04:00:00,25.6,85.0,0.0,0.0,1,5.5,238,0,4,4,normal
2025-04-25 05:00:00,25.3,87.0,0.0,0.0,6,5.7,242,0,5,4,normal
2025-04-25 06:00:00,25.3,87.0,0.0,0.0,5,6.7,251,0,6,4,normal
2025-04-25 07:00:00,27.0,81.0,0.0,0.0,10,8.1,249,0,7,4,normal
2025-04-25 08:00:00,29.0,69.0,0.0,0.0,9,10.5,218,0,8,4,normal
2025-04-25 09:00:00,30.1,64.0,0.0,0.0,10,11.4,205,0,9,4,normal
2025-04-25 10:00:00,30.8,61.0,0.0,0.0,23,13.1,201,1,10,4,normal
2025-04-25 11:00:00,31.0,61.0,0.0,0.0,28,14.7,198,1,11,4,normal
2025-04-25 12:00:00,31.0,62.0,0.0,0.0,28,15.4,196,1,12,4,normal
2025-04-25 13:00:00,30.9,59.0,0.8,0.8,43,15.7,198,53,13,4,rain
2025-04-25 14:00:00,30.7,64.0,0.7,0.7,28,15.1,200,53,14,4,rain
2025-04-25 15:00:00,30.4,64.0,0.0,0.0,28,14.0,196,1,15,4,normal
2025-04-25 16:00:00,29.4,69.0,0.1,0.1,32,15.3,204,51,16,4,rain
2025-04-25 17:00:00,29.1,72.0,0.0,0.0,16,14.3,199,0,17,4,normal
2025-04-25 18:00:00,27.9,79.0,0.0,0.0,16,12.4,202,0,18,4,normal
2025-04-25 19:00:00,27.5,82.0,0.0,0.0,15,11.5,202,0,19,4,normal
2025-04-25 20:00:00,27.4,83.0,0.0,0.0,18,11.0,204,0,20,4,normal
2025-04-25 21:00:00,27.3,83.0,0.0,0.0,21,8.5,205,1,21,4,normal
2025-04-25 22:00:00,27.2,84.0,0.0,0.0,11,9.3,204,0,22,4,normal
2025-04-25 23:00:00,27.2,84.0,0.0,0.0,10,11.0,205,0,23,4,normal
2025-04-26 00:00:00,27.0,84.0,0.0,0.0,13,10.4,200,0,0,5,normal
2025-04-26 01:00:00,27.0,83.0,0.0,0.0,14,11.0,204,0,1,5,normal
2025-04-26 02:00:00,26.9,83.0,0.0,0.0,18,11.0,206,0,2,5,normal
2025-04-26 03:00:00,26.8,84.0,0.0,0.0,13,10.7,210,0,3,5,normal
2025-04-26 04:00:00,26.7,84.0,0.0,0.0,16,10.6,215,0,4,5,normal
2025-04-26 05:00:00,26.5,85.0,0.0,0.0,17,10.7,222,0,5,5,normal
2025-04-26 06:00:00,26.3,86.0,0.0,0.0,21,9.9,233,1,6,5,normal
2025-04-26 07:00:00,27.4,81.0,0.0,0.0,28,12.2,234,1,7,5,normal
2025-04-26 08:00:00,28.9,72.0,0.0,0.0,91,14.0,232,3,8,5,cloudy
2025-04-26 09:00:00,30.0,66.0,0.0,0.0,90,13.8,219,3,9,5,cloudy
2025-04-26 10:00:00,31.0,61.0,0.0,0.0,62,16.0,214,2,10,5,normal
2025-04-26 11:00:00,31.3,60.0,0.1,0.1,64,17.9,210,51,11,5,rain
2025-04-26 12:00:00,31.3,61.0,0.2,0.2,58,19.3,209,51,12,5,rain
2025-04-26 13:00:00,30.9,61.0,0.7,0.7,62,20.2,206,53,13,5,rain
2025-04-26 14:00:00,30.3,64.0,1.1,1.1,62,20.1,208,55,14,5,rain
2025-04-26 15:00:00,30.3,64.0,0.0,0.0,41,19.5,201,1,15,5,normal
2025-04-26 16:00:00,29.9,65.0,0.2,0.2,40,19.6,200,51,16,5,rain
2025-04-26 17:00:00,29.3,68.0,0.3,0.3,85,17.2,200,51,17,5,rain
2025-04-26 18:00:00,28.5,72.0,0.0,0.0,95,15.4,206,3,18,5,cloudy
2025-04-26 19:00:00,28.2,74.0,0.0,0.0,68,15.3,204,2,19,5,normal
2025-04-26 20:00:00,28.1,75.0,0.0,0.0,63,14.3,201,2,20,5,normal
2025-04-26 21:00:00,27.9,77.0,0.0,0.0,15,14.2,200,0,21,5,normal
2025-04-26 22:00:00,27.8,77.0,0.0,0.0,17,13.5,201,0,22,5,normal
2025-04-26 23:00:00,27.6,79.0,0.0,0.0,37,12.9,203,1,23,5,normal
2025-04-27 00:00:00,27.2,80.0,0.0,0.0,52,11.2,195,2,0,6,normal
2025-04-27 01:00:00,27.0,82.0,0.0,0.0,51,11.1,205,2,1,6,normal
2025-04-27 02:00:00,26.9,80.0,0.0,0.0,57,10.8,204,2,2,6,normal
2025-04-27 03:00:00,26.5,82.0,0.0,0.0,55,9.4,187,2,3,6,normal
2025-04-27 04:00:00,26.5,79.0,0.0,0.0,21,10.8,198,1,4,6,normal
2025-04-27 05:00:00,26.3,83.0,0.0,0.0,22,8.1,192,1,5,6,normal
2025-04-27 06:00:00,26.1,84.0,0.0,0.0,16,7.1,210,0,6,6,normal
2025-04-27 07:00:00,27.7,78.0,0.0,0.0,13,8.0,207,0,7,6,normal
2025-04-27 08:00:00,28.6,71.0,0.4,0.4,41,12.4,199,51,8,6,rain
2025-04-27 09:00:00,29.9,67.0,0.0,0.0,15,10.3,195,0,9,6,normal
2025-04-27 10:00:00,31.0,64.0,0.0,0.0,18,10.8,191,0,10,6,normal
2025-04-27 11:00:00,31.7,60.0,0.0,0.0,11,12.5,187,0,11,6,normal
2025-04-27 12:00:00,32.0,58.0,0.0,0.0,9,13.8,186,0,12,6,normal
2025-04-27 13:00:00,31.6,57.0,1.1,1.1,55,13.7,183,55,13,6,rain
2025-04-27 14:00:00,31.0,62.0,1.6,1.6,32,11.7,191,61,14,6,rain
2025-04-27 15:00:00,30.7,62.0,0.9,0.9,39,13.8,192,53,15,6,rain
2025-04-27 16:00:00,30.2,66.0,0.9,0.9,63,14.0,198,53,16,6,rain
2025-04-27 17:00:00,29.3,72.0,0.0,0.0,43,13.1,195,1,17,6,normal
2025-04-27 18:00:00,28.4,77.0,0.0,0.0,13,10.9,193,0,18,6,normal
2025-04-27 19:00:00,27.9,80.0,0.0,0.0,8,10.2,193,0,19,6,normal
2025-04-27 20:00:00,27.7,82.0,0.0,0.0,8,9.6,189,0,20,6,normal
2025-04-27 21:00:00,27.5,83.0,0.0,0.0,10,8.6,188,0,21,6,normal
2025-04-27 22:00:00,27.3,84.0,0.0,0.0,52,8.9,188,2,22,6,normal
2025-04-27 23:00:00,27.3,84.0,0.0,0.0,96,8.7,193,3,23,6,cloudy
2025-04-28 00:00:00,27.2,84.0,0.0,0.0,90,7.6,194,3,0,0,cloudy
2025-04-28 01:00:00,27.0,83.0,0.0,0.0,100,7.4,198,3,1,0,cloudy
2025-04-28 02:00:00,26.9,83.0,0.0,0.0,98,8.2,202,3,2,0,cloudy
2025-04-28 03:00:00,26.7,85.0,0.0,0.0,98,8.0,203,3,3,0,cloudy
2025-04-28 04:00:00,26.9,84.0,0.0,0.0,100,8.5,185,3,4,0,cloudy
2025-04-28 05:00:00,26.7,85.0,0.0,0.0,95,7.9,181,3,5,0,cloudy
2025-04-28 06:00:00,26.6,85.0,0.0,0.0,91,8.1,184,3,6,0,cloudy
2025-04-28 07:00:00,28.2,77.0,0.0,0.0,92,9.6,185,3,7,0,cloudy
2025-04-28 08:00:00,29.5,70.0,0.0,0.0,100,9.8,185,3,8,0,cloudy
2025-04-28 09:00:00,30.6,65.0,0.0,0.0,98,10.8,190,3,9,0,cloudy
2025-04-28 10:00:00,31.2,64.0,0.0,0.0,100,11.6,188,3,10,0,cloudy
2025-04-28 11:00:00,31.5,63.0,0.0,0.0,100,12.5,186,3,11,0,cloudy
2025-04-28 12:00:00,31.9,61.0,0.0,0.0,100,12.3,187,3,12,0,cloudy
2025-04-28 13:00:00,31.5,60.0,0.6,0.6,100,11.4,192,53,13,0,rain
2025-04-28 14:00:00,31.4,64.0,0.4,0.4,98,11.2,181,51,14,0,rain
2025-04-28 15:00:00,30.4,66.0,1.0,1.0,97,11.7,200,55,15,0,rain
2025-04-28 16:00:00,30.0,68.0,0.3,0.3,98,11.4,187,51,16,0,rain
2025-04-28 17:00:00,29.5,69.0,0.0,0.0,97,12.6,184,3,17,0,cloudy
2025-04-28 18:00:00,28.5,74.0,0.0,0.0,96,11.5,179,3,18,0,cloudy
2025-04-28 19:00:00,28.2,77.0,0.0,0.0,62,10.6,180,2,19,0,normal
2025-04-28 20:00:00,28.0,77.0,0.0,0.0,92,11.4,177,3,20,0,cloudy
2025-04-28 21:00:00,28.0,77.0,0.0,0.0,91,12.3,177,3,21,0,cloudy
2025-04-28 22:00:00,27.8,77.0,0.0,0.0,98,12.5,176,3,22,0,cloudy
2025-04-28 23:00:00,27.8,75.0,0.0,0.0,99,11.4,176,3,23,0,cloudy
2025-04-29 00:00:00,27.5,75.0,0.0,0.0,100,11.4,176,3,0,1,cloudy
2025-04-29 01:00:00,26.7,81.0,0.1,0.1,99,11.7,181,51,1,1,rain
2025-04-29 02:00:00,26.8,81.0,0.1,0.1,100,9.2,169,51,2,1,rain
2025-04-29 03:00:00,25.7,87.0,0.3,0.3,96,6.8,148,51,3,1,rain
2025-04-29 04:00:00,26.7,81.0,0.0,0.0,96,9.3,153,3,4,1,cloudy
2025-04-29 05:00:00,26.8,80.0,0.0,0.0,98,9.8,152,3,5,1,cloudy
2025-04-29 06:00:00,26.7,81.0,0.0,0.0,65,9.4,150,2,6,1,normal
2025-04-29 07:00:00,28.1,75.0,0.0,0.0,20,11.0,152,1,7,1,normal
2025-04-29 08:00:00,29.3,68.0,0.0,0.0,26,12.1,153,1,8,1,normal
2025-04-29 09:00:00,30.2,65.0,0.0,0.0,31,12.5,150,1,9,1,normal
2025-04-29 10:00:00,30.9,63.0,0.0,0.0,98,13.3,150,3,10,1,cloudy
2025-04-29 11:00:00,31.3,61.0,0.0,0.0,54,14.2,154,2,11,1,normal
2025-04-29 12:00:00,31.6,60.0,0.0,0.0,13,14.5,157,0,12,1,normal
2025-04-29 13:00:00,31.5,60.0,0.0,0.0,40,15.0,163,1,13,1,normal
2025-04-29 14:00:00,31.2,61.0,0.0,0.0,96,16.2,166,3,14,1,cloudy
2025-04-29 15:00:00,30.9,61.0,0.0,0.0,100,15.3,171,3,15,1,cloudy
2025-04-29 16:00:00,30.1,63.0,0.0,0.0,98,15.2,176,3,16,1,cloudy
2025-04-29 17:00:00,29.2,66.0,0.0,0.0,66,13.5,179,2,17,1,normal
2025-04-29 18:00:00,28.1,71.0,0.0,0.0,17,11.7,182,0,18,1,normal
2025-04-29 19:00:00,27.7,74.0,0.0,0.0,25,10.5,183,1,19,1,normal
2025-04-29 20:00:00,27.5,75.0,0.0,0.0,17,9.7,181,0,20,1,normal
2025-04-29 21:00:00,27.3,77.0,0.0,0.0,10,10.1,181,0,21,1,normal
2025-04-29 22:00:00,27.1,79.0,0.0,0.0,12,9.9,182,0,22,1,normal
2025-04-29 23:00:00,27.0,80.0,0.0,0.0,31,9.1,188,1,23,1,normal
2025-04-30 00:00:00,27.0,79.0,0.0,0.0,75,8.9,194,2,0,2,cloudy
2025-04-30 01:00:00,27.1,78.0,0.0,0.0,78,9.0,195,2,1,2,cloudy
2025-04-30 02:00:00,26.9,79.0,0.0,0.0,58,8.4,187,2,2,2,normal
2025-04-30 03:00:00,26.9,79.0,0.0,0.0,100,7.4,184,3,3,2,cloudy
2025-04-30 04:00:00,26.6,79.0,0.0,0.0,99,7.3,187,3,4,2,cloudy
2025-04-30 05:00:00,26.4,80.0,0.0,0.0,99,6.9,187,3,5,2,cloudy
2025-04-30 06:00:00,26.4,80.0,0.0,0.0,99,6.2,197,3,6,2,cloudy
2025-04-30 07:00:00,28.1,73.0,0.0,0.0,85,6.1,199,3,7,2,cloudy
2025-04-30 08:00:00,29.8,63.0,0.0,0.0,40,8.7,172,1,8,2,normal
2025-04-30 09:00:00,30.8,59.0,0.0,0.0,23,9.5,169,1,9,2,normal
2025-04-30 10:00:00,31.4,56.0,0.0,0.0,91,10.4,171,3,10,2,cloudy
2025-04-30 11:00:00,31.9,54.0,0.0,0.0,98,11.6,175,3,11,2,cloudy
2025-04-30 12:00:00,32.1,54.0,0.0,0.0,44,12.6,177,1,12,2,normal
2025-04-30 13:00:00,32.2,54.0,0.0,0.0,11,13.3,178,0,13,2,normal
2025-04-30 14:00:00,31.8,56.0,0.0,0.0,6,14.6,180,0,14,2,normal
2025-04-30 15:00:00,31.1,58.0,0.0,0.0,45,13.5,183,1,15,2,normal
2025-04-30 16:00:00,30.9,61.0,0.0,0.0,5,12.8,181,0,16,2,normal
2025-04-30 17:00:00,29.7,68.0,0.0,0.0,8,11.7,179,0,17,2,normal
2025-04-30 18:00:00,28.7,73.0,0.0,0.0,4,8.5,181,0,18,2,normal
2025-04-30 19:00:00,28.1,78.0,0.0,0.0,6,8.5,180,0,19,2,normal
2025-04-30 20:00:00,28.0,78.0,0.0,0.0,77,8.3,176,2,20,2,cloudy
2025-04-30 21:00:00,27.8,79.0,0.0,0.0,81,7.6,179,3,21,2,cloudy
2025-04-30 22:00:00,27.4,81.0,0.0,0.0,92,5.8,185,3,22,2,cloudy
2025-04-30 23:00:00,27.0,84.0,0.0,0.0,71,4.8,191,2,23,2,normal
2025-05-01 00:00:00,26.7,85.0,0.0,0.0,28,5.0,195,1,0,3,normal
2025-05-01 01:00:00,26.8,84.0,0.0,0.0,35,6.1,192,1,1,3,normal
2025-05-01 02:00:00,26.3,87.0,0.0,0.0,49,5.3,198,1,2,3,normal
2025-05-01 03:00:00,25.9,88.0,0.0,0.0,100,4.8,205,3,3,3,cloudy
2025-05-01 04:00:00,26.6,84.0,0.0,0.0,99,6.4,196,3,4,3,cloudy
2025-05-01 05:00:00,26.0,87.0,0.0,0.0,99,4.8,195,3,5,3,cloudy
2025-05-01 06:00:00,25.8,87.0,0.0,0.0,96,4.4,199,3,6,3,cloudy
2025-05-01 07:00:00,28.1,77.0,0.0,0.0,75,5.6,209,2,7,3,cloudy
2025-05-01 08:00:00,29.6,68.0,0.0,0.0,29,6.8,212,1,8,3,normal
2025-05-01 09:00:00,30.8,62.0,0.0,0.0,35,6.5,208,1,9,3,normal
2025-05-01 10:00:00,31.6,58.0,0.0,0.0,21,7.1,201,1,10,3,normal
2025-05-01 11:00:00,32.1,56.0,0.0,0.0,56,8.5,197,2,11,3,normal
2025-05-01 12:00:00,31.9,59.0,0.2,0.2,90,10.8,183,51,12,3,rain
2025-05-01 13:00:00,30.6,64.0,1.1,1.1,97,10.3,181,55,13,3,rain
2025-05-01 14:00:00,31.1,62.0,0.2,0.2,99,7.9,184,51,14,3,rain
2025-05-01 15:00:00,31.0,63.0,0.1,0.1,96,11.9,176,51,15,3,rain
2025-05-01 16:00:00,30.1,67.0,0.5,0.5,82,14.9,181,53,16,3,rain
2025-05-01 17:00:00,29.8,68.0,0.0,0.0,92,14.5,173,3,17,3,cloudy
2025-05-01 18:00:00,28.6,75.0,0.0,0.0,61,11.8,173,2,18,3,normal
2025-05-01 19:00:00,28.3,77.0,0.0,0.0,100,12.5,168,3,19,3,cloudy
2025-05-01 20:00:00,28.0,79.0,0.0,0.0,85,11.9,166,3,20,3,cloudy
2025-05-01 21:00:00,28.0,79.0,0.0,0.0,84,11.4,161,3,21,3,cloudy
2025-05-01 22:00:00,27.9,80.0,0.0,0.0,85,9.6,160,3,22,3,cloudy
2025-05-01 23:00:00,27.6,82.0,0.0,0.0,87,9.7,156,3,23,3,cloudy
2025-05-02 00:00:00,27.5,82.0,0.0,0.0,44,8.5,159,1,0,4,normal
2025-05-02 01:00:00,27.3,83.0,0.0,0.0,35,8.6,158,1,1,4,normal
2025-05-02 02:00:00,27.0,85.0,0.0,0.0,67,6.4,158,2,2,4,normal
2025-05-02 03:00:00,26.3,87.0,0.0,0.0,92,4.5,164,3,3,4,cloudy
2025-05-02 04:00:00,26.1,89.0,0.0,0.0,100,4.7,171,3,4,4,cloudy
2025-05-02 05:00:00,26.1,88.0,0.0,0.0,98,4.1,180,3,5,4,cloudy
2025-05-02 06:00:00,26.4,87.0,0.0,0.0,73,5.8,178,2,6,4,normal
2025-05-02 07:00:00,28.3,78.0,0.0,0.0,15,8.7,172,0,7,4,normal
2025-05-02 08:00:00,29.6,70.0,0.0,0.0,10,8.7,172,0,8,4,normal
2025-05-02 09:00:00,30.9,62.0,0.0,0.0,15,9.4,172,0,9,4,normal
2025-05-02 10:00:00,31.5,60.0,0.1,0.1,29,9.4,173,51,10,4,rain
2025-05-02 11:00:00,31.8,59.0,0.1,0.1,63,9.3,167,51,11,4,rain
2025-05-02 12:00:00,31.4,61.0,0.3,0.3,92,11.4,162,51,12,4,rain
2025-05-02 13:00:00,30.3,64.0,0.4,0.4,84,13.4,160,51,13,4,rain
2025-05-02 14:00:00,30.7,64.0,2.6,2.6,100,12.3,159,63,14,4,rain
2025-05-02 15:00:00,30.2,66.0,1.1,1.1,99,9.5,161,55,15,4,rain
2025-05-02 16:00:00,29.3,70.0,1.1,1.1,60,7.5,169,55,16,4,rain
2025-05-02 17:00:00,29.7,68.0,0.0,0.0,29,9.9,171,1,17,4,normal
2025-05-02 18:00:00,28.7,73.0,0.0,0.0,32,10.0,157,1,18,4,normal
2025-05-02 19:00:00,28.2,78.0,0.0,0.0,30,9.0,164,1,19,4,normal
2025-05-02 20:00:00,28.0,78.0,0.0,0.0,37,9.4,162,1,20,4,normal
2025-05-02 21:00:00,27.9,78.0,0.0,0.0,32,8.4,157,1,21,4,normal
2025-05-02 22:00:00,27.7,80.0,0.0,0.0,25,7.6,158,1,22,4,normal
2025-05-02 23:00:00,27.6,81.0,0.0,0.0,22,7.7,156,1,23,4,normal
2025-05-03 00:00:00,27.3,82.0,0.0,0.0,16,5.7,162,0,0,5,normal
2025-05-03 01:00:00,27.1,83.0,0.0,0.0,12,5.8,171,0,1,5,normal
2025-05-03 02:00:00,27.0,83.0,0.0,0.0,9,5.8,171,0,2,5,normal
2025-05-03 03:00:00,26.5,86.0,0.0,0.0,10,4.7,178,0,3,5,normal
2025-05-03 04:00:00,26.8,84.0,0.0,0.0,24,5.7,169,1,4,5,normal
2025-05-03 05:00:00,26.8,84.0,0.0,0.0,18,5.5,161,0,5,5,normal
2025-05-03 06:00:00,26.9,84.0,0.0,0.0,64,6.8,162,2,6,5,normal
2025-05-03 07:00:00,28.0,78.0,0.0,0.0,99,9.4,168,3,7,5,cloudy
2025-05-03 08:00:00,28.9,74.0,0.1,0.1,96,9.9,171,51,8,5,rain
2025-05-03 09:00:00,29.6,71.0,0.0,0.0,94,10.8,179,3,9,5,cloudy
2025-05-03 10:00:00,30.5,67.0,0.0,0.0,98,11.1,173,3,10,5,cloudy
2025-05-03 11:00:00,30.6,65.0,0.0,0.0,100,13.0,174,3,11,5,cloudy
2025-05-03 12:00:00,28.5,74.0,0.4,0.4,100,12.5,164,51,12,5,rain
2025-05-03 13:00:00,30.3,67.0,0.0,0.0,100,11.7,183,3,13,5,cloudy
2025-05-03 14:00:00,30.9,64.0,0.0,0.0,100,14.7,172,3,14,5,cloudy
2025-05-03 15:00:00,30.0,65.0,0.4,0.4,100,13.6,165,51,15,5,rain
2025-05-03 16:00:00,29.9,67.0,0.1,0.1,99,10.4,178,51,16,5,rain
2025-05-03 17:00:00,29.3,69.0,0.0,0.0,100,9.9,171,3,17,5,cloudy
2025-05-03 18:00:00,28.6,73.0,0.0,0.0,99,7.7,169,3,18,5,cloudy
2025-05-03 19:00:00,28.0,76.0,0.0,0.0,100,6.7,182,3,19,5,cloudy
2025-05-03 20:00:00,27.8,77.0,0.0,0.0,100,6.6,189,3,20,5,cloudy
2025-05-03 21:00:00,27.8,76.0,0.0,0.0,100,5.9,200,3,21,5,cloudy
2025-05-03 22:00:00,27.6,76.0,0.0,0.0,100,9.2,211,3,22,5,cloudy
2025-05-03 23:00:00,27.1,79.0,0.0,0.0,100,10.1,207,3,23,5,cloudy
2025-05-04 00:00:00,26.3,85.0,0.0,0.0,96,8.7,217,3,0,6,cloudy
2025-05-04 01:00:00,25.7,88.0,0.0,0.0,73,4.3,237,2,1,6,normal
2025-05-04 02:00:00,25.2,91.0,0.0,0.0,2,3.6,252,0,2,6,normal
2025-05-04 03:00:00,24.8,92.0,0.0,0.0,1,2.9,277,0,3,6,normal
2025-05-04 04:00:00,25.2,92.0,0.0,0.0,73,4.4,263,2,4,6,normal
2025-05-04 05:00:00,24.9,93.0,0.0,0.0,73,4.1,268,2,5,6,normal
2025-05-04 06:00:00,24.9,93.0,0.0,0.0,77,4.3,292,2,6,6,cloudy
2025-05-04 07:00:00,26.7,86.0,0.0,0.0,29,4.4,291,1,7,6,normal
2025-05-04 08:00:00,29.1,73.0,0.0,0.0,13,8.0,211,0,8,6,normal
2025-05-04 09:00:00,30.5,66.0,0.0,0.0,86,10.5,204,3,9,6,cloudy
2025-05-04 10:00:00,31.5,62.0,0.0,0.0,100,11.4,199,3,10,6,cloudy
2025-05-04 11:00:00,32.0,60.0,0.0,0.0,100,12.0,192,3,11,6,cloudy
2025-05-04 12:00:00,32.2,58.0,0.2,0.2,100,13.4,192,51,12,6,rain
2025-05-04 13:00:00,31.5,61.0,0.9,0.9,100,12.8,191,53,13,6,rain
2025-05-04 14:00:00,30.7,63.0,0.8,0.8,100,15.5,185,53,14,6,rain
2025-05-04 15:00:00,30.5,63.0,0.2,0.2,100,15.4,185,51,15,6,rain
2025-05-04 16:00:00,30.2,65.0,0.0,0.0,100,11.8,189,3,16,6,cloudy
2025-05-04 17:00:00,29.8,67.0,0.0,0.0,97,11.0,184,3,17,6,cloudy
2025-05-04 18:00:00,28.9,71.0,0.0,0.0,100,7.8,187,3,18,6,cloudy
2025-05-04 19:00:00,28.3,74.0,0.0,0.0,100,7.2,194,3,19,6,cloudy
2025-05-04 20:00:00,26.2,81.0,2.4,2.4,100,8.1,291,61,20,6,rain
2025-05-04 21:00:00,23.7,93.0,3.2,3.2,100,5.0,322,63,21,6,rain
2025-05-04 22:00:00,23.8,95.0,0.0,0.0,99,4.9,309,3,22,6,cloudy
2025-05-04 23:00:00,23.8,94.0,0.0,0.0,99,4.9,303,3,23,6,cloudy
2025-05-05 00:00:00,23.6,95.0,0.0,0.0,100,3.1,336,3,0,0,cloudy
2025-05-05 01:00:00,23.7,94.0,0.0,0.0,100,3.5,309,3,1,0,cloudy
2025-05-05 02:00:00,23.5,95.0,0.0,0.0,100,3.1,310,3,2,0,cloudy
2025-05-05 03:00:00,23.7,95.0,0.0,0.0,99,5.6,303,3,3,0,cloudy
2025-05-05 04:00:00,24.0,92.0,0.0,0.0,100,7.8,307,3,4,0,cloudy
2025-05-05 05:00:00,23.8,92.0,0.0,0.0,100,10.2,304,3,5,0,cloudy
2025-05-05 06:00:00,23.8,92.0,0.0,0.0,100,9.5,309,3,6,0,cloudy
2025-05-05 07:00:00,24.7,90.0,0.0,0.0,100,8.5,312,3,7,0,cloudy
2025-05-05 08:00:00,26.8,80.0,0.0,0.0,96,8.4,295,3,8,0,cloudy
2025-05-05 09:00:00,29.1,69.0,0.0,0.0,10,9.4,259,0,9,0,normal
2025-05-05 10:00:00,30.5,63.0,0.0,0.0,13,10.6,230,0,10,0,normal
2025-05-05 11:00:00,31.4,58.0,0.0,0.0,98,11.3,216,3,11,0,cloudy
2025-05-05 12:00:00,31.2,60.0,0.2,0.2,98,14.0,213,51,12,0,rain
2025-05-05 13:00:00,29.3,68.0,5.1,5.1,97,16.2,207,63,13,0,heavy_rain
2025-05-05 14:00:00,28.5,74.0,0.1,0.1,90,12.7,220,51,14,0,rain
2025-05-05 15:00:00,29.5,70.0,0.0,0.0,91,15.0,207,3,15,0,cloudy
2025-05-05 16:00:00,28.7,72.0,0.1,0.1,95,16.1,219,51,16,0,rain
2025-05-05 17:00:00,27.9,75.0,0.0,0.0,98,13.0,232,3,17,0,cloudy
2025-05-05 18:00:00,27.3,78.0,0.4,0.4,99,9.5,249,51,18,0,rain
2025-05-05 19:00:00,26.7,82.0,0.0,0.0,100,4.0,201,3,19,0,cloudy
2025-05-05 20:00:00,26.5,84.0,0.0,0.0,100,11.0,238,3,20,0,cloudy
2025-05-05 21:00:00,26.3,84.0,0.0,0.0,100,11.0,246,3,21,0,cloudy
2025-05-05 22:00:00,26.3,84.0,0.0,0.0,100,12.4,244,3,22,0,cloudy
2025-05-05 23:00:00,26.2,84.0,0.0,0.0,100,13.1,247,3,23,0,cloudy
2025-05-06 00:00:00,25.7,86.0,0.0,0.0,100,12.0,261,3,0,1,cloudy
2025-05-06 01:00:00,25.0,88.0,0.0,0.0,100,10.8,280,3,1,1,cloudy
2025-05-06 02:00:00,24.5,90.0,0.0,0.0,99,10.3,285,3,2,1,cloudy
2025-05-06 03:00:00,24.1,91.0,0.0,0.0,53,11.8,283,2,3,1,normal
2025-05-06 04:00:00,23.7,93.0,0.0,0.0,100,11.8,304,3,4,1,cloudy
2025-05-06 05:00:00,23.7,93.0,0.0,0.0,100,10.3,310,3,5,1,cloudy
2025-05-06 06:00:00,23.6,94.0,0.0,0.0,100,9.7,312,3,6,1,cloudy
2025-05-06 07:00:00,24.3,90.0,0.0,0.0,100,8.7,313,3,7,1,cloudy
2025-05-06 08:00:00,26.2,82.0,0.0,0.0,100,9.6,300,3,8,1,cloudy
2025-05-06 09:00:00,28.5,72.0,0.0,0.0,100,13.1,263,3,9,1,cloudy
2025-05-06 10:00:00,29.8,67.0,0.0,0.0,100,11.8,251,3,10,1,cloudy
2025-05-06 11:00:00,30.4,65.0,0.1,0.1,100,10.0,247,51,11,1,rain
2025-05-06 12:00:00,30.6,64.0,0.1,0.1,100,11.1,231,51,12,1,rain
2025-05-06 13:00:00,29.4,70.0,3.2,3.2,100,12.9,212,63,13,1,rain
2025-05-06 14:00:00,27.0,82.0,7.0,7.0,100,12.0,198,63,14,1,heavy_rain
2025-05-06 15:00:00,27.6,76.0,0.2,0.2,100,14.8,232,51,15,1,rain
2025-05-06 16:00:00,28.9,72.0,0.0,0.0,48,17.0,214,1,16,1,normal
2025-05-06 17:00:00,28.3,76.0,0.0,0.0,35,16.7,216,1,17,1,normal
2025-05-06 18:00:00,27.3,81.0,0.1,0.1,41,14.7,223,51,18,1,rain
2025-05-06 19:00:00,27.2,81.0,0.0,0.0,42,15.2,227,1,19,1,normal
2025-05-06 20:00:00,26.6,84.0,0.0,0.0,50,14.0,232,2,20,1,normal
2025-05-06 21:00:00,26.4,85.0,0.0,0.0,44,13.6,242,1,21,1,normal
2025-05-06 22:00:00,26.1,86.0,0.0,0.0,36,13.4,243,1,22,1,normal
2025-05-06 23:00:00,25.6,87.0,0.0,0.0,54,12.1,259,2,23,1,normal
2025-05-07 00:00:00,25.2,86.0,0.0,0.0,74,11.7,267,2,0,2,normal
2025-05-07 01:00:00,24.8,85.0,0.0,0.0,58,11.0,266,2,1,2,normal
2025-05-07 02:00:00,24.3,88.0,0.0,0.0,78,11.5,274,2,2,2,cloudy
2025-05-07 03:00:00,24.1,89.0,0.0,0.0,80,11.9,280,3,3,2,cloudy
2025-05-07 04:00:00,23.6,90.0,0.0,0.0,83,13.1,278,3,4,2,cloudy
2025-05-07 05:00:00,23.6,91.0,0.0,0.0,90,13.8,281,3,5,2,cloudy
2025-05-07 06:00:00,23.6,92.0,0.0,0.0,74,15.3,288,2,6,2,normal
2025-05-07 07:00:00,24.8,86.0,0.0,0.0,76,17.5,287,2,7,2,cloudy
2025-05-07 08:00:00,26.5,78.0,0.0,0.0,99,19.4,281,3,8,2,cloudy
2025-05-07 09:00:00,28.2,71.0,0.0,0.0,98,19.3,272,3,9,2,cloudy
2025-05-07 10:00:00,29.6,65.0,0.0,0.0,100,18.2,269,3,10,2,cloudy
2025-05-07 11:00:00,29.8,64.0,0.0,0.0,100,18.1,264,3,11,2,cloudy
2025-05-07 12:00:00,30.8,61.0,0.0,0.0,99,15.8,262,3,12,2,cloudy
2025-05-07 13:00:00,32.1,57.0,0.0,0.0,100,15.9,252,3,13,2,cloudy
2025-05-07 14:00:00,30.3,65.0,2.5,2.5,100,15.4,216,63,14,2,rain
2025-05-07 15:00:00,27.4,81.0,2.6,2.6,98,14.5,202,63,15,2,rain
2025-05-07 16:00:00,29.4,71.0,0.1,0.1,52,13.9,219,51,16,2,rain
2025-05-07 17:00:00,27.9,79.0,0.7,0.7,88,14.8,220,53,17,2,rain
2025-05-07 18:00:00,27.1,83.0,0.0,0.0,96,13.4,223,3,18,2,cloudy
2025-05-07 19:00:00,26.7,86.0,0.0,0.0,98,12.5,226,3,19,2,cloudy
2025-05-07 20:00:00,26.6,86.0,0.0,0.0,97,10.4,228,3,20,2,cloudy
2025-05-07 21:00:00,25.9,88.0,0.0,0.0,99,10.1,207,3,21,2,cloudy
2025-05-07 22:00:00,25.5,90.0,0.0,0.0,99,8.2,206,3,22,2,cloudy
2025-05-07 23:00:00,25.7,88.0,0.0,0.0,99,11.6,229,3,23,2,cloudy
2025-05-08 00:00:00,25.6,89.0,0.0,0.0,100,13.8,241,3,0,3,cloudy
2025-05-08 01:00:00,25.4,89.0,0.0,0.0,100,13.7,256,3,1,3,cloudy
2025-05-08 02:00:00,25.0,88.0,0.0,0.0,100,14.2,267,3,2,3,cloudy
2025-05-08 03:00:00,24.9,87.0,0.0,0.0,100,13.7,265,3,3,3,cloudy
2025-05-08 04:00:00,25.0,86.0,0.0,0.0,99,11.6,264,3,4,3,cloudy
2025-05-08 05:00:00,24.5,87.0,0.0,0.0,91,11.3,263,3,5,3,cloudy
2025-05-08 06:00:00,24.4,88.0,0.0,0.0,98,11.3,262,3,6,3,cloudy
2025-05-08 07:00:00,25.7,84.0,0.0,0.0,99,13.9,247,3,7,3,cloudy
2025-05-08 08:00:00,26.9,80.0,0.0,0.0,100,16.8,241,3,8,3,cloudy
2025-05-08 09:00:00,28.3,74.0,0.1,0.1,68,16.6,239,51,9,3,rain
2025-05-08 10:00:00,29.5,69.0,0.1,0.1,100,15.5,234,51,10,3,rain
2025-05-08 11:00:00,30.3,67.0,0.1,0.1,100,14.3,216,51,11,3,rain
2025-05-08 12:00:00,28.1,74.0,4.7,4.7,100,15.5,213,63,12,3,rain
2025-05-08 13:00:00,28.5,75.0,0.2,0.2,100,13.7,215,51,13,3,rain
2025-05-08 14:00:00,28.7,74.0,0.9,0.9,100,18.7,213,53,14,3,rain
2025-05-08 15:00:00,27.5,77.0,3.0,3.0,100,12.7,216,63,15,3,rain
2025-05-08 16:00:00,28.2,76.0,1.0,1.0,99,14.0,237,55,16,3,rain
2025-05-08 17:00:00,28.1,75.0,0.1,0.1,100,12.2,248,51,17,3,rain
2025-05-08 18:00:00,27.1,81.0,0.0,0.0,100,8.4,228,3,18,3,cloudy
2025-05-08 19:00:00,26.6,84.0,0.0,0.0,99,8.7,222,3,19,3,cloudy
2025-05-08 20:00:00,26.2,87.0,0.0,0.0,100,7.4,231,3,20,3,cloudy
2025-05-08 21:00:00,26.0,88.0,0.0,0.0,100,9.7,219,3,21,3,cloudy
2025-05-08 22:00:00,25.9,88.0,0.0,0.0,100,10.6,220,3,22,3,cloudy
2025-05-08 23:00:00,25.5,91.0,0.0,0.0,100,7.6,234,3,23,3,cloudy
2025-05-09 00:00:00,25.4,91.0,0.0,0.0,100,7.5,246,3,0,4,cloudy
2025-05-09 01:00:00,25.3,91.0,0.0,0.0,100,9.8,234,3,1,4,cloudy
2025-05-09 02:00:00,25.1,91.0,0.0,0.0,100,9.6,253,3,2,4,cloudy
2025-05-09 03:00:00,24.6,90.0,0.0,0.0,100,11.5,266,3,3,4,cloudy
2025-05-09 04:00:00,23.9,94.0,0.0,0.0,87,9.7,271,3,4,4,cloudy
2025-05-09 05:00:00,23.8,94.0,0.0,0.0,100,10.8,270,3,5,4,cloudy
2025-05-09 06:00:00,23.6,94.0,0.0,0.0,100,11.3,269,3,6,4,cloudy
2025-05-09 07:00:00,24.8,89.0,0.0,0.0,100,12.1,265,3,7,4,cloudy
2025-05-09 08:00:00,26.6,80.0,0.0,0.0,100,14.4,255,3,8,4,cloudy
2025-05-09 09:00:00,28.4,71.0,0.0,0.0,91,14.9,236,3,9,4,cloudy
2025-05-09 10:00:00,29.4,68.0,0.1,0.1,60,12.5,231,51,10,4,rain
2025-05-09 11:00:00,30.1,66.0,0.1,0.1,97,12.1,222,51,11,4,rain
2025-05-09 12:00:00,27.6,75.0,1.7,1.7,100,15.2,207,61,12,4,rain
2025-05-09 13:00:00,26.5,81.0,2.2,2.2,100,10.3,259,61,13,4,rain
2025-05-09 14:00:00,28.2,75.0,0.3,0.3,100,10.2,222,51,14,4,rain
2025-05-09 15:00:00,29.0,72.0,0.1,0.1,100,10.7,203,51,15,4,rain
2025-05-09 16:00:00,27.7,78.0,5.0,5.0,99,12.0,219,63,16,4,heavy_rain
2025-05-09 17:00:00,26.0,85.0,1.2,1.2,100,8.1,253,55,17,4,rain
2025-05-09 18:00:00,25.5,88.0,0.1,0.1,100,5.7,252,51,18,4,rain
2025-05-09 19:00:00,25.3,91.0,0.0,0.0,97,11.1,216,3,19,4,cloudy
2025-05-09 20:00:00,25.0,91.0,0.0,0.0,94,8.9,201,3,20,4,cloudy
2025-05-09 21:00:00,24.9,92.0,0.0,0.0,99,11.7,238,3,21,4,cloudy
2025-05-09 22:00:00,24.8,92.0,0.0,0.0,99,9.7,236,3,22,4,cloudy
2025-05-09 23:00:00,24.5,93.0,0.0,0.0,100,11.0,230,3,23,4,cloudy
2025-05-10 00:00:00,24.6,91.0,0.0,0.0,100,10.6,242,3,0,5,cloudy
2025-05-10 01:00:00,24.9,91.0,0.0,0.0,100,9.4,247,3,1,5,cloudy
2025-05-10 02:00:00,25.1,91.0,0.0,0.0,100,11.1,245,3,2,5,cloudy
2025-05-10 03:00:00,25.2,90.0,0.0,0.0,99,11.1,243,3,3,5,cloudy
2025-05-10 04:00:00,25.2,90.0,0.1,0.1,100,12.1,222,51,4,5,rain
2025-05-10 05:00:00,25.1,91.0,0.1,0.1,100,10.8,217,51,5,5,rain
2025-05-10 06:00:00,24.9,91.0,0.1,0.1,100,15.7,220,51,6,5,rain
2025-05-10 07:00:00,24.9,89.0,0.1,0.1,100,12.5,240,51,7,5,rain
2025-05-10 08:00:00,25.6,86.0,0.0,0.0,100,13.0,246,3,8,5,cloudy
2025-05-10 09:00:00,27.3,78.0,0.0,0.0,98,12.5,242,3,9,5,cloudy
2025-05-10 10:00:00,29.2,68.0,0.0,0.0,94,18.2,228,3,10,5,cloudy
2025-05-10 11:00:00,30.7,61.0,0.0,0.0,64,19.3,226,2,11,5,normal
2025-05-10 12:00:00,31.1,62.0,0.0,0.0,98,17.0,220,3,12,5,cloudy
2025-05-10 13:00:00,30.4,66.0,0.2,0.2,88,18.6,210,51,13,5,rain
2025-05-10 14:00:00,29.8,70.0,0.0,0.0,100,18.0,208,3,14,5,cloudy
2025-05-10 15:00:00,29.4,72.0,0.0,0.0,100,17.5,208,3,15,5,cloudy
2025-05-10 16:00:00,29.4,67.0,0.0,0.0,100,15.8,218,3,16,5,cloudy
2025-05-10 17:00:00,28.7,72.0,0.0,0.0,100,15.5,218,3,17,5,cloudy
2025-05-10 18:00:00,27.7,79.0,0.0,0.0,100,11.4,215,3,18,5,cloudy
2025-05-10 19:00:00,27.3,81.0,0.0,0.0,100,10.2,214,3,19,5,cloudy
2025-05-10 20:00:00,27.2,82.0,0.0,0.0,100,11.4,211,3,20,5,cloudy
2025-05-10 21:00:00,27.2,82.0,0.0,0.0,100,12.1,221,3,21,5,cloudy
2025-05-10 22:00:00,27.0,83.0,0.0,0.0,100,11.2,221,3,22,5,cloudy
2025-05-10 23:00:00,26.8,84.0,0.0,0.0,100,10.9,224,3,23,5,cloudy
2025-05-11 00:00:00,26.6,85.0,0.0,0.0,48,12.3,224,1,0,6,normal
2025-05-11 01:00:00,26.4,87.0,0.0,0.0,41,11.8,232,1,1,6,normal
2025-05-11 02:00:00,26.2,88.0,0.0,0.0,43,10.9,236,1,2,6,normal
2025-05-11 03:00:00,26.0,89.0,0.0,0.0,37,11.2,230,1,3,6,normal
2025-05-11 04:00:00,26.4,85.0,0.0,0.0,21,14.4,224,1,4,6,normal
2025-05-11 05:00:00,26.4,85.0,0.0,0.0,20,14.5,223,1,5,6,normal
2025-05-11 06:00:00,26.4,85.0,0.0,0.0,23,14.9,221,1,6,6,normal
2025-05-11 07:00:00,27.6,80.0,0.0,0.0,39,17.4,215,1,7,6,normal
2025-05-11 08:00:00,28.8,74.0,0.0,0.0,47,20.2,213,1,8,6,normal
2025-05-11 09:00:00,29.7,69.0,0.0,0.0,52,19.3,215,2,9,6,normal
2025-05-11 10:00:00,30.2,67.0,0.1,0.1,25,18.7,215,51,10,6,rain
2025-05-11 11:00:00,30.6,65.0,0.1,0.1,41,19.2,214,51,11,6,rain
2025-05-11 12:00:00,30.3,66.0,0.1,0.1,39,19.7,215,51,12,6,rain
2025-05-11 13:00:00,29.7,70.0,1.3,1.3,81,18.1,223,61,13,6,rain
2025-05-11 14:00:00,29.9,69.0,0.2,0.2,95,17.1,221,51,14,6,rain
2025-05-11 15:00:00,29.5,71.0,1.0,1.0,99,19.5,218,55,15,6,rain
2025-05-11 16:00:00,28.5,73.0,1.2,1.2,81,18.2,219,55,16,6,rain
2025-05-11 17:00:00,28.2,76.0,0.0,0.0,39,19.9,213,1,17,6,normal
2025-05-11 18:00:00,27.5,80.0,0.0,0.0,55,16.5,213,2,18,6,normal
2025-05-11 19:00:00,27.4,80.0,0.0,0.0,36,16.7,212,1,19,6,normal
2025-05-11 20:00:00,27.3,81.0,0.0,0.0,28,17.2,209,1,20,6,normal
2025-05-11 21:00:00,27.3,81.0,0.0,0.0,24,16.9,209,1,21,6,normal
2025-05-11 22:00:00,27.2,82.0,0.0,0.0,29,15.9,211,1,22,6,normal
2025-05-11 23:00:00,27.1,83.0,0.0,0.0,29,14.7,213,1,23,6,normal
2025-05-12 00:00:00,27.0,83.0,0.0,0.0,21,14.7,216,1,0,0,normal
2025-05-12 01:00:00,26.7,85.0,0.0,0.0,25,15.1,215,1,1,0,normal
2025-05-12 02:00:00,26.3,88.0,0.0,0.0,27,14.1,219,1,2,0,normal
2025-05-12 03:00:00,26.1,89.0,0.0,0.0,32,13.9,220,1,3,0,normal
2025-05-12 04:00:00,26.4,86.0,0.0,0.0,31,13.6,212,1,4,0,normal
2025-05-12 05:00:00,26.4,86.0,0.0,0.0,33,14.8,211,1,5,0,normal
2025-05-12 06:00:00,26.2,88.0,0.0,0.0,29,14.6,213,1,6,0,normal
2025-05-12 07:00:00,26.9,85.0,0.1,0.1,33,15.3,214,51,7,0,rain
2025-05-12 08:00:00,27.9,78.0,0.1,0.1,51,17.8,213,51,8,0,rain
2025-05-12 09:00:00,28.7,75.0,0.3,0.3,47,18.8,212,51,9,0,rain
2025-05-12 10:00:00,29.3,74.0,0.3,0.3,47,19.0,211,51,10,0,rain
2025-05-12 11:00:00,30.3,70.0,0.0,0.0,28,19.2,207,1,11,0,normal
2025-05-12 12:00:00,30.5,68.0,0.0,0.0,25,20.5,207,1,12,0,normal
2025-05-12 13:00:00,30.4,69.0,0.0,0.0,21,21.2,206,1,13,0,normal
2025-05-12 14:00:00,30.1,66.0,0.7,0.7,50,23.6,208,53,14,0,rain
2025-05-12 15:00:00,28.9,74.0,0.4,0.4,36,23.2,209,51,15,0,rain
2025-05-12 16:00:00,28.9,72.0,0.1,0.1,27,20.3,210,51,16,0,rain
2025-05-12 17:00:00,28.2,76.0,0.0,0.0,32,18.9,207,1,17,0,normal
2025-05-12 18:00:00,27.4,81.0,0.0,0.0,24,17.8,203,1,18,0,normal
2025-05-12 19:00:00,27.1,83.0,0.0,0.0,24,16.0,203,1,19,0,normal
2025-05-12 20:00:00,26.9,84.0,0.0,0.0,46,14.7,204,1,20,0,normal
2025-05-12 21:00:00,27.0,82.0,0.0,0.0,100,14.8,204,3,21,0,cloudy
2025-05-12 22:00:00,26.8,82.0,0.0,0.0,100,14.8,204,3,22,0,cloudy
2025-05-12 23:00:00,25.2,89.0,0.1,0.1,73,16.2,184,51,23,0,rain
2025-05-13 00:00:00,25.2,90.0,0.1,0.1,56,14.0,202,51,0,1,rain
2025-05-13 01:00:00,25.6,88.0,0.0,0.0,74,16.1,208,2,1,1,normal
2025-05-13 02:00:00,25.8,88.0,0.0,0.0,84,16.8,205,3,2,1,cloudy
2025-05-13 03:00:00,26.1,87.0,0.0,0.0,51,15.5,208,2,3,1,normal
2025-05-13 04:00:00,26.0,87.0,0.0,0.0,25,12.3,209,1,4,1,normal
2025-05-13 05:00:00,25.8,88.0,0.0,0.0,36,11.5,214,1,5,1,normal
2025-05-13 06:00:00,25.9,88.0,0.2,0.2,22,12.2,214,51,6,1,rain
2025-05-13 07:00:00,26.7,85.0,0.1,0.1,28,13.6,220,51,7,1,rain
2025-05-13 08:00:00,27.4,79.0,0.2,0.2,32,18.8,218,51,8,1,rain
2025-05-13 09:00:00,28.4,73.0,0.0,0.0,20,17.2,213,1,9,1,normal
2025-05-13 10:00:00,29.1,70.0,0.2,0.2,49,20.0,214,51,10,1,rain
2025-05-13 11:00:00,29.2,73.0,0.2,0.2,40,20.7,214,51,11,1,rain
2025-05-13 12:00:00,29.2,71.0,0.1,0.1,43,20.8,212,51,12,1,rain
2025-05-13 13:00:00,28.9,73.0,0.0,0.0,48,17.6,215,1,13,1,normal
2025-05-13 14:00:00,29.2,72.0,0.0,0.0,47,19.3,217,1,14,1,normal
2025-05-13 15:00:00,29.0,72.0,0.8,0.8,54,16.8,215,53,15,1,rain
2025-05-13 16:00:00,28.8,72.0,0.1,0.1,35,17.4,211,51,16,1,rain
2025-05-13 17:00:00,28.0,77.0,0.0,0.0,18,15.3,212,0,17,1,normal
2025-05-13 18:00:00,27.0,84.0,0.0,0.0,17,13.7,212,0,18,1,normal
2025-05-13 19:00:00,26.5,87.0,0.0,0.0,21,14.7,211,1,19,1,normal
2025-05-13 20:00:00,26.3,87.0,0.0,0.0,25,17.0,212,1,20,1,normal
2025-05-13 21:00:00,26.3,87.0,0.0,0.0,25,15.4,214,1,21,1,normal
2025-05-13 22:00:00,26.2,88.0,0.0,0.0,25,14.7,219,1,22,1,normal
2025-05-13 23:00:00,26.0,89.0,0.0,0.0,20,14.0,221,1,23,1,normal
2025-05-14 00:00:00,25.9,89.0,0.0,0.0,23,13.1,223,1,0,2,normal
2025-05-14 01:00:00,25.5,91.0,0.1,0.1,25,13.6,227,51,1,2,rain
2025-05-14 02:00:00,25.2,93.0,0.1,0.1,29,14.2,231,51,2,2,rain
2025-05-14 03:00:00,25.3,92.0,0.1,0.1,28,15.0,233,51,3,2,rain
2025-05-14 04:00:00,25.8,87.0,0.0,0.0,22,11.9,228,1,4,2,normal
2025-05-14 05:00:00,25.5,89.0,0.0,0.0,18,11.5,245,0,5,2,normal
2025-05-14 06:00:00,25.1,91.0,0.0,0.0,55,11.6,254,2,6,2,normal
2025-05-14 07:00:00,25.9,88.0,0.1,0.1,26,13.8,241,51,7,2,rain
2025-05-14 08:00:00,27.2,80.0,0.1,0.1,33,17.7,229,51,8,2,rain
2025-05-14 09:00:00,28.4,73.0,0.1,0.1,34,17.9,220,51,9,2,rain
2025-05-14 10:00:00,29.4,70.0,0.1,0.1,38,19.2,217,51,10,2,rain
2025-05-14 11:00:00,29.9,69.0,0.0,0.0,30,19.6,214,1,11,2,normal
2025-05-14 12:00:00,30.1,68.0,0.0,0.0,24,20.5,215,1,12,2,normal
2025-05-14 13:00:00,30.4,66.0,0.0,0.0,19,20.8,213,0,13,2,normal
2025-05-14 14:00:00,30.0,66.0,0.1,0.1,37,22.6,212,51,14,2,rain
2025-05-14 15:00:00,28.9,72.0,0.1,0.1,30,22.4,214,51,15,2,rain
2025-05-14 16:00:00,28.8,73.0,0.0,0.0,26,21.7,213,1,16,2,normal
2025-05-14 17:00:00,28.0,77.0,0.0,0.0,43,22.6,216,1,17,2,normal
2025-05-14 18:00:00,27.1,82.0,0.0,0.0,24,18.9,218,1,18,2,normal
2025-05-14 19:00:00,26.7,85.0,0.0,0.0,20,18.1,218,1,19,2,normal
2025-05-14 20:00:00,26.5,86.0,0.0,0.0,27,17.7,223,1,20,2,normal
2025-05-14 21:00:00,26.3,87.0,0.0,0.0,23,17.6,223,1,21,2,normal
2025-05-14 22:00:00,26.3,87.0,0.0,0.0,19,16.4,224,0,22,2,normal
2025-05-14 23:00:00,26.2,87.0,0.0,0.0,23,15.4,225,1,23,2,normal
2025-05-15 00:00:00,26.0,88.0,0.0,0.0,19,14.8,225,0,0,3,normal
2025-05-15 01:00:00,25.8,89.0,0.0,0.0,23,14.9,227,1,1,3,normal
2025-05-15 02:00:00,25.5,91.0,0.0,0.0,26,14.8,233,1,2,3,normal
2025-05-15 03:00:00,25.4,92.0,0.0,0.0,19,15.1,241,0,3,3,normal
2025-05-15 04:00:00,25.9,86.0,0.0,0.0,17,15.2,226,0,4,3,normal
2025-05-15 05:00:00,25.8,87.0,0.0,0.0,20,14.0,232,1,5,3,normal
2025-05-15 06:00:00,25.8,86.0,0.0,0.0,28,14.1,233,1,6,3,normal
2025-05-15 07:00:00,26.9,81.0,0.0,0.0,30,15.7,229,1,7,3,normal
2025-05-15 08:00:00,28.1,74.0,0.1,0.1,38,21.2,222,51,8,3,rain
2025-05-15 09:00:00,28.7,72.0,0.1,0.1,37,21.6,217,51,9,3,rain
2025-05-15 10:00:00,29.5,69.0,0.1,0.1,30,23.5,212,51,10,3,rain
2025-05-15 11:00:00,29.9,68.0,0.1,0.1,16,24.0,211,51,11,3,rain
2025-05-15 12:00:00,30.1,67.0,0.1,0.1,22,23.9,208,51,12,3,rain
2025-05-15 13:00:00,30.0,69.0,0.1,0.1,22,24.5,205,51,13,3,rain
2025-05-15 14:00:00,29.5,71.0,0.1,0.1,55,24.1,207,51,14,3,rain
2025-05-15 15:00:00,28.3,75.0,0.7,0.7,65,23.6,214,53,15,3,rain
2025-05-15 16:00:00,28.2,75.0,0.1,0.1,39,21.1,216,51,16,3,rain
2025-05-15 17:00:00,27.7,77.0,0.2,0.2,35,19.7,213,51,17,3,rain
2025-05-15 18:00:00,26.1,86.0,0.7,0.7,60,17.6,218,53,18,3,rain
2025-05-15 19:00:00,25.6,88.0,0.2,0.2,66,15.3,214,51,19,3,rain
2025-05-15 20:00:00,25.6,89.0,0.0,0.0,27,17.5,217,1,20,3,normal
2025-05-15 21:00:00,25.4,88.0,0.0,0.0,41,16.5,215,1,21,3,normal
2025-05-15 22:00:00,25.7,87.0,0.0,0.0,22,15.6,215,1,22,3,normal
2025-05-15 23:00:00,25.9,87.0,0.0,0.0,28,16.7,213,1,23,3,normal
2025-05-16 00:00:00,26.1,86.0,0.0,0.0,27,18.2,212,1,0,4,normal
2025-05-16 01:00:00,26.0,87.0,0.0,0.0,23,18.2,210,1,1,4,normal
2025-05-16 02:00:00,25.9,86.0,0.0,0.0,27,18.1,212,1,2,4,normal
2025-05-16 03:00:00,25.5,89.0,0.1,0.1,29,17.7,218,51,3,4,rain
2025-05-16 04:00:00,25.9,85.0,0.0,0.0,37,16.4,220,1,4,4,normal
2025-05-16 05:00:00,25.7,86.0,0.1,0.1,26,15.8,225,51,5,4,rain
2025-05-16 06:00:00,25.7,86.0,0.0,0.0,22,15.7,228,1,6,4,normal
2025-05-16 07:00:00,26.8,81.0,0.0,0.0,12,17.2,226,0,7,4,normal
2025-05-16 08:00:00,28.2,73.0,0.0,0.0,11,21.6,220,0,8,4,normal
2025-05-16 09:00:00,29.2,68.0,0.0,0.0,20,21.9,219,1,9,4,normal
2025-05-16 10:00:00,29.8,65.0,0.0,0.0,31,22.9,217,1,10,4,normal
2025-05-16 11:00:00,30.4,61.0,0.0,0.0,17,23.1,219,0,11,4,normal
2025-05-16 12:00:00,30.7,59.0,0.0,0.0,32,23.8,217,1,12,4,normal
2025-05-16 13:00:00,30.6,59.0,0.0,0.0,39,23.9,217,1,13,4,normal
2025-05-16 14:00:00,30.4,61.0,0.0,0.0,17,22.9,217,0,14,4,normal
2025-05-16 15:00:00,30.4,60.0,0.0,0.0,5,21.4,219,0,15,4,normal
2025-05-16 16:00:00,29.6,62.0,0.0,0.0,7,19.3,217,0,16,4,normal
2025-05-16 17:00:00,28.4,71.0,0.0,0.0,8,16.7,214,0,17,4,normal
2025-05-16 18:00:00,27.3,79.0,0.0,0.0,14,14.5,214,0,18,4,normal
2025-05-16 19:00:00,27.0,82.0,0.0,0.0,14,14.8,213,0,19,4,normal
2025-05-16 20:00:00,26.8,83.0,0.0,0.0,15,15.9,212,0,20,4,normal
2025-05-16 21:00:00,26.5,84.0,0.0,0.0,32,15.1,208,1,21,4,normal
2025-05-16 22:00:00,26.2,87.0,0.0,0.0,26,14.8,209,1,22,4,normal
2025-05-16 23:00:00,26.0,88.0,0.0,0.0,21,13.8,211,1,23,4,normal
2025-05-17 00:00:00,25.9,89.0,0.1,0.1,9,14.2,212,51,0,5,rain
2025-05-17 01:00:00,25.7,90.0,0.1,0.1,15,13.8,217,51,1,5,rain
2025-05-17 02:00:00,25.5,91.0,0.0,0.0,17,12.9,221,0,2,5,normal
2025-05-17 03:00:00,25.5,91.0,0.0,0.0,21,12.6,222,1,3,5,normal
2025-05-17 04:00:00,25.1,92.0,0.0,0.0,11,9.9,235,0,4,5,normal
2025-05-17 05:00:00,25.1,92.0,0.1,0.1,17,10.0,234,51,5,5,rain
2025-05-17 06:00:00,24.9,93.0,0.1,0.1,99,9.8,240,51,6,5,rain
2025-05-17 07:00:00,25.8,89.0,0.1,0.1,91,12.7,235,51,7,5,rain
2025-05-17 08:00:00,26.9,82.0,0.2,0.2,84,15.4,222,51,8,5,rain
2025-05-17 09:00:00,28.3,74.0,0.2,0.2,30,17.6,216,51,9,5,rain
2025-05-17 10:00:00,29.4,68.0,0.1,0.1,15,19.0,211,51,10,5,rain
2025-05-17 11:00:00,30.0,66.0,0.0,0.0,13,20.0,206,0,11,5,normal
2025-05-17 12:00:00,30.1,65.0,0.0,0.0,18,21.2,205,0,12,5,normal
2025-05-17 13:00:00,30.0,66.0,0.1,0.1,18,22.1,206,51,13,5,rain
2025-05-17 14:00:00,29.8,67.0,0.1,0.1,16,22.1,207,51,14,5,rain
2025-05-17 15:00:00,29.2,70.0,0.1,0.1,19,21.8,202,51,15,5,rain
2025-05-17 16:00:00,28.6,72.0,0.0,0.0,5,19.3,208,0,16,5,normal
2025-05-17 17:00:00,28.1,74.0,0.0,0.0,4,19.0,210,0,17,5,normal
2025-05-17 18:00:00,27.2,78.0,0.0,0.0,6,16.2,214,0,18,5,normal
2025-05-17 19:00:00,26.9,80.0,0.0,0.0,36,15.7,216,1,19,5,normal
2025-05-17 20:00:00,26.7,81.0,0.0,0.0,97,14.7,219,3,20,5,cloudy
2025-05-17 21:00:00,26.6,82.0,0.0,0.0,41,14.6,218,1,21,5,normal
2025-05-17 22:00:00,26.2,84.0,0.0,0.0,64,15.6,221,2,22,5,normal
2025-05-17 23:00:00,25.7,89.0,0.0,0.0,94,15.2,227,3,23,5,cloudy
2025-05-18 00:00:00,25.3,91.0,0.0,0.0,69,14.6,232,2,0,6,normal
2025-05-18 01:00:00,25.1,93.0,0.0,0.0,22,13.1,236,1,1,6,normal
2025-05-18 02:00:00,24.8,93.0,0.0,0.0,58,12.3,238,2,2,6,normal
2025-05-18 03:00:00,25.1,92.0,0.0,0.0,36,11.8,237,1,3,6,normal
2025-05-18 04:00:00,24.7,92.0,0.0,0.0,22,10.7,241,1,4,6,normal
2025-05-18 05:00:00,24.5,94.0,0.0,0.0,37,10.1,243,1,5,6,normal
2025-05-18 06:00:00,24.5,94.0,0.0,0.0,25,10.0,240,1,6,6,normal
2025-05-18 07:00:00,25.6,89.0,0.0,0.0,38,14.5,235,1,7,6,normal
2025-05-18 08:00:00,27.1,80.0,0.1,0.1,100,15.0,224,51,8,6,rain
2025-05-18 09:00:00,28.0,75.0,0.1,0.1,32,15.2,215,51,9,6,rain
2025-05-18 10:00:00,29.1,70.0,0.1,0.1,29,15.8,209,51,10,6,rain
2025-05-18 11:00:00,29.5,70.0,0.1,0.1,33,15.8,206,51,11,6,rain
2025-05-18 12:00:00,30.0,68.0,0.1,0.1,26,14.3,205,51,12,6,rain
2025-05-18 13:00:00,29.2,70.0,1.3,1.3,47,14.0,218,61,13,6,rain
2025-05-18 14:00:00,29.1,69.0,0.4,0.4,47,16.9,202,51,14,6,rain
2025-05-18 15:00:00,28.7,73.0,0.3,0.3,24,17.3,202,51,15,6,rain
2025-05-18 16:00:00,28.6,73.0,0.0,0.0,14,16.3,202,0,16,6,normal
2025-05-18 17:00:00,27.8,78.0,0.0,0.0,8,15.2,199,0,17,6,normal
2025-05-18 18:00:00,26.8,84.0,0.0,0.0,14,13.8,201,0,18,6,normal
2025-05-18 19:00:00,26.4,87.0,0.0,0.0,14,13.4,202,0,19,6,normal
2025-05-18 20:00:00,26.3,87.0,0.0,0.0,26,13.1,199,1,20,6,normal
2025-05-18 21:00:00,26.3,88.0,0.0,0.0,18,13.7,198,0,21,6,normal
2025-05-18 22:00:00,26.2,88.0,0.0,0.0,74,13.7,202,2,22,6,normal
2025-05-18 23:00:00,26.1,88.0,0.0,0.0,38,12.3,207,1,23,6,normal
2025-05-19 00:00:00,26.1,87.0,0.0,0.0,31,13.1,207,1,0,0,normal
2025-05-19 01:00:00,26.1,86.0,0.0,0.0,15,14.3,208,0,1,0,normal
2025-05-19 02:00:00,26.0,86.0,0.0,0.0,21,14.3,208,1,2,0,normal
2025-05-19 03:00:00,26.0,86.0,0.0,0.0,16,14.9,210,0,3,0,normal
2025-05-19 04:00:00,25.9,88.0,0.0,0.0,20,14.3,208,1,4,0,normal
2025-05-19 05:00:00,25.9,88.0,0.0,0.0,19,13.8,209,0,5,0,normal
2025-05-19 06:00:00,25.9,87.0,0.0,0.0,23,12.9,210,1,6,0,normal
2025-05-19 07:00:00,27.1,81.0,0.0,0.0,23,14.8,214,1,7,0,normal
2025-05-19 08:00:00,28.0,75.0,0.0,0.0,22,17.8,213,1,8,0,normal
2025-05-19 09:00:00,28.6,72.0,0.1,0.1,28,19.2,214,51,9,0,rain
2025-05-19 10:00:00,29.3,68.0,0.1,0.1,20,20.3,210,51,10,0,rain
2025-05-19 11:00:00,29.9,66.0,0.0,0.0,17,20.9,209,0,11,0,normal
2025-05-19 12:00:00,30.2,64.0,0.0,0.0,9,21.6,207,0,12,0,normal
2025-05-19 13:00:00,30.1,65.0,0.0,0.0,2,21.8,207,0,13,0,normal
2025-05-19 14:00:00,29.9,66.0,0.0,0.0,5,21.5,206,0,14,0,normal
2025-05-19 15:00:00,29.1,71.0,0.0,0.0,66,21.3,208,2,15,0,normal
2025-05-19 16:00:00,28.3,75.0,0.0,0.0,90,19.7,208,3,16,0,cloudy
2025-05-19 17:00:00,27.5,80.0,0.0,0.0,91,20.4,207,3,17,0,cloudy
2025-05-19 18:00:00,26.6,85.0,0.0,0.0,80,19.2,207,3,18,0,cloudy
2025-05-19 19:00:00,26.4,87.0,0.0,0.0,67,16.9,208,2,19,0,normal
2025-05-19 20:00:00,26.4,86.0,0.0,0.0,18,15.1,208,0,20,0,normal
2025-05-19 21:00:00,26.5,86.0,0.0,0.0,17,15.2,206,0,21,0,normal
2025-05-19 22:00:00,26.4,86.0,0.0,0.0,16,16.0,206,0,22,0,normal
2025-05-19 23:00:00,26.2,86.0,0.0,0.0,27,16.4,206,1,23,0,normal
2025-05-20 00:00:00,26.2,86.0,0.0,0.0,21,15.9,207,1,0,1,normal
2025-05-20 01:00:00,26.0,87.0,0.0,0.0,19,15.6,206,0,1,1,normal
2025-05-20 02:00:00,25.9,88.0,0.0,0.0,26,16.5,207,1,2,1,normal
2025-05-20 03:00:00,25.9,89.0,0.0,0.0,32,16.2,207,1,3,1,normal
2025-05-20 04:00:00,26.1,87.0,0.0,0.0,31,14.4,204,1,4,1,normal
2025-05-20 05:00:00,26.0,88.0,0.0,0.0,30,13.5,209,1,5,1,normal
2025-05-20 06:00:00,25.8,89.0,0.0,0.0,19,13.9,211,0,6,1,normal
2025-05-20 07:00:00,26.8,84.0,0.0,0.0,29,16.6,212,1,7,1,normal
2025-05-20 08:00:00,28.1,77.0,0.1,0.1,37,19.3,212,51,8,1,rain
2025-05-20 09:00:00,29.3,68.0,0.0,0.0,41,19.4,214,1,9,1,normal
2025-05-20 10:00:00,30.0,64.0,0.0,0.0,30,20.8,214,1,10,1,normal
2025-05-20 11:00:00,30.2,64.0,0.0,0.0,18,21.2,206,0,11,1,normal
2025-05-20 12:00:00,30.3,64.0,0.0,0.0,15,20.9,204,0,12,1,normal
2025-05-20 13:00:00,30.1,66.0,0.0,0.0,6,22.6,205,0,13,1,normal
2025-05-20 14:00:00,29.7,69.0,0.0,0.0,8,22.2,206,0,14,1,normal
2025-05-20 15:00:00,29.3,69.0,0.0,0.0,29,22.4,209,1,15,1,normal
2025-05-20 16:00:00,28.6,72.0,0.0,0.0,84,21.8,209,3,16,1,cloudy
2025-05-20 17:00:00,27.8,75.0,0.0,0.0,28,20.8,210,1,17,1,normal
2025-05-20 18:00:00,26.8,81.0,0.0,0.0,46,17.0,211,1,18,1,normal
2025-05-20 19:00:00,26.5,84.0,0.0,0.0,56,17.3,208,2,19,1,normal
2025-05-20 20:00:00,26.6,84.0,0.0,0.0,32,17.6,204,1,20,1,normal
2025-05-20 21:00:00,26.6,84.0,0.0,0.0,28,16.4,205,1,21,1,normal
2025-05-20 22:00:00,26.5,84.0,0.0,0.0,17,15.0,209,0,22,1,normal
2025-05-20 23:00:00,26.3,86.0,0.0,0.0,75,13.3,216,2,23,1,cloudy
2025-05-21 00:00:00,26.0,88.0,0.0,0.0,93,13.9,216,3,0,2,cloudy
2025-05-21 01:00:00,26.0,87.0,0.0,0.0,91,14.4,217,3,1,2,cloudy
2025-05-21 02:00:00,25.9,88.0,0.0,0.0,87,13.5,224,3,2,2,cloudy
2025-05-21 03:00:00,25.8,88.0,0.0,0.0,98,14.5,224,3,3,2,cloudy
2025-05-21 04:00:00,26.1,85.0,0.0,0.0,77,13.8,219,2,4,2,cloudy
2025-05-21 05:00:00,26.1,85.0,0.0,0.0,82,13.5,218,3,5,2,cloudy
2025-05-21 06:00:00,25.9,86.0,0.0,0.0,87,12.7,220,3,6,2,cloudy
2025-05-21 07:00:00,27.1,81.0,0.0,0.0,91,13.8,220,3,7,2,cloudy
2025-05-21 08:00:00,28.3,74.0,0.0,0.0,94,19.5,213,3,8,2,cloudy
2025-05-21 09:00:00,29.3,70.0,0.0,0.0,96,20.3,210,3,9,2,cloudy
2025-05-21 10:00:00,29.9,66.0,0.0,0.0,99,20.9,211,3,10,2,cloudy
2025-05-21 11:00:00,30.4,64.0,0.1,0.1,99,21.5,208,51,11,2,rain
2025-05-21 12:00:00,30.2,65.0,0.0,0.0,94,22.3,206,3,12,2,cloudy
2025-05-21 13:00:00,30.4,66.0,0.1,0.1,99,22.6,205,51,13,2,rain
2025-05-21 14:00:00,29.9,67.0,0.4,0.4,99,23.3,205,51,14,2,rain
2025-05-21 15:00:00,29.4,71.0,0.0,0.0,97,21.9,207,3,15,2,cloudy
2025-05-21 16:00:00,28.8,74.0,0.0,0.0,97,20.7,210,3,16,2,cloudy
2025-05-21 17:00:00,27.9,79.0,0.0,0.0,47,19.9,209,1,17,2,normal
2025-05-21 18:00:00,27.1,84.0,0.0,0.0,80,18.5,208,3,18,2,cloudy
2025-05-21 19:00:00,26.7,87.0,0.0,0.0,100,16.3,207,3,19,2,cloudy
2025-05-21 20:00:00,26.6,88.0,0.0,0.0,98,15.8,210,3,20,2,cloudy
2025-05-21 21:00:00,26.5,89.0,0.0,0.0,90,16.2,210,3,21,2,cloudy
2025-05-21 22:00:00,26.4,89.0,0.0,0.0,100,16.3,209,3,22,2,cloudy
2025-05-21 23:00:00,26.2,90.0,0.0,0.0,100,16.1,211,3,23,2,cloudy
2025-05-22 00:00:00,26.0,91.0,0.0,0.0,100,15.2,213,3,0,3,cloudy
2025-05-22 01:00:00,25.8,92.0,0.0,0.0,100,15.9,214,3,1,3,cloudy
2025-05-22 02:00:00,25.8,92.0,0.0,0.0,100,16.4,216,3,2,3,cloudy
2025-05-22 03:00:00,25.7,92.0,0.0,0.0,100,15.9,215,3,3,3,cloudy
2025-05-22 04:00:00,26.1,87.0,0.0,0.0,100,15.3,211,3,4,3,cloudy
2025-05-22 05:00:00,26.0,89.0,0.0,0.0,96,15.2,215,3,5,3,cloudy
2025-05-22 06:00:00,26.1,89.0,0.0,0.0,100,14.8,218,3,6,3,cloudy
2025-05-22 07:00:00,27.1,84.0,0.0,0.0,96,16.6,219,3,7,3,cloudy
2025-05-22 08:00:00,28.3,76.0,0.0,0.0,95,18.9,215,3,8,3,cloudy
2025-05-22 09:00:00,29.1,71.0,0.1,0.1,98,21.1,210,51,9,3,rain
2025-05-22 10:00:00,29.7,68.0,0.1,0.1,99,21.8,209,51,10,3,rain
2025-05-22 11:00:00,29.9,68.0,0.1,0.1,96,22.1,208,51,11,3,rain
2025-05-22 12:00:00,29.7,69.0,0.5,0.5,95,23.4,211,53,12,3,rain
2025-05-22 13:00:00,29.8,70.0,0.3,0.3,97,22.9,212,51,13,3,rain
2025-05-22 14:00:00,29.7,70.0,0.1,0.1,96,22.4,220,51,14,3,rain
2025-05-22 15:00:00,29.2,71.0,0.1,0.1,100,25.5,216,51,15,3,rain
2025-05-22 16:00:00,28.6,74.0,0.0,0.0,97,23.8,214,3,16,3,cloudy
2025-05-22 17:00:00,27.8,77.0,0.0,0.0,98,24.3,215,3,17,3,cloudy
2025-05-22 18:00:00,26.9,83.0,0.0,0.0,99,21.6,217,3,18,3,cloudy
2025-05-22 19:00:00,26.4,86.0,0.0,0.0,99,20.6,217,3,19,3,cloudy
2025-05-22 20:00:00,26.1,88.0,0.0,0.0,100,18.9,221,3,20,3,cloudy
2025-05-22 21:00:00,26.1,88.0,0.0,0.0,100,16.8,219,3,21,3,cloudy
2025-05-22 22:00:00,25.9,90.0,0.0,0.0,100,18.0,220,3,22,3,cloudy
2025-05-22 23:00:00,25.8,90.0,0.0,0.0,100,17.7,218,3,23,3,cloudy
2025-05-23 00:00:00,25.8,90.0,0.0,0.0,100,17.9,218,3,0,4,cloudy
2025-05-23 01:00:00,26.0,89.0,0.0,0.0,100,18.0,222,3,1,4,cloudy
2025-05-23 02:00:00,26.0,88.0,0.0,0.0,100,18.3,221,3,2,4,cloudy
2025-05-23 03:00:00,25.8,89.0,0.1,0.1,100,19.1,224,51,3,4,rain
2025-05-23 04:00:00,26.4,85.0,0.0,0.0,93,19.3,220,3,4,4,cloudy
2025-05-23 05:00:00,26.4,83.0,0.0,0.0,96,19.3,219,3,5,4,cloudy
2025-05-23 06:00:00,26.3,83.0,0.0,0.0,81,19.0,222,3,6,4,cloudy
2025-05-23 07:00:00,27.2,79.0,0.0,0.0,98,19.3,219,3,7,4,cloudy
2025-05-23 08:00:00,28.5,68.0,0.0,0.0,99,23.9,219,3,8,4,cloudy
2025-05-23 09:00:00,29.3,63.0,0.0,0.0,100,25.5,219,3,9,4,cloudy
2025-05-23 10:00:00,29.9,60.0,0.0,0.0,100,28.8,216,3,10,4,cloudy
2025-05-23 11:00:00,29.8,61.0,0.0,0.0,100,29.4,216,3,11,4,cloudy
2025-05-23 12:00:00,29.8,63.0,0.1,0.1,96,29.9,220,51,12,4,rain
2025-05-23 13:00:00,30.2,62.0,0.0,0.0,88,27.9,218,3,13,4,cloudy
2025-05-23 14:00:00,29.7,64.0,0.0,0.0,77,30.1,217,2,14,4,cloudy
2025-05-23 15:00:00,29.3,65.0,0.0,0.0,93,29.0,216,3,15,4,cloudy
2025-05-23 16:00:00,28.4,68.0,0.0,0.0,84,25.3,215,3,16,4,cloudy
2025-05-23 17:00:00,27.5,73.0,0.0,0.0,96,22.4,215,3,17,4,cloudy
2025-05-23 18:00:00,26.8,75.0,0.0,0.0,10,20.2,217,0,18,4,normal
2025-05-23 19:00:00,26.6,77.0,0.0,0.0,48,19.2,220,1,19,4,normal
2025-05-23 20:00:00,26.4,80.0,0.0,0.0,80,20.4,219,3,20,4,cloudy
2025-05-23 21:00:00,26.3,81.0,0.0,0.0,100,19.9,218,3,21,4,cloudy
2025-05-23 22:00:00,26.4,80.0,0.0,0.0,98,19.6,218,3,22,4,cloudy
2025-05-23 23:00:00,26.2,82.0,0.0,0.0,100,18.5,220,3,23,4,cloudy
2025-05-24 00:00:00,26.1,85.0,0.0,0.0,100,20.0,222,3,0,5,cloudy
2025-05-24 01:00:00,26.0,85.0,0.0,0.0,100,21.0,223,3,1,5,cloudy
2025-05-24 02:00:00,25.8,84.0,0.0,0.0,100,21.4,223,3,2,5,cloudy
2025-05-24 03:00:00,25.7,84.0,0.0,0.0,100,21.1,226,3,3,5,cloudy
2025-05-24 04:00:00,26.0,80.0,0.0,0.0,100,20.1,224,3,4,5,cloudy
2025-05-24 05:00:00,26.0,80.0,0.0,0.0,100,21.4,224,3,5,5,cloudy
2025-05-24 06:00:00,26.1,80.0,0.0,0.0,99,22.6,221,3,6,5,cloudy
2025-05-24 07:00:00,26.8,77.0,0.0,0.0,100,25.3,220,3,7,5,cloudy
2025-05-24 08:00:00,27.7,72.0,0.0,0.0,100,28.6,218,3,8,5,cloudy
2025-05-24 09:00:00,28.4,67.0,0.1,0.1,100,29.3,214,51,9,5,rain
2025-05-24 10:00:00,29.0,65.0,0.1,0.1,100,29.4,215,51,10,5,rain
2025-05-24 11:00:00,29.6,62.0,0.0,0.0,100,29.5,216,3,11,5,cloudy
2025-05-24 12:00:00,29.8,59.0,0.0,0.0,100,28.8,218,3,12,5,cloudy
2025-05-24 13:00:00,29.9,57.0,0.0,0.0,100,29.0,218,3,13,5,cloudy
2025-05-24 14:00:00,29.6,58.0,0.0,0.0,100,27.9,208,3,14,5,cloudy
2025-05-24 15:00:00,29.2,62.0,0.0,0.0,100,28.8,209,3,15,5,cloudy
2025-05-24 16:00:00,28.8,65.0,0.0,0.0,88,28.5,211,3,16,5,cloudy
2025-05-24 17:00:00,27.8,72.0,0.0,0.0,97,28.6,214,3,17,5,cloudy
2025-05-24 18:00:00,26.9,78.0,0.0,0.0,95,24.7,217,3,18,5,cloudy
2025-05-24 19:00:00,26.6,81.0,0.0,0.0,90,21.1,215,3,19,5,cloudy
2025-05-24 20:00:00,26.6,81.0,0.0,0.0,95,20.6,208,3,20,5,cloudy
2025-05-24 21:00:00,26.6,79.0,0.0,0.0,100,20.1,208,3,21,5,cloudy
2025-05-24 22:00:00,26.5,79.0,0.0,0.0,100,20.1,208,3,22,5,cloudy
2025-05-24 23:00:00,26.6,78.0,0.0,0.0,98,19.8,207,3,23,5,cloudy
2025-05-25 00:00:00,26.6,78.0,0.0,0.0,99,18.7,213,3,0,6,cloudy
2025-05-25 01:00:00,26.5,78.0,0.0,0.0,100,20.3,213,3,1,6,cloudy
2025-05-25 02:00:00,26.2,79.0,0.0,0.0,100,21.0,213,3,2,6,cloudy
2025-05-25 03:00:00,26.1,80.0,0.0,0.0,82,18.4,217,3,3,6,cloudy
2025-05-25 04:00:00,26.3,77.0,0.0,0.0,100,20.4,209,3,4,6,cloudy
2025-05-25 05:00:00,26.2,76.0,0.0,0.0,87,19.4,214,3,5,6,cloudy
2025-05-25 06:00:00,26.4,75.0,0.0,0.0,74,18.7,214,2,6,6,normal
2025-05-25 07:00:00,27.2,73.0,0.0,0.0,20,17.7,217,1,7,6,normal
2025-05-25 08:00:00,28.0,69.0,0.0,0.0,27,24.8,217,1,8,6,normal
2025-05-25 09:00:00,28.8,66.0,0.0,0.0,19,24.4,216,0,9,6,normal
2025-05-25 10:00:00,29.4,64.0,0.1,0.1,49,25.2,213,51,10,6,rain
2025-05-25 11:00:00,29.8,62.0,0.1,0.1,62,25.6,211,51,11,6,rain
2025-05-25 12:00:00,30.0,62.0,0.1,0.1,48,25.7,210,51,12,6,rain
2025-05-25 13:00:00,29.8,63.0,0.2,0.2,28,26.4,208,51,13,6,rain
2025-05-25 14:00:00,29.7,64.0,0.0,0.0,8,25.8,207,0,14,6,normal
2025-05-25 15:00:00,29.3,65.0,0.0,0.0,8,25.0,207,0,15,6,normal
2025-05-25 16:00:00,28.7,67.0,0.0,0.0,93,22.5,207,3,16,6,cloudy
2025-05-25 17:00:00,27.8,72.0,0.0,0.0,99,20.8,208,3,17,6,cloudy
2025-05-25 18:00:00,27.0,77.0,0.0,0.0,82,18.6,210,3,18,6,cloudy
2025-05-25 19:00:00,26.6,81.0,0.0,0.0,100,17.2,212,3,19,6,cloudy
2025-05-25 20:00:00,26.4,83.0,0.0,0.0,99,17.8,210,3,20,6,cloudy
2025-05-25 21:00:00,26.3,84.0,0.0,0.0,100,18.0,209,3,21,6,cloudy
2025-05-25 22:00:00,26.2,85.0,0.0,0.0,100,18.4,207,3,22,6,cloudy
2025-05-25 23:00:00,26.1,85.0,0.0,0.0,100,18.6,208,3,23,6,cloudy
2025-05-26 00:00:00,26.0,85.0,0.0,0.0,100,18.8,209,3,0,0,cloudy
2025-05-26 01:00:00,25.8,85.0,0.0,0.0,100,18.7,211,3,1,0,cloudy
2025-05-26 02:00:00,25.7,86.0,0.0,0.0,99,18.0,215,3,2,0,cloudy
2025-05-26 03:00:00,25.5,87.0,0.0,0.0,100,17.7,218,3,3,0,cloudy
2025-05-26 04:00:00,25.8,85.0,0.0,0.0,100,16.3,217,3,4,0,cloudy
2025-05-26 05:00:00,25.7,85.0,0.0,0.0,100,16.2,221,3,5,0,cloudy
2025-05-26 06:00:00,25.5,85.0,0.0,0.0,100,16.0,227,3,6,0,cloudy
2025-05-26 07:00:00,26.4,81.0,0.0,0.0,100,18.7,229,3,7,0,cloudy
2025-05-26 08:00:00,27.4,75.0,0.1,0.1,100,22.5,223,51,8,0,rain
2025-05-26 09:00:00,28.3,72.0,0.2,0.2,99,23.5,218,51,9,0,rain
2025-05-26 10:00:00,29.0,69.0,0.2,0.2,98,23.2,216,51,10,0,rain
2025-05-26 11:00:00,28.9,69.0,0.0,0.0,99,24.5,210,3,11,0,cloudy
2025-05-26 12:00:00,28.2,71.0,0.3,0.3,98,22.2,210,51,12,0,rain
2025-05-26 13:00:00,28.5,71.0,0.1,0.1,29,22.5,215,51,13,0,rain
2025-05-26 14:00:00,28.7,70.0,0.0,0.0,98,22.5,213,3,14,0,cloudy
2025-05-26 15:00:00,28.5,71.0,0.0,0.0,71,23.0,212,2,15,0,normal
2025-05-26 16:00:00,27.9,75.0,0.1,0.1,71,20.3,204,51,16,0,rain
2025-05-26 17:00:00,27.3,78.0,0.0,0.0,44,20.6,205,1,17,0,normal
2025-05-26 18:00:00,26.3,83.0,0.0,0.0,32,19.6,206,1,18,0,normal
2025-05-26 19:00:00,25.9,86.0,0.0,0.0,22,18.3,208,1,19,0,normal
2025-05-26 20:00:00,25.8,87.0,0.0,0.0,14,17.3,205,0,20,0,normal
2025-05-26 21:00:00,26.0,86.0,0.0,0.0,53,16.6,203,2,21,0,normal
2025-05-26 22:00:00,26.1,85.0,0.0,0.0,43,16.6,203,1,22,0,normal
2025-05-26 23:00:00,25.9,86.0,0.0,0.0,100,15.3,207,3,23,0,cloudy
2025-05-27 00:00:00,25.7,87.0,0.0,0.0,99,15.4,209,3,0,1,cloudy
2025-05-27 01:00:00,25.7,87.0,0.0,0.0,100,16.1,213,3,1,1,cloudy
2025-05-27 02:00:00,25.5,88.0,0.0,0.0,100,15.3,217,3,2,1,cloudy
2025-05-27 03:00:00,25.2,90.0,0.0,0.0,99,15.2,223,3,3,1,cloudy
2025-05-27 04:00:00,25.1,91.0,0.1,0.1,99,13.0,221,51,4,1,rain
2025-05-27 05:00:00,24.9,91.0,0.1,0.1,100,13.4,223,51,5,1,rain
2025-05-27 06:00:00,25.0,91.0,0.1,0.1,83,14.7,223,51,6,1,rain
2025-05-27 07:00:00,25.7,87.0,0.0,0.0,93,15.8,226,3,7,1,cloudy
2025-05-27 08:00:00,26.7,80.0,0.2,0.2,100,19.1,225,51,8,1,rain
2025-05-27 09:00:00,27.8,74.0,0.1,0.1,100,19.9,221,51,9,1,rain
2025-05-27 10:00:00,28.9,69.0,0.1,0.1,99,21.7,218,51,10,1,rain
2025-05-27 11:00:00,29.4,67.0,0.2,0.2,99,23.2,216,51,11,1,rain
2025-05-27 12:00:00,29.7,67.0,0.1,0.1,93,24.5,213,51,12,1,rain
2025-05-27 13:00:00,29.6,66.0,0.1,0.1,35,25.0,213,51,13,1,rain
2025-05-27 14:00:00,29.2,70.0,0.1,0.1,21,24.9,212,51,14,1,rain
2025-05-27 15:00:00,28.8,71.0,0.0,0.0,24,24.9,211,1,15,1,normal
2025-05-27 16:00:00,28.4,72.0,0.0,0.0,39,22.3,210,1,16,1,normal
2025-05-27 17:00:00,27.7,74.0,0.0,0.0,12,22.4,212,0,17,1,normal
2025-05-27 18:00:00,26.8,80.0,0.0,0.0,90,21.2,210,3,18,1,cloudy
2025-05-27 19:00:00,26.5,82.0,0.0,0.0,92,21.0,211,3,19,1,cloudy
2025-05-27 20:00:00,26.4,83.0,0.0,0.0,98,21.0,213,3,20,1,cloudy
2025-05-27 21:00:00,26.0,85.0,0.0,0.0,100,19.8,212,3,21,1,cloudy
2025-05-27 22:00:00,25.8,87.0,0.0,0.0,100,20.2,214,3,22,1,cloudy
2025-05-27 23:00:00,25.6,89.0,0.0,0.0,100,21.0,217,3,23,1,cloudy
2025-05-28 00:00:00,25.5,89.0,0.1,0.1,100,21.6,218,51,0,2,rain
2025-05-28 01:00:00,25.4,89.0,0.0,0.0,100,20.5,219,3,1,2,cloudy
2025-05-28 02:00:00,25.1,89.0,0.1,0.1,99,20.2,219,51,2,2,rain
2025-05-28 03:00:00,25.2,88.0,0.1,0.1,53,18.5,223,51,3,2,rain
2025-05-28 04:00:00,24.9,89.0,0.1,0.1,100,17.3,223,51,4,2,rain
2025-05-28 05:00:00,24.7,90.0,0.2,0.2,99,21.0,216,51,5,2,rain
2025-05-28 06:00:00,24.7,91.0,0.1,0.1,84,16.7,230,51,6,2,rain
2025-05-28 07:00:00,24.9,88.0,0.2,0.2,94,18.2,231,51,7,2,rain
2025-05-28 08:00:00,25.9,84.0,0.2,0.2,48,20.6,232,51,8,2,rain
2025-05-28 09:00:00,27.7,74.0,0.2,0.2,36,25.5,225,51,9,2,rain
2025-05-28 10:00:00,28.4,71.0,0.1,0.1,38,27.5,219,51,10,2,rain
2025-05-28 11:00:00,29.2,67.0,0.2,0.2,23,28.6,218,51,11,2,rain
2025-05-28 12:00:00,29.0,66.0,0.4,0.4,60,29.1,214,51,12,2,rain
2025-05-28 13:00:00,28.9,69.0,1.3,1.3,46,28.4,218,61,13,2,rain
2025-05-28 14:00:00,29.0,68.0,0.0,0.0,23,27.9,217,1,14,2,normal
2025-05-28 15:00:00,28.6,70.0,0.0,0.0,98,27.4,215,3,15,2,cloudy
2025-05-28 16:00:00,28.1,73.0,0.0,0.0,100,25.8,211,3,16,2,cloudy
2025-05-28 17:00:00,27.2,77.0,0.0,0.0,77,25.5,212,2,17,2,cloudy
2025-05-28 18:00:00,26.4,81.0,0.0,0.0,97,23.9,212,3,18,2,cloudy
2025-05-28 19:00:00,26.3,82.0,0.0,0.0,98,23.2,211,3,19,2,cloudy
2025-05-28 20:00:00,26.2,82.0,0.0,0.0,96,22.7,209,3,20,2,cloudy
2025-05-28 21:00:00,26.1,83.0,0.0,0.0,100,21.0,212,3,21,2,cloudy
2025-05-28 22:00:00,26.0,82.0,0.0,0.0,100,20.3,212,3,22,2,cloudy
2025-05-28 23:00:00,25.9,81.0,0.0,0.0,100,21.8,212,3,23,2,cloudy
2025-05-29 00:00:00,25.9,81.0,0.0,0.0,100,22.0,214,3,0,3,cloudy
2025-05-29 01:00:00,25.8,81.0,0.0,0.0,99,21.3,215,3,1,3,cloudy
2025-05-29 02:00:00,25.8,80.0,0.0,0.0,98,21.2,218,3,2,3,cloudy
2025-05-29 03:00:00,25.8,79.0,0.0,0.0,99,20.4,222,3,3,3,cloudy
2025-05-29 04:00:00,25.7,74.0,0.0,0.0,98,17.4,220,3,4,3,cloudy
2025-05-29 05:00:00,25.9,74.0,0.0,0.0,98,17.3,226,3,5,3,cloudy
2025-05-29 06:00:00,25.8,75.0,0.0,0.0,98,16.5,225,3,6,3,cloudy
2025-05-29 07:00:00,26.8,72.0,0.0,0.0,98,19.6,227,3,7,3,cloudy
2025-05-29 08:00:00,28.2,64.0,0.0,0.0,95,23.3,222,3,8,3,cloudy
2025-05-29 09:00:00,29.0,60.0,0.0,0.0,89,24.4,221,3,9,3,cloudy
2025-05-29 10:00:00,29.6,57.0,0.0,0.0,97,24.8,222,3,10,3,cloudy
2025-05-29 11:00:00,30.1,54.0,0.0,0.0,97,25.6,222,3,11,3,cloudy
2025-05-29 12:00:00,30.3,53.0,0.0,0.0,97,26.4,219,3,12,3,cloudy
2025-05-29 13:00:00,30.0,55.0,0.0,0.0,94,26.8,216,3,13,3,cloudy
2025-05-29 14:00:00,29.7,57.0,0.0,0.0,98,27.0,215,3,14,3,cloudy
2025-05-29 15:00:00,29.1,63.0,0.0,0.0,93,27.6,213,3,15,3,cloudy
2025-05-29 16:00:00,28.2,64.0,0.0,0.0,100,25.3,212,3,16,3,cloudy
2025-05-29 17:00:00,26.9,74.0,0.0,0.0,98,23.7,217,3,17,3,cloudy
2025-05-29 18:00:00,26.0,81.0,0.0,0.0,88,20.0,219,3,18,3,cloudy
2025-05-29 19:00:00,25.8,81.0,0.0,0.0,78,20.0,219,2,19,3,cloudy
2025-05-29 20:00:00,25.8,80.0,0.0,0.0,71,20.1,218,2,20,3,normal
2025-05-29 21:00:00,25.9,79.0,0.0,0.0,87,19.4,215,3,21,3,cloudy
2025-05-29 22:00:00,26.0,79.0,0.0,0.0,90,20.6,216,3,22,3,cloudy
2025-05-29 23:00:00,25.9,80.0,0.0,0.0,34,20.9,216,1,23,3,normal
2025-05-30 00:00:00,25.9,80.0,0.0,0.0,15,20.5,216,0,0,4,normal
2025-05-30 01:00:00,25.8,80.0,0.0,0.0,72,20.4,222,2,1,4,normal
2025-05-30 02:00:00,25.8,80.0,0.0,0.0,88,19.0,227,3,2,4,cloudy
2025-05-30 03:00:00,25.6,81.0,0.0,0.0,48,17.5,230,1,3,4,normal
2025-05-30 04:00:00,25.5,79.0,0.0,0.0,95,16.6,230,3,4,4,cloudy
2025-05-30 05:00:00,25.5,79.0,0.0,0.0,100,16.7,233,3,5,4,cloudy
2025-05-30 06:00:00,25.4,79.0,0.0,0.0,99,15.3,234,3,6,4,cloudy
2025-05-30 07:00:00,26.4,75.0,0.0,0.0,100,16.6,230,3,7,4,cloudy
2025-05-30 08:00:00,27.2,72.0,0.1,0.1,100,24.1,227,51,8,4,rain
2025-05-30 09:00:00,27.7,71.0,0.2,0.2,100,24.6,222,51,9,4,rain
2025-05-30 10:00:00,28.4,68.0,0.2,0.2,100,25.6,218,51,10,4,rain
2025-05-30 11:00:00,28.7,67.0,0.2,0.2,99,26.0,217,51,11,4,rain
2025-05-30 12:00:00,29.2,65.0,0.1,0.1,100,27.1,214,51,12,4,rain
2025-05-30 13:00:00,29.2,66.0,0.1,0.1,97,27.5,213,51,13,4,rain
2025-05-30 14:00:00,29.1,64.0,0.1,0.1,97,27.7,213,51,14,4,rain
2025-05-30 15:00:00,28.4,70.0,0.0,0.0,98,25.8,214,3,15,4,cloudy
2025-05-30 16:00:00,28.2,70.0,0.0,0.0,100,23.3,213,3,16,4,cloudy
2025-05-30 17:00:00,27.5,73.0,0.0,0.0,96,22.5,214,3,17,4,cloudy
2025-05-30 18:00:00,26.8,77.0,0.0,0.0,86,21.1,212,3,18,4,cloudy
2025-05-30 19:00:00,26.3,82.0,0.0,0.0,92,21.2,215,3,19,4,cloudy
2025-05-30 20:00:00,26.1,83.0,0.0,0.0,81,23.2,215,3,20,4,cloudy
2025-05-30 21:00:00,25.8,84.0,0.1,0.1,96,24.4,213,51,21,4,rain
2025-05-30 22:00:00,25.4,87.0,0.1,0.1,99,23.5,212,51,22,4,rain
2025-05-30 23:00:00,25.5,86.0,0.1,0.1,100,21.6,213,51,23,4,rain
2025-05-31 00:00:00,25.1,86.0,0.1,0.1,100,19.8,212,51,0,5,rain
2025-05-31 01:00:00,25.1,87.0,0.2,0.2,98,19.4,215,51,1,5,rain
2025-05-31 02:00:00,24.5,91.0,0.2,0.2,98,18.2,219,51,2,5,rain
2025-05-31 03:00:00,24.2,93.0,0.5,0.5,53,17.2,207,53,3,5,rain
2025-05-31 04:00:00,24.2,91.0,0.4,0.4,60,16.4,225,51,4,5,rain
2025-05-31 05:00:00,23.8,92.0,0.1,0.1,40,18.1,225,51,5,5,rain
2025-05-31 06:00:00,23.5,92.0,0.0,0.0,24,14.3,227,1,6,5,normal
2025-05-31 07:00:00,24.6,88.0,0.0,0.0,75,17.1,227,2,7,5,cloudy
2025-05-31 08:00:00,26.2,78.0,0.0,0.0,83,18.0,226,3,8,5,cloudy
2025-05-31 09:00:00,27.7,71.0,0.0,0.0,46,21.1,220,1,9,5,normal
2025-05-31 10:00:00,28.6,66.0,0.1,0.1,92,24.0,214,51,10,5,rain
2025-05-31 11:00:00,29.2,65.0,0.0,0.0,96,24.9,214,3,11,5,cloudy
2025-05-31 12:00:00,29.5,64.0,0.0,0.0,99,25.6,213,3,12,5,cloudy
2025-05-31 13:00:00,29.4,63.0,0.0,0.0,100,26.3,212,3,13,5,cloudy
2025-05-31 14:00:00,29.0,65.0,0.0,0.0,100,26.3,211,3,14,5,cloudy
2025-05-31 15:00:00,28.7,67.0,0.0,0.0,99,26.0,211,3,15,5,cloudy
2025-05-31 16:00:00,27.8,72.0,0.0,0.0,96,23.7,210,3,16,5,cloudy
2025-05-31 17:00:00,26.9,76.0,0.0,0.0,100,24.2,209,3,17,5,cloudy
2025-05-31 18:00:00,26.1,81.0,0.0,0.0,100,23.3,209,3,18,5,cloudy
2025-05-31 19:00:00,25.9,83.0,0.0,0.0,98,21.8,211,3,19,5,cloudy
2025-05-31 20:00:00,26.0,82.0,0.0,0.0,100,22.1,210,3,20,5,cloudy
2025-05-31 21:00:00,25.8,83.0,0.0,0.0,100,20.7,210,3,21,5,cloudy
2025-05-31 22:00:00,25.7,84.0,0.0,0.0,99,20.2,210,3,22,5,cloudy
2025-05-31 23:00:00,25.4,85.0,0.1,0.1,100,19.9,211,51,23,5,rain
2025-06-01 00:00:00,25.0,86.0,0.2,0.2,100,18.9,213,51,0,6,rain
2025-06-01 01:00:00,24.9,87.0,0.3,0.3,99,19.0,215,51,1,6,rain
2025-06-01 02:00:00,24.9,88.0,0.2,0.2,100,16.8,218,51,2,6,rain
2025-06-01 03:00:00,25.1,86.0,0.0,0.0,99,17.1,220,3,3,6,cloudy
2025-06-01 04:00:00,24.8,87.0,0.0,0.0,100,14.4,229,3,4,6,cloudy
2025-06-01 05:00:00,24.9,85.0,0.0,0.0,100,13.8,231,3,5,6,cloudy
2025-06-01 06:00:00,24.8,85.0,0.0,0.0,100,12.9,234,3,6,6,cloudy
2025-06-01 07:00:00,25.9,79.0,0.0,0.0,100,16.8,225,3,7,6,cloudy
2025-06-01 08:00:00,27.3,71.0,0.1,0.1,100,21.2,220,51,8,6,rain
2025-06-01 09:00:00,28.1,66.0,0.0,0.0,100,23.2,218,3,9,6,cloudy
2025-06-01 10:00:00,28.8,63.0,0.0,0.0,99,23.5,217,3,10,6,cloudy
2025-06-01 11:00:00,28.8,63.0,0.1,0.1,100,24.6,216,51,11,6,rain
2025-06-01 12:00:00,29.3,62.0,0.0,0.0,98,23.9,217,3,12,6,cloudy
2025-06-01 13:00:00,29.7,60.0,0.0,0.0,99,22.3,214,3,13,6,cloudy
2025-06-01 14:00:00,29.3,63.0,0.0,0.0,92,22.3,210,3,14,6,cloudy
2025-06-01 15:00:00,28.8,66.0,0.0,0.0,96,21.6,206,3,15,6,cloudy
2025-06-01 16:00:00,28.0,71.0,0.0,0.0,99,21.7,202,3,16,6,cloudy
2025-06-01 17:00:00,27.3,74.0,0.0,0.0,96,22.1,205,3,17,6,cloudy
2025-06-01 18:00:00,26.5,78.0,0.0,0.0,100,19.4,203,3,18,6,cloudy
2025-06-01 19:00:00,26.1,80.0,0.0,0.0,100,18.5,204,3,19,6,cloudy
2025-06-01 20:00:00,26.0,81.0,0.0,0.0,100,17.9,206,3,20,6,cloudy
2025-06-01 21:00:00,25.9,82.0,0.0,0.0,99,16.3,208,3,21,6,cloudy
2025-06-01 22:00:00,26.0,82.0,0.0,0.0,100,16.6,210,3,22,6,cloudy
2025-06-01 23:00:00,25.8,83.0,0.0,0.0,100,17.0,211,3,23,6,cloudy
2025-06-02 00:00:00,25.6,84.0,0.0,0.0,100,18.0,214,3,0,0,cloudy
2025-06-02 01:00:00,25.5,83.0,0.0,0.0,98,17.6,216,3,1,0,cloudy
2025-06-02 02:00:00,25.3,81.0,0.0,0.0,99,18.3,217,3,2,0,cloudy
2025-06-02 03:00:00,25.3,80.0,0.0,0.0,99,17.4,218,3,3,0,cloudy
2025-06-02 04:00:00,25.1,81.0,0.0,0.0,98,16.4,215,3,4,0,cloudy
2025-06-02 05:00:00,25.1,81.0,0.0,0.0,97,16.9,215,3,5,0,cloudy
2025-06-02 06:00:00,25.4,78.0,0.0,0.0,98,18.8,214,3,6,0,cloudy
2025-06-02 07:00:00,26.2,75.0,0.0,0.0,100,20.8,214,3,7,0,cloudy
2025-06-02 08:00:00,27.2,68.0,0.0,0.0,100,24.0,214,3,8,0,cloudy
2025-06-02 09:00:00,28.1,63.0,0.0,0.0,100,25.8,214,3,9,0,cloudy
2025-06-02 10:00:00,28.6,60.0,0.0,0.0,81,26.0,215,3,10,0,cloudy
2025-06-02 11:00:00,29.0,59.0,0.0,0.0,36,26.5,215,1,11,0,normal
2025-06-02 12:00:00,29.2,58.0,0.0,0.0,29,25.6,215,1,12,0,normal
2025-06-02 13:00:00,29.4,54.0,0.0,0.0,96,27.2,216,3,13,0,cloudy
2025-06-02 14:00:00,29.1,56.0,0.0,0.0,98,27.5,215,3,14,0,cloudy
2025-06-02 15:00:00,28.6,58.0,0.0,0.0,97,26.4,214,3,15,0,cloudy
2025-06-02 16:00:00,28.2,61.0,0.0,0.0,55,24.2,213,2,16,0,normal
2025-06-02 17:00:00,27.6,63.0,0.0,0.0,96,22.6,214,3,17,0,cloudy
2025-06-02 18:00:00,26.9,67.0,0.0,0.0,79,19.3,212,2,18,0,cloudy
2025-06-02 19:00:00,26.4,72.0,0.0,0.0,82,17.6,209,3,19,0,cloudy
2025-06-02 20:00:00,26.4,73.0,0.0,0.0,74,18.2,206,2,20,0,normal
2025-06-02 21:00:00,26.1,75.0,0.0,0.0,46,19.6,207,1,21,0,normal
2025-06-02 22:00:00,25.8,77.0,0.0,0.0,95,18.7,206,3,22,0,cloudy
2025-06-02 23:00:00,25.6,79.0,0.0,0.0,90,18.6,206,3,23,0,cloudy
2025-06-03 00:00:00,25.5,79.0,0.0,0.0,91,19.1,205,3,0,1,cloudy
2025-06-03 01:00:00,25.6,78.0,0.0,0.0,94,18.8,206,3,1,1,cloudy
2025-06-03 02:00:00,25.6,77.0,0.0,0.0,94,19.1,206,3,2,1,cloudy
2025-06-03 03:00:00,25.7,76.0,0.0,0.0,25,18.1,205,1,3,1,normal
2025-06-03 04:00:00,25.8,76.0,0.0,0.0,81,19.3,201,3,4,1,cloudy
2025-06-03 05:00:00,25.5,79.0,0.0,0.0,29,18.1,203,1,5,1,normal
2025-06-03 06:00:00,25.5,79.0,0.0,0.0,32,18.0,206,1,6,1,normal
2025-06-03 07:00:00,26.5,74.0,0.0,0.0,61,18.5,208,2,7,1,normal
2025-06-03 08:00:00,27.6,67.0,0.0,0.0,87,22.3,208,3,8,1,cloudy
2025-06-03 09:00:00,28.6,62.0,0.0,0.0,95,23.0,208,3,9,1,cloudy
2025-06-03 10:00:00,29.2,59.0,0.0,0.0,65,23.3,210,2,10,1,normal
2025-06-03 11:00:00,29.8,57.0,0.0,0.0,93,22.6,216,3,11,1,cloudy
2025-06-03 12:00:00,30.4,54.0,0.0,0.0,98,24.0,215,3,12,1,cloudy
2025-06-03 13:00:00,30.2,55.0,0.0,0.0,97,25.3,215,3,13,1,cloudy
2025-06-03 14:00:00,29.8,57.0,0.0,0.0,99,25.8,213,3,14,1,cloudy
2025-06-03 15:00:00,28.9,63.0,0.0,0.0,99,25.5,213,3,15,1,cloudy
2025-06-03 16:00:00,28.5,65.0,0.0,0.0,91,24.1,208,3,16,1,cloudy
2025-06-03 17:00:00,27.7,69.0,0.0,0.0,98,23.5,209,3,17,1,cloudy
2025-06-03 18:00:00,26.9,73.0,0.0,0.0,98,20.9,207,3,18,1,cloudy
2025-06-03 19:00:00,26.5,77.0,0.0,0.0,93,17.2,206,3,19,1,cloudy
2025-06-03 20:00:00,26.3,78.0,0.0,0.0,96,14.7,207,3,20,1,cloudy
2025-06-03 21:00:00,26.2,80.0,0.0,0.0,97,14.7,205,3,21,1,cloudy
2025-06-03 22:00:00,25.9,85.0,0.0,0.0,95,16.5,209,3,22,1,cloudy
2025-06-03 23:00:00,25.6,86.0,0.0,0.0,94,15.4,215,3,23,1,cloudy
2025-06-04 00:00:00,25.4,87.0,0.0,0.0,97,15.1,219,3,0,2,cloudy
2025-06-04 01:00:00,25.0,89.0,0.0,0.0,99,15.8,216,3,1,2,cloudy
2025-06-04 02:00:00,24.8,89.0,0.0,0.0,97,17.1,222,3,2,2,cloudy
2025-06-04 03:00:00,24.9,89.0,0.1,0.1,99,17.4,225,51,3,2,rain
2025-06-04 04:00:00,24.9,87.0,0.0,0.0,98,17.5,217,3,4,2,cloudy
2025-06-04 05:00:00,24.4,89.0,0.0,0.0,97,15.8,225,3,5,2,cloudy
2025-06-04 06:00:00,24.5,89.0,0.0,0.0,100,14.3,231,3,6,2,cloudy
2025-06-04 07:00:00,25.3,85.0,0.0,0.0,97,14.9,233,3,7,2,cloudy
2025-06-04 08:00:00,26.4,80.0,0.1,0.1,96,18.7,224,51,8,2,rain
2025-06-04 09:00:00,27.7,72.0,0.1,0.1,73,19.8,216,51,9,2,rain
2025-06-04 10:00:00,28.4,69.0,0.2,0.2,96,21.8,211,51,10,2,rain
2025-06-04 11:00:00,28.5,69.0,0.3,0.3,93,23.0,212,51,11,2,rain
2025-06-04 12:00:00,29.0,67.0,0.1,0.1,92,24.1,209,51,12,2,rain
2025-06-04 13:00:00,29.1,69.0,0.0,0.0,91,23.1,207,3,13,2,cloudy
2025-06-04 14:00:00,28.6,69.0,0.4,0.4,92,23.7,206,51,14,2,rain
2025-06-04 15:00:00,28.3,73.0,0.2,0.2,90,22.1,206,51,15,2,rain
2025-06-04 16:00:00,28.0,72.0,0.0,0.0,98,19.9,202,3,16,2,cloudy
2025-06-04 17:00:00,27.4,74.0,0.0,0.0,100,21.3,205,3,17,2,cloudy
2025-06-04 18:00:00,26.6,78.0,0.0,0.0,97,19.2,207,3,18,2,cloudy
2025-06-04 19:00:00,26.3,80.0,0.0,0.0,100,19.6,206,3,19,2,cloudy
2025-06-04 20:00:00,26.1,83.0,0.0,0.0,100,17.6,207,3,20,2,cloudy
2025-06-04 21:00:00,25.8,85.0,0.0,0.0,99,16.3,208,3,21,2,cloudy
2025-06-04 22:00:00,25.5,88.0,0.0,0.0,99,16.0,211,3,22,2,cloudy
2025-06-04 23:00:00,25.4,89.0,0.0,0.0,100,15.1,211,3,23,2,cloudy
2025-06-05 00:00:00,25.4,88.0,0.0,0.0,95,16.5,210,3,0,3,cloudy
2025-06-05 01:00:00,25.4,89.0,0.0,0.0,97,17.5,209,3,1,3,cloudy
2025-06-05 02:00:00,25.0,91.0,0.0,0.0,94,15.8,217,3,2,3,cloudy
2025-06-05 03:00:00,25.0,91.0,0.0,0.0,94,13.9,221,3,3,3,cloudy
2025-06-05 04:00:00,25.0,89.0,0.0,0.0,84,12.3,232,3,4,3,cloudy
2025-06-05 05:00:00,24.7,91.0,0.1,0.1,90,12.8,230,51,5,3,rain
2025-06-05 06:00:00,24.6,92.0,0.1,0.1,100,12.6,223,51,6,3,rain
2025-06-05 07:00:00,25.4,86.0,0.1,0.1,95,13.3,222,51,7,3,rain
2025-06-05 08:00:00,26.4,80.0,0.1,0.1,99,17.0,211,51,8,3,rain
2025-06-05 09:00:00,27.3,75.0,0.1,0.1,98,20.1,213,51,9,3,rain
2025-06-05 10:00:00,28.1,71.0,0.3,0.3,100,19.7,212,51,10,3,rain
2025-06-05 11:00:00,27.8,74.0,0.2,0.2,100,19.4,207,51,11,3,rain
2025-06-05 12:00:00,26.2,79.0,0.2,0.2,98,20.3,215,51,12,3,rain
2025-06-05 13:00:00,27.6,73.0,0.3,0.3,99,22.7,216,51,13,3,rain
2025-06-05 14:00:00,27.5,73.0,0.3,0.3,70,18.3,214,51,14,3,rain
2025-06-05 15:00:00,27.8,73.0,0.0,0.0,43,17.2,203,1,15,3,normal
2025-06-05 16:00:00,26.9,76.0,0.0,0.0,94,18.0,208,3,16,3,cloudy
2025-06-05 17:00:00,25.9,82.0,0.0,0.0,91,17.9,216,3,17,3,cloudy
2025-06-05 18:00:00,25.8,83.0,0.0,0.0,99,19.3,209,3,18,3,cloudy
2025-06-05 19:00:00,25.5,86.0,0.0,0.0,99,15.7,202,3,19,3,cloudy
2025-06-05 20:00:00,25.5,86.0,0.0,0.0,49,16.1,212,1,20,3,normal
2025-06-05 21:00:00,25.5,86.0,0.0,0.0,14,16.0,214,0,21,3,normal
2025-06-05 22:00:00,25.5,85.0,0.0,0.0,96,16.1,213,3,22,3,cloudy
2025-06-05 23:00:00,25.5,84.0,0.0,0.0,99,17.8,211,3,23,3,cloudy
2025-06-06 00:00:00,25.5,84.0,0.0,0.0,99,18.1,214,3,0,4,cloudy
2025-06-06 01:00:00,25.6,84.0,0.0,0.0,99,18.6,217,3,1,4,cloudy
2025-06-06 02:00:00,25.1,88.0,0.0,0.0,96,19.3,226,3,2,4,cloudy
2025-06-06 03:00:00,24.8,90.0,0.0,0.0,99,17.6,233,3,3,4,cloudy
2025-06-06 04:00:00,25.2,85.0,0.0,0.0,99,15.9,236,3,4,4,cloudy
2025-06-06 05:00:00,25.1,86.0,0.0,0.0,96,17.6,235,3,5,4,cloudy
2025-06-06 06:00:00,24.9,88.0,0.0,0.0,39,17.0,234,1,6,4,normal
2025-06-06 07:00:00,25.5,86.0,0.0,0.0,29,16.4,238,1,7,4,normal
2025-06-06 08:00:00,26.2,82.0,0.3,0.3,28,21.0,228,51,8,4,rain
2025-06-06 09:00:00,27.2,76.0,0.4,0.4,27,22.8,223,51,9,4,rain
2025-06-06 10:00:00,28.1,71.0,0.2,0.2,27,24.5,220,51,10,4,rain
2025-06-06 11:00:00,28.5,69.0,0.1,0.1,29,25.7,216,51,11,4,rain
2025-06-06 12:00:00,28.0,74.0,0.3,0.3,22,24.4,217,51,12,4,rain
2025-06-06 13:00:00,28.7,69.0,0.1,0.1,34,24.7,213,51,13,4,rain
2025-06-06 14:00:00,28.1,72.0,0.6,0.6,36,24.7,215,53,14,4,rain
2025-06-06 15:00:00,28.0,72.0,0.0,0.0,92,25.2,214,3,15,4,cloudy
2025-06-06 16:00:00,27.2,75.0,0.1,0.1,93,25.1,212,51,16,4,rain
2025-06-06 17:00:00,26.6,77.0,0.0,0.0,23,23.2,210,1,17,4,normal
2025-06-06 18:00:00,26.1,78.0,0.0,0.0,19,20.7,210,0,18,4,normal
2025-06-06 19:00:00,26.0,79.0,0.0,0.0,35,19.9,210,1,19,4,normal
2025-06-06 20:00:00,25.9,80.0,0.0,0.0,94,20.0,212,3,20,4,cloudy
2025-06-06 21:00:00,26.0,79.0,0.0,0.0,99,20.9,212,3,21,4,cloudy
2025-06-06 22:00:00,26.0,79.0,0.0,0.0,100,20.0,212,3,22,4,cloudy
2025-06-06 23:00:00,25.8,80.0,0.0,0.0,100,18.8,214,3,23,4,cloudy
2025-06-07 00:00:00,25.9,80.0,0.0,0.0,93,18.8,216,3,0,5,cloudy
2025-06-07 01:00:00,25.7,80.0,0.0,0.0,99,19.5,218,3,1,5,cloudy
2025-06-07 02:00:00,25.7,80.0,0.0,0.0,49,19.9,217,1,2,5,normal
2025-06-07 03:00:00,25.4,81.0,0.0,0.0,43,20.1,216,1,3,5,normal
2025-06-07 04:00:00,25.3,82.0,0.0,0.0,46,18.7,215,1,4,5,normal
2025-06-07 05:00:00,25.3,82.0,0.0,0.0,87,16.6,221,3,5,5,cloudy
2025-06-07 06:00:00,25.1,83.0,0.0,0.0,99,15.8,229,3,6,5,cloudy
2025-06-07 07:00:00,25.8,81.0,0.0,0.0,95,15.9,231,3,7,5,cloudy
2025-06-07 08:00:00,26.9,73.0,0.0,0.0,98,20.1,224,3,8,5,cloudy
2025-06-07 09:00:00,28.1,65.0,0.0,0.0,92,21.3,226,3,9,5,cloudy
2025-06-07 10:00:00,29.2,60.0,0.0,0.0,68,24.0,223,2,10,5,normal
2025-06-07 11:00:00,29.2,60.0,0.0,0.0,46,23.5,221,1,11,5,normal
2025-06-07 12:00:00,29.5,61.0,0.0,0.0,30,23.2,216,1,12,5,normal
2025-06-07 13:00:00,29.6,62.0,0.0,0.0,12,23.0,211,0,13,5,normal
2025-06-07 14:00:00,29.1,65.0,0.0,0.0,7,22.8,208,0,14,5,normal
2025-06-07 15:00:00,28.3,69.0,0.0,0.0,31,24.8,216,1,15,5,normal
2025-06-07 16:00:00,28.2,71.0,0.0,0.0,63,21.1,210,2,16,5,normal
2025-06-07 17:00:00,27.3,76.0,0.0,0.0,77,21.0,216,2,17,5,cloudy
2025-06-07 18:00:00,26.4,81.0,0.0,0.0,62,19.9,215,2,18,5,normal
2025-06-07 19:00:00,26.0,84.0,0.0,0.0,91,19.0,213,3,19,5,cloudy
2025-06-07 20:00:00,25.9,86.0,0.0,0.0,93,18.8,207,3,20,5,cloudy
2025-06-07 21:00:00,25.6,87.0,0.0,0.0,24,18.0,205,1,21,5,normal
2025-06-07 22:00:00,25.5,87.0,0.0,0.0,29,17.7,205,1,22,5,normal
2025-06-07 23:00:00,25.2,89.0,0.0,0.0,22,17.0,208,1,23,5,normal
2025-06-08 00:00:00,25.2,89.0,0.0,0.0,26,16.7,210,1,0,6,normal
2025-06-08 01:00:00,25.0,91.0,0.1,0.1,37,16.2,214,51,1,6,rain
2025-06-08 02:00:00,24.8,91.0,0.1,0.1,34,15.5,215,51,2,6,rain
2025-06-08 03:00:00,24.6,93.0,0.1,0.1,39,14.4,217,51,3,6,rain
2025-06-08 04:00:00,25.2,88.0,0.0,0.0,92,14.2,221,3,4,6,cloudy
2025-06-08 05:00:00,25.0,89.0,0.1,0.1,53,13.0,227,51,5,6,rain
2025-06-08 06:00:00,24.4,93.0,0.2,0.2,56,14.0,240,51,6,6,rain
2025-06-08 07:00:00,24.9,91.0,0.1,0.1,100,16.4,235,51,7,6,rain
2025-06-08 08:00:00,26.0,83.0,0.1,0.1,33,18.1,233,51,8,6,rain
2025-06-08 09:00:00,27.5,74.0,0.2,0.2,38,19.9,227,51,9,6,rain
2025-06-08 10:00:00,28.5,70.0,0.2,0.2,25,20.4,220,51,10,6,rain
2025-06-08 11:00:00,29.0,68.0,0.1,0.1,29,21.8,216,51,11,6,rain
2025-06-08 12:00:00,29.1,69.0,0.2,0.2,36,23.4,217,51,12,6,rain
2025-06-08 13:00:00,28.9,70.0,0.1,0.1,24,23.5,215,51,13,6,rain
2025-06-08 14:00:00,28.6,71.0,0.0,0.0,19,22.1,210,0,14,6,normal
2025-06-08 15:00:00,28.4,72.0,0.0,0.0,25,21.5,211,1,15,6,normal
2025-06-08 16:00:00,28.2,75.0,0.0,0.0,11,19.4,211,0,16,6,normal
2025-06-08 17:00:00,27.1,80.0,0.0,0.0,19,18.9,211,0,17,6,normal
2025-06-08 18:00:00,26.3,85.0,0.0,0.0,24,19.1,209,1,18,6,normal
2025-06-08 19:00:00,26.0,87.0,0.0,0.0,20,17.6,207,1,19,6,normal
2025-06-08 20:00:00,26.1,86.0,0.0,0.0,16,15.9,208,0,20,6,normal
2025-06-08 21:00:00,26.0,86.0,0.0,0.0,30,17.8,203,1,21,6,normal
2025-06-08 22:00:00,25.8,85.0,0.0,0.0,39,16.8,199,1,22,6,normal
2025-06-08 23:00:00,25.4,88.0,0.1,0.1,48,16.6,203,51,23,6,rain
2025-06-09 00:00:00,25.3,88.0,0.1,0.1,66,16.7,208,51,0,0,rain
2025-06-09 01:00:00,25.2,90.0,0.1,0.1,46,16.6,211,51,1,0,rain
2025-06-09 02:00:00,25.0,91.0,0.0,0.0,97,14.7,213,3,2,0,cloudy
2025-06-09 03:00:00,25.1,90.0,0.1,0.1,70,16.2,214,51,3,0,rain
2025-06-09 04:00:00,25.0,91.0,0.0,0.0,81,14.3,224,3,4,0,cloudy
2025-06-09 05:00:00,24.9,92.0,0.1,0.1,100,15.3,218,51,5,0,rain
2025-06-09 06:00:00,24.8,91.0,0.1,0.1,100,15.3,221,51,6,0,rain
2025-06-09 07:00:00,25.5,87.0,0.0,0.0,100,16.1,210,3,7,0,cloudy
2025-06-09 08:00:00,26.0,83.0,0.2,0.2,100,16.9,213,51,8,0,rain
2025-06-09 09:00:00,26.7,80.0,0.4,0.4,100,17.9,210,51,9,0,rain
2025-06-09 10:00:00,27.2,77.0,0.6,0.6,97,20.5,209,53,10,0,rain
2025-06-09 11:00:00,27.0,77.0,0.3,0.3,99,21.3,207,51,11,0,rain
2025-06-09 12:00:00,27.8,75.0,0.1,0.1,94,20.1,211,51,12,0,rain
2025-06-09 13:00:00,28.2,73.0,0.0,0.0,90,21.0,210,3,13,0,cloudy
2025-06-09 14:00:00,27.9,74.0,0.1,0.1,100,20.5,209,51,14,0,rain
2025-06-09 15:00:00,27.7,74.0,0.1,0.1,98,21.4,207,51,15,0,rain
2025-06-09 16:00:00,27.3,77.0,0.1,0.1,100,19.3,207,51,16,0,rain
2025-06-09 17:00:00,26.6,80.0,0.1,0.1,100,18.4,205,51,17,0,rain
2025-06-09 18:00:00,25.9,84.0,0.1,0.1,100,18.0,206,51,18,0,rain
2025-06-09 19:00:00,25.6,85.0,0.0,0.0,100,16.4,204,3,19,0,cloudy
2025-06-09 20:00:00,25.4,86.0,0.1,0.1,100,16.3,201,51,20,0,rain
2025-06-09 21:00:00,24.9,89.0,0.1,0.1,100,15.2,201,51,21,0,rain
2025-06-09 22:00:00,25.2,88.0,0.0,0.0,100,14.6,210,3,22,0,cloudy
2025-06-09 23:00:00,25.3,87.0,0.1,0.1,100,17.0,204,51,23,0,rain
2025-06-10 00:00:00,25.2,88.0,0.1,0.1,100,17.4,210,51,0,1,rain
2025-06-10 01:00:00,25.1,88.0,0.1,0.1,99,16.1,212,51,1,1,rain
2025-06-10 02:00:00,25.4,85.0,0.0,0.0,94,16.0,218,3,2,1,cloudy
2025-06-10 03:00:00,25.2,86.0,0.0,0.0,30,16.4,218,1,3,1,normal
2025-06-10 04:00:00,25.2,86.0,0.0,0.0,34,15.3,217,1,4,1,normal
2025-06-10 05:00:00,25.1,87.0,0.0,0.0,20,14.5,225,1,5,1,normal
2025-06-10 06:00:00,25.0,88.0,0.0,0.0,18,13.6,228,0,6,1,normal
2025-06-10 07:00:00,25.9,83.0,0.0,0.0,16,15.4,225,0,7,1,normal
2025-06-10 08:00:00,26.9,77.0,0.2,0.2,25,19.0,221,51,8,1,rain
2025-06-10 09:00:00,27.8,72.0,0.1,0.1,20,20.7,215,51,9,1,rain
2025-06-10 10:00:00,28.7,68.0,0.1,0.1,21,21.5,210,51,10,1,rain
2025-06-10 11:00:00,28.5,69.0,0.2,0.2,31,23.8,208,51,11,1,rain
2025-06-10 12:00:00,28.6,69.0,0.2,0.2,23,23.9,206,51,12,1,rain
2025-06-10 13:00:00,28.9,68.0,0.1,0.1,25,23.2,204,51,13,1,rain
2025-06-10 14:00:00,28.6,69.0,0.1,0.1,33,23.3,202,51,14,1,rain
2025-06-10 15:00:00,28.0,71.0,0.1,0.1,23,22.9,200,51,15,1,rain
2025-06-10 16:00:00,27.4,73.0,0.0,0.0,36,21.9,202,1,16,1,normal
2025-06-10 17:00:00,26.5,77.0,0.1,0.1,51,22.0,204,51,17,1,rain
2025-06-10 18:00:00,25.8,81.0,0.1,0.1,48,19.6,208,51,18,1,rain
2025-06-10 19:00:00,25.3,83.0,0.2,0.2,49,19.8,207,51,19,1,rain
2025-06-10 20:00:00,25.3,85.0,0.1,0.1,24,19.9,207,51,20,1,rain
2025-06-10 21:00:00,25.4,84.0,0.0,0.0,28,19.8,206,1,21,1,normal
2025-06-10 22:00:00,25.3,85.0,0.0,0.0,22,19.6,206,1,22,1,normal
2025-06-10 23:00:00,25.2,85.0,0.0,0.0,18,19.0,207,0,23,1,normal
2025-06-11 00:00:00,25.3,85.0,0.0,0.0,15,18.5,207,0,0,2,normal
2025-06-11 01:00:00,25.3,84.0,0.0,0.0,32,17.7,208,1,1,2,normal
2025-06-11 02:00:00,25.4,83.0,0.0,0.0,23,17.7,208,1,2,2,normal
2025-06-11 03:00:00,25.3,83.0,0.0,0.0,28,16.9,208,1,3,2,normal
2025-06-11 04:00:00,25.4,81.0,0.0,0.0,29,18.4,209,1,4,2,normal
2025-06-11 05:00:00,25.3,82.0,0.0,0.0,25,17.6,213,1,5,2,normal
2025-06-11 06:00:00,25.0,84.0,0.0,0.0,24,17.3,222,1,6,2,normal
2025-06-11 07:00:00,25.6,81.0,0.0,0.0,37,18.6,220,1,7,2,normal
2025-06-11 08:00:00,26.7,74.0,0.0,0.0,41,23.1,217,1,8,2,normal
2025-06-11 09:00:00,27.2,72.0,0.1,0.1,35,24.4,216,51,9,2,rain
2025-06-11 10:00:00,27.8,70.0,0.2,0.2,41,24.4,215,51,10,2,rain
2025-06-11 11:00:00,28.3,67.0,0.2,0.2,37,24.9,214,51,11,2,rain
2025-06-11 12:00:00,28.8,65.0,0.1,0.1,20,26.5,213,51,12,2,rain
2025-06-11 13:00:00,29.1,64.0,0.0,0.0,11,26.7,213,0,13,2,normal
2025-06-11 14:00:00,29.0,63.0,0.0,0.0,12,26.7,215,0,14,2,normal
2025-06-11 15:00:00,28.5,65.0,0.0,0.0,12,26.6,216,0,15,2,normal
2025-06-11 16:00:00,27.8,71.0,0.0,0.0,12,22.7,210,0,16,2,normal
2025-06-11 17:00:00,26.8,77.0,0.0,0.0,8,21.8,211,0,17,2,normal
2025-06-11 18:00:00,26.0,81.0,0.0,0.0,11,19.1,213,0,18,2,normal
2025-06-11 19:00:00,25.6,84.0,0.0,0.0,17,17.5,214,0,19,2,normal
2025-06-11 20:00:00,25.5,84.0,0.0,0.0,23,16.5,211,1,20,2,normal
2025-06-11 21:00:00,25.4,84.0,0.0,0.0,50,15.6,209,2,21,2,normal
2025-06-11 22:00:00,25.2,86.0,0.0,0.0,70,14.8,209,2,22,2,normal
2025-06-11 23:00:00,25.1,87.0,0.0,0.0,35,14.7,211,1,23,2,normal
2025-06-12 00:00:00,25.2,86.0,0.0,0.0,28,15.0,213,1,0,3,normal
2025-06-12 01:00:00,25.2,86.0,0.0,0.0,28,15.4,215,1,1,3,normal
2025-06-12 02:00:00,25.2,85.0,0.0,0.0,15,14.8,221,0,2,3,normal
2025-06-12 03:00:00,24.9,86.0,0.0,0.0,17,14.8,222,0,3,3,normal
2025-06-12 04:00:00,25.5,80.0,0.0,0.0,40,15.5,212,1,4,3,normal
2025-06-12 05:00:00,25.2,82.0,0.0,0.0,85,16.0,215,3,5,3,cloudy
2025-06-12 06:00:00,25.1,83.0,0.1,0.1,87,15.9,213,51,6,3,rain
2025-06-12 07:00:00,25.6,82.0,0.2,0.2,98,18.6,216,51,7,3,rain
2025-06-12 08:00:00,25.7,82.0,0.3,0.3,78,21.3,216,51,8,3,rain
2025-06-12 09:00:00,27.0,76.0,0.2,0.2,100,20.2,216,51,9,3,rain
2025-06-12 10:00:00,26.7,79.0,0.4,0.4,100,19.1,214,51,10,3,rain
2025-06-12 11:00:00,27.0,77.0,0.2,0.2,95,21.2,204,51,11,3,rain
2025-06-12 12:00:00,27.4,75.0,0.1,0.1,77,23.6,199,51,12,3,rain
2025-06-12 13:00:00,27.0,77.0,0.2,0.2,47,24.8,202,51,13,3,rain
2025-06-12 14:00:00,27.0,75.0,0.0,0.0,42,23.1,204,1,14,3,normal
2025-06-12 15:00:00,26.8,75.0,0.0,0.0,57,25.4,203,2,15,3,normal
2025-06-12 16:00:00,26.8,75.0,0.0,0.0,41,23.7,201,1,16,3,normal
2025-06-12 17:00:00,26.6,75.0,0.0,0.0,27,24.3,202,1,17,3,normal
2025-06-12 18:00:00,26.5,74.0,0.1,0.1,32,25.3,202,51,18,3,rain
2025-06-12 19:00:00,26.2,74.0,0.1,0.1,27,24.3,205,51,19,3,rain
2025-06-12 20:00:00,26.2,74.0,0.0,0.0,23,25.3,204,1,20,3,normal
2025-06-12 21:00:00,26.1,74.0,0.0,0.0,42,25.1,205,1,21,3,normal
2025-06-12 22:00:00,25.9,76.0,0.0,0.0,42,22.6,209,1,22,3,normal
2025-06-12 23:00:00,25.5,76.0,0.1,0.1,51,21.9,211,51,23,3,rain
2025-06-13 00:00:00,25.0,81.0,0.3,0.3,33,20.8,220,51,0,4,rain
2025-06-13 01:00:00,24.8,79.0,0.1,0.1,62,22.9,220,51,1,4,rain
2025-06-13 02:00:00,24.4,83.0,0.1,0.1,40,24.0,218,51,2,4,rain
2025-06-13 03:00:00,24.3,85.0,0.1,0.1,24,21.6,217,51,3,4,rain
2025-06-13 04:00:00,25.2,78.0,0.0,0.0,35,22.3,214,1,4,4,normal
2025-06-13 05:00:00,25.6,75.0,0.0,0.0,39,22.3,212,1,5,4,normal
2025-06-13 06:00:00,25.4,77.0,0.1,0.1,29,23.6,212,51,6,4,rain
2025-06-13 07:00:00,25.9,75.0,0.1,0.1,34,22.3,214,51,7,4,rain
2025-06-13 08:00:00,26.5,71.0,0.2,0.2,69,25.6,213,51,8,4,rain
2025-06-13 09:00:00,27.3,65.0,0.3,0.3,38,27.1,213,51,9,4,rain
2025-06-13 10:00:00,27.9,62.0,0.2,0.2,59,28.5,214,51,10,4,rain
2025-06-13 11:00:00,28.4,62.0,0.1,0.1,15,29.9,213,51,11,4,rain
2025-06-13 12:00:00,29.0,59.0,0.0,0.0,7,28.3,214,0,12,4,normal
2025-06-13 13:00:00,29.0,59.0,0.0,0.0,21,27.4,213,1,13,4,normal
2025-06-13 14:00:00,28.9,60.0,0.0,0.0,16,27.8,211,0,14,4,normal
2025-06-13 15:00:00,27.9,66.0,0.0,0.0,25,28.2,212,1,15,4,normal
2025-06-13 16:00:00,26.7,72.0,0.0,0.0,77,28.4,213,2,16,4,cloudy
2025-06-13 17:00:00,26.0,77.0,0.0,0.0,37,25.6,215,1,17,4,normal
2025-06-13 18:00:00,25.3,80.0,0.0,0.0,91,23.6,211,3,18,4,cloudy
2025-06-13 19:00:00,25.0,84.0,0.0,0.0,54,19.7,216,2,19,4,normal
2025-06-13 20:00:00,24.9,84.0,0.0,0.0,82,19.5,222,3,20,4,cloudy
2025-06-13 21:00:00,25.2,81.0,0.0,0.0,82,20.6,212,3,21,4,cloudy
2025-06-13 22:00:00,25.6,77.0,0.0,0.0,55,22.0,215,2,22,4,normal
2025-06-13 23:00:00,25.5,78.0,0.0,0.0,74,21.3,213,2,23,4,normal
2025-06-14 00:00:00,25.2,80.0,0.0,0.0,89,21.6,213,3,0,5,cloudy
2025-06-14 01:00:00,24.6,83.0,0.1,0.1,65,22.3,215,51,1,5,rain
2025-06-14 02:00:00,24.2,84.0,0.4,0.4,51,21.2,217,51,2,5,rain
2025-06-14 03:00:00,23.7,90.0,0.8,0.8,31,22.9,220,53,3,5,rain
2025-06-14 04:00:00,24.2,84.0,0.3,0.3,23,21.5,220,51,4,5,rain
2025-06-14 05:00:00,24.5,81.0,0.2,0.2,22,21.5,220,51,5,5,rain
2025-06-14 06:00:00,24.9,76.0,0.0,0.0,15,21.8,216,0,6,5,normal
2025-06-14 07:00:00,25.7,73.0,0.0,0.0,16,22.1,215,0,7,5,normal
2025-06-14 08:00:00,26.7,67.0,0.0,0.0,25,24.9,218,1,8,5,normal
2025-06-14 09:00:00,27.6,63.0,0.0,0.0,12,24.7,219,0,9,5,normal
2025-06-14 10:00:00,28.2,61.0,0.0,0.0,11,26.0,215,0,10,5,normal
2025-06-14 11:00:00,28.5,61.0,0.0,0.0,17,27.2,213,0,11,5,normal
2025-06-14 12:00:00,28.5,61.0,0.1,0.1,13,28.9,211,51,12,5,rain
2025-06-14 13:00:00,28.3,62.0,0.1,0.1,18,29.3,211,51,13,5,rain
2025-06-14 14:00:00,28.2,63.0,0.0,0.0,17,28.5,210,0,14,5,normal
2025-06-14 15:00:00,27.8,64.0,0.4,0.4,25,29.4,211,51,15,5,rain
2025-06-14 16:00:00,27.3,65.0,0.0,0.0,10,27.9,209,0,16,5,normal
2025-06-14 17:00:00,26.8,68.0,0.0,0.0,14,27.5,208,0,17,5,normal
2025-06-14 18:00:00,26.0,71.0,0.0,0.0,29,25.1,209,1,18,5,normal
2025-06-14 19:00:00,25.6,73.0,0.0,0.0,40,24.2,208,1,19,5,normal
2025-06-14 20:00:00,25.7,76.0,0.0,0.0,15,22.3,208,0,20,5,normal
2025-06-14 21:00:00,25.3,77.0,0.0,0.0,18,20.1,209,0,21,5,normal
2025-06-14 22:00:00,24.7,81.0,0.1,0.1,31,19.3,214,51,22,5,rain
2025-06-14 23:00:00,24.4,84.0,0.1,0.1,55,21.2,212,51,23,5,rain
2025-06-15 00:00:00,23.9,85.0,0.2,0.2,88,17.0,216,51,0,6,rain
2025-06-15 01:00:00,23.8,85.0,0.1,0.1,100,17.9,218,51,1,6,rain
2025-06-15 02:00:00,23.8,85.0,0.1,0.1,99,18.1,225,51,2,6,rain
2025-06-15 03:00:00,23.8,84.0,0.1,0.1,100,19.7,226,51,3,6,rain
2025-06-15 04:00:00,23.9,84.0,0.1,0.1,31,18.5,229,51,4,6,rain
2025-06-15 05:00:00,24.4,80.0,0.0,0.0,22,18.4,231,1,5,6,normal
2025-06-15 06:00:00,25.0,75.0,0.0,0.0,18,20.8,226,0,6,6,normal
2025-06-15 07:00:00,25.8,72.0,0.0,0.0,94,21.8,225,3,7,6,cloudy
2025-06-15 08:00:00,27.0,66.0,0.0,0.0,20,26.0,219,1,8,6,normal
2025-06-15 09:00:00,27.7,63.0,0.0,0.0,19,26.1,214,0,9,6,normal
2025-06-15 10:00:00,28.4,60.0,0.0,0.0,15,27.1,213,0,10,6,normal
2025-06-15 11:00:00,28.7,58.0,0.0,0.0,20,28.0,215,1,11,6,normal
2025-06-15 12:00:00,28.8,58.0,0.1,0.1,24,30.0,214,51,12,6,rain
2025-06-15 13:00:00,28.5,60.0,0.1,0.1,24,29.8,212,51,13,6,rain
2025-06-15 14:00:00,28.4,61.0,0.1,0.1,11,29.3,211,51,14,6,rain
2025-06-15 15:00:00,28.2,63.0,0.0,0.0,91,29.0,212,3,15,6,cloudy
2025-06-15 16:00:00,27.3,65.0,0.0,0.0,8,28.4,211,0,16,6,normal
2025-06-15 17:00:00,26.6,69.0,0.0,0.0,11,27.4,213,0,17,6,normal
2025-06-15 18:00:00,25.9,72.0,0.0,0.0,25,25.1,217,1,18,6,normal
2025-06-15 19:00:00,25.6,74.0,0.0,0.0,92,23.7,221,3,19,6,cloudy
2025-06-15 20:00:00,25.5,75.0,0.0,0.0,72,23.2,223,2,20,6,normal
2025-06-15 21:00:00,25.4,76.0,0.0,0.0,49,23.1,222,1,21,6,normal
2025-06-15 22:00:00,25.4,77.0,0.0,0.0,33,23.2,223,1,22,6,normal
2025-06-15 23:00:00,25.2,78.0,0.0,0.0,27,21.6,225,1,23,6,normal
2025-06-16 00:00:00,25.1,78.0,0.1,0.1,81,20.8,222,51,0,0,rain
2025-06-16 01:00:00,24.6,82.0,0.2,0.2,94,22.2,219,51,1,0,rain
2025-06-16 02:00:00,24.0,86.0,0.1,0.1,100,22.5,225,51,2,0,rain
2025-06-16 03:00:00,23.5,90.0,0.4,0.4,66,19.7,224,51,3,0,rain
2025-06-16 04:00:00,23.8,89.0,0.2,0.2,87,23.2,226,51,4,0,rain
2025-06-16 05:00:00,23.6,90.0,0.2,0.2,52,22.4,226,51,5,0,rain
2025-06-16 06:00:00,23.6,89.0,0.2,0.2,60,20.8,227,51,6,0,rain
2025-06-16 07:00:00,24.3,86.0,0.2,0.2,62,19.8,222,51,7,0,rain
2025-06-16 08:00:00,24.6,86.0,0.7,0.7,59,22.2,220,53,8,0,rain
2025-06-16 09:00:00,26.4,75.0,0.2,0.2,82,26.9,211,51,9,0,rain
2025-06-16 10:00:00,27.4,70.0,0.2,0.2,95,25.3,209,51,10,0,rain
2025-06-16 11:00:00,27.6,68.0,0.2,0.2,100,27.6,210,51,11,0,rain
2025-06-16 12:00:00,26.7,76.0,0.5,0.5,100,25.1,208,53,12,0,rain
2025-06-16 13:00:00,26.8,73.0,0.1,0.1,99,27.9,207,51,13,0,rain
2025-06-16 14:00:00,26.8,74.0,0.3,0.3,93,27.0,207,51,14,0,rain
2025-06-16 15:00:00,26.0,77.0,0.5,0.5,61,27.6,210,53,15,0,rain
2025-06-16 16:00:00,25.1,80.0,0.3,0.3,50,25.5,217,51,16,0,rain
2025-06-16 17:00:00,25.3,79.0,0.2,0.2,71,22.8,211,51,17,0,rain
2025-06-16 18:00:00,25.0,81.0,0.2,0.2,46,21.5,208,51,18,0,rain
2025-06-16 19:00:00,24.8,83.0,0.1,0.1,35,21.2,211,51,19,0,rain
2025-06-16 20:00:00,24.0,85.0,0.3,0.3,69,19.4,207,51,20,0,rain
2025-06-16 21:00:00,24.5,83.0,0.2,0.2,54,19.3,207,51,21,0,rain
2025-06-16 22:00:00,24.4,82.0,0.3,0.3,57,19.2,203,51,22,0,rain
2025-06-16 23:00:00,24.2,84.0,0.3,0.3,46,19.8,207,51,23,0,rain
2025-06-17 00:00:00,23.6,88.0,0.2,0.2,67,18.3,210,51,0,1,rain
2025-06-17 01:00:00,23.6,89.0,0.2,0.2,76,16.3,217,51,1,1,rain
2025-06-17 02:00:00,23.9,87.0,0.1,0.1,31,17.2,214,51,2,1,rain
2025-06-17 03:00:00,24.1,83.0,0.0,0.0,72,17.3,222,2,3,1,normal
2025-06-17 04:00:00,24.6,79.0,0.0,0.0,32,19.0,218,1,4,1,normal
2025-06-17 05:00:00,24.4,80.0,0.1,0.1,45,20.7,217,51,5,1,rain
2025-06-17 06:00:00,23.7,85.0,0.2,0.2,80,21.0,214,51,6,1,rain
2025-06-17 07:00:00,24.3,84.0,0.4,0.4,54,20.9,218,51,7,1,rain
2025-06-17 08:00:00,24.8,82.0,0.6,0.6,92,23.0,216,53,8,1,rain
2025-06-17 09:00:00,26.0,79.0,0.2,0.2,48,21.6,221,51,9,1,rain
2025-06-17 10:00:00,26.5,74.0,0.3,0.3,54,23.9,220,51,10,1,rain
2025-06-17 11:00:00,27.1,73.0,0.4,0.4,68,22.6,217,51,11,1,rain
2025-06-17 12:00:00,26.7,71.0,0.6,0.6,85,24.8,216,53,12,1,rain
2025-06-17 13:00:00,26.5,71.0,0.3,0.3,81,25.7,212,51,13,1,rain
2025-06-17 14:00:00,25.9,78.0,0.4,0.4,54,25.0,219,51,14,1,rain
2025-06-17 15:00:00,26.5,73.0,0.1,0.1,74,25.8,217,51,15,1,rain
2025-06-17 16:00:00,25.6,78.0,0.8,0.8,100,24.4,218,53,16,1,rain
2025-06-17 17:00:00,24.8,84.0,0.2,0.2,95,18.8,220,51,17,1,rain
2025-06-17 18:00:00,24.5,86.0,0.1,0.1,100,18.9,221,51,18,1,rain
2025-06-17 19:00:00,24.3,88.0,0.1,0.1,100,21.5,222,51,19,1,rain
2025-06-17 20:00:00,24.3,88.0,0.2,0.2,100,18.5,224,51,20,1,rain
2025-06-17 21:00:00,24.4,87.0,0.2,0.2,84,17.3,225,51,21,1,rain
2025-06-17 22:00:00,24.5,87.0,0.0,0.0,100,17.4,229,3,22,1,cloudy
2025-06-17 23:00:00,24.2,89.0,0.1,0.1,100,16.3,234,51,23,1,rain
2025-06-18 00:00:00,23.8,91.0,0.4,0.4,100,17.9,232,51,0,2,rain
2025-06-18 01:00:00,23.5,93.0,0.4,0.4,100,17.0,222,51,1,2,rain
2025-06-18 02:00:00,23.5,93.0,0.5,0.5,100,18.6,225,53,2,2,rain
2025-06-18 03:00:00,23.7,93.0,0.4,0.4,100,19.6,226,51,3,2,rain
2025-06-18 04:00:00,23.0,95.0,0.5,0.5,100,17.6,227,53,4,2,rain
2025-06-18 05:00:00,23.4,94.0,0.2,0.2,100,20.7,230,51,5,2,rain
2025-06-18 06:00:00,23.5,93.0,0.3,0.3,100,20.0,228,51,6,2,rain
2025-06-18 07:00:00,24.0,91.0,0.3,0.3,100,21.3,229,51,7,2,rain
2025-06-18 08:00:00,24.9,88.0,0.1,0.1,100,20.7,231,51,8,2,rain
2025-06-18 09:00:00,25.7,82.0,0.2,0.2,100,21.8,227,51,9,2,rain
2025-06-18 10:00:00,25.3,85.0,0.3,0.3,100,19.6,226,51,10,2,rain
2025-06-18 11:00:00,25.8,81.0,0.3,0.3,100,21.5,222,51,11,2,rain
2025-06-18 12:00:00,26.1,79.0,1.9,1.9,100,22.0,213,61,12,2,rain
2025-06-18 13:00:00,27.1,75.0,1.0,1.0,91,24.5,218,55,13,2,rain
2025-06-18 14:00:00,27.3,74.0,0.2,0.2,92,26.0,219,51,14,2,rain
2025-06-18 15:00:00,27.2,74.0,0.1,0.1,99,26.1,215,51,15,2,rain
2025-06-18 16:00:00,26.0,80.0,0.0,0.0,100,21.6,221,3,16,2,cloudy
2025-06-18 17:00:00,25.1,85.0,0.0,0.0,100,21.3,220,3,17,2,cloudy
2025-06-18 18:00:00,24.8,88.0,0.2,0.2,100,21.0,219,51,18,2,rain
2025-06-18 19:00:00,24.5,89.0,0.1,0.1,100,20.9,222,51,19,2,rain
2025-06-18 20:00:00,24.5,89.0,0.0,0.0,96,19.9,217,3,20,2,cloudy
2025-06-18 21:00:00,24.5,88.0,0.0,0.0,100,19.5,214,3,21,2,cloudy
2025-06-18 22:00:00,24.7,87.0,0.2,0.2,100,19.2,208,51,22,2,rain
2025-06-18 23:00:00,24.4,89.0,0.1,0.1,99,19.8,207,51,23,2,rain
2025-06-19 00:00:00,24.2,90.0,0.1,0.1,99,19.1,211,51,0,3,rain
2025-06-19 01:00:00,24.4,89.0,0.0,0.0,100,17.9,211,3,1,3,cloudy
2025-06-19 02:00:00,24.5,88.0,0.0,0.0,100,18.2,214,3,2,3,cloudy
2025-06-19 03:00:00,24.4,88.0,0.0,0.0,100,17.3,219,3,3,3,cloudy
2025-06-19 04:00:00,23.9,92.0,0.1,0.1,99,18.3,220,51,4,3,rain
2025-06-19 05:00:00,23.7,93.0,0.1,0.1,100,16.7,225,51,5,3,rain
2025-06-19 06:00:00,23.6,94.0,0.1,0.1,99,15.4,222,51,6,3,rain
2025-06-19 07:00:00,24.3,91.0,0.3,0.3,100,19.0,220,51,7,3,rain
2025-06-19 08:00:00,25.9,82.0,0.3,0.3,98,21.4,215,51,8,3,rain
2025-06-19 09:00:00,27.6,70.0,0.0,0.0,99,22.5,219,3,9,3,cloudy
2025-06-19 10:00:00,28.1,68.0,0.0,0.0,98,23.6,218,3,10,3,cloudy
2025-06-19 11:00:00,27.6,72.0,0.3,0.3,98,26.3,213,51,11,3,rain
2025-06-19 12:00:00,27.4,73.0,0.2,0.2,98,26.4,212,51,12,3,rain
2025-06-19 13:00:00,27.6,72.0,0.1,0.1,100,26.4,211,51,13,3,rain
2025-06-19 14:00:00,27.7,71.0,0.0,0.0,99,26.4,210,3,14,3,cloudy
2025-06-19 15:00:00,27.3,72.0,0.1,0.1,100,28.1,210,51,15,3,rain
2025-06-19 16:00:00,26.9,72.0,0.1,0.1,99,27.0,209,51,16,3,rain
2025-06-19 17:00:00,26.3,75.0,0.0,0.0,98,24.9,211,3,17,3,cloudy
2025-06-19 18:00:00,25.7,78.0,0.0,0.0,99,23.0,213,3,18,3,cloudy
2025-06-19 19:00:00,25.4,79.0,0.0,0.0,99,23.7,215,3,19,3,cloudy
2025-06-19 20:00:00,25.4,79.0,0.0,0.0,92,24.1,213,3,20,3,cloudy
2025-06-19 21:00:00,25.4,78.0,0.0,0.0,96,24.1,212,3,21,3,cloudy
2025-06-19 22:00:00,25.4,79.0,0.0,0.0,99,23.1,211,3,22,3,cloudy
2025-06-19 23:00:00,25.4,78.0,0.0,0.0,100,20.7,211,3,23,3,cloudy
2025-06-20 00:00:00,25.5,77.0,0.0,0.0,100,20.7,210,3,0,4,cloudy
2025-06-20 01:00:00,25.4,77.0,0.0,0.0,100,20.6,209,3,1,4,cloudy
2025-06-20 02:00:00,25.2,79.0,0.0,0.0,99,20.3,210,3,2,4,cloudy
2025-06-20 03:00:00,25.2,78.0,0.0,0.0,98,20.1,213,3,3,4,cloudy
2025-06-20 04:00:00,25.4,77.0,0.0,0.0,99,20.1,213,3,4,4,cloudy
2025-06-20 05:00:00,25.2,78.0,0.0,0.0,99,18.6,217,3,5,4,cloudy
2025-06-20 06:00:00,25.0,78.0,0.0,0.0,98,18.0,223,3,6,4,cloudy
2025-06-20 07:00:00,25.8,76.0,0.0,0.0,100,17.4,227,3,7,4,cloudy
2025-06-20 08:00:00,27.1,70.0,0.0,0.0,99,19.8,231,3,8,4,cloudy
2025-06-20 09:00:00,28.2,65.0,0.0,0.0,96,22.7,225,3,9,4,cloudy
2025-06-20 10:00:00,28.9,62.0,0.0,0.0,99,24.1,222,3,10,4,cloudy
2025-06-20 11:00:00,29.3,60.0,0.0,0.0,94,26.6,220,3,11,4,cloudy
2025-06-20 12:00:00,29.4,60.0,0.0,0.0,99,27.6,219,3,12,4,cloudy
2025-06-20 13:00:00,28.9,64.0,0.0,0.0,94,28.9,217,3,13,4,cloudy
2025-06-20 14:00:00,28.5,68.0,0.0,0.0,70,29.6,215,2,14,4,normal
2025-06-20 15:00:00,27.7,72.0,0.0,0.0,37,30.3,214,1,15,4,normal
2025-06-20 16:00:00,26.9,76.0,0.0,0.0,67,28.0,214,2,16,4,normal
2025-06-20 17:00:00,26.1,80.0,0.0,0.0,93,24.0,214,3,17,4,cloudy
2025-06-20 18:00:00,25.3,86.0,0.0,0.0,29,23.2,214,1,18,4,normal
2025-06-20 19:00:00,25.0,88.0,0.0,0.0,50,21.4,216,2,19,4,normal
2025-06-20 20:00:00,25.0,87.0,0.1,0.1,90,21.9,214,51,20,4,rain
2025-06-20 21:00:00,24.7,88.0,0.3,0.3,97,22.9,213,51,21,4,rain
2025-06-20 22:00:00,24.7,90.0,0.3,0.3,100,22.4,213,51,22,4,rain
2025-06-20 23:00:00,24.6,91.0,0.0,0.0,90,19.9,214,3,23,4,cloudy
2025-06-21 00:00:00,24.7,90.0,0.0,0.0,97,18.3,216,3,0,5,cloudy
2025-06-21 01:00:00,24.4,90.0,0.1,0.1,99,19.8,219,51,1,5,rain
2025-06-21 02:00:00,23.8,94.0,0.3,0.3,93,19.3,224,51,2,5,rain
2025-06-21 03:00:00,23.9,93.0,0.2,0.2,97,19.1,228,51,3,5,rain
2025-06-21 04:00:00,24.1,93.0,0.1,0.1,100,16.4,227,51,4,5,rain
2025-06-21 05:00:00,23.9,94.0,0.1,0.1,100,16.5,233,51,5,5,rain
2025-06-21 06:00:00,24.0,93.0,0.1,0.1,94,16.7,233,51,6,5,rain
2025-06-21 07:00:00,24.5,90.0,0.1,0.1,71,18.6,227,51,7,5,rain
2025-06-21 08:00:00,25.6,83.0,0.1,0.1,55,21.8,221,51,8,5,rain
2025-06-21 09:00:00,27.2,74.0,0.1,0.1,34,25.5,213,51,9,5,rain
2025-06-21 10:00:00,28.0,69.0,0.0,0.0,40,26.7,207,1,10,5,normal
2025-06-21 11:00:00,28.0,70.0,0.0,0.0,23,27.9,207,1,11,5,normal
2025-06-21 12:00:00,28.2,70.0,0.0,0.0,22,26.4,208,1,12,5,normal
2025-06-21 13:00:00,28.1,71.0,0.1,0.1,26,26.4,206,51,13,5,rain
2025-06-21 14:00:00,27.8,72.0,0.1,0.1,25,26.6,207,51,14,5,rain
2025-06-21 15:00:00,27.5,72.0,0.1,0.1,66,26.8,208,51,15,5,rain
2025-06-21 16:00:00,27.1,72.0,0.1,0.1,35,24.1,207,51,16,5,rain
2025-06-21 17:00:00,26.6,74.0,0.0,0.0,38,22.6,209,1,17,5,normal
2025-06-21 18:00:00,25.9,80.0,0.0,0.0,25,18.3,210,1,18,5,normal
2025-06-21 19:00:00,25.5,81.0,0.0,0.0,21,17.5,210,1,19,5,normal
2025-06-21 20:00:00,25.2,81.0,0.0,0.0,34,17.7,207,1,20,5,normal
2025-06-21 21:00:00,25.2,82.0,0.0,0.0,21,18.0,205,1,21,5,normal
2025-06-21 22:00:00,25.1,83.0,0.0,0.0,7,17.5,204,0,22,5,normal
2025-06-21 23:00:00,25.0,83.0,0.0,0.0,21,17.8,206,1,23,5,normal
2025-06-22 00:00:00,24.9,83.0,0.0,0.0,32,18.1,205,1,0,6,normal
2025-06-22 01:00:00,24.9,84.0,0.0,0.0,20,17.9,205,1,1,6,normal
2025-06-22 02:00:00,24.9,84.0,0.0,0.0,18,18.1,208,0,2,6,normal
2025-06-22 03:00:00,24.8,84.0,0.0,0.0,23,18.5,209,1,3,6,normal
2025-06-22 04:00:00,24.6,85.0,0.0,0.0,35,18.4,208,1,4,6,normal
2025-06-22 05:00:00,24.8,84.0,0.0,0.0,37,18.6,208,1,5,6,normal
2025-06-22 06:00:00,24.8,85.0,0.0,0.0,49,18.8,203,1,6,6,normal
2025-06-22 07:00:00,25.3,84.0,0.0,0.0,35,19.9,200,1,7,6,normal
2025-06-22 08:00:00,26.2,79.0,0.0,0.0,45,23.6,201,1,8,6,normal
2025-06-22 09:00:00,27.1,73.0,0.0,0.0,17,22.9,202,0,9,6,normal
2025-06-22 10:00:00,28.0,68.0,0.0,0.0,23,23.5,202,1,10,6,normal
2025-06-22 11:00:00,28.3,65.0,0.0,0.0,44,25.4,202,1,11,6,normal
2025-06-22 12:00:00,28.4,64.0,0.1,0.1,47,25.9,205,51,12,6,rain
2025-06-22 13:00:00,28.4,65.0,0.1,0.1,50,26.7,205,51,13,6,rain
2025-06-22 14:00:00,28.3,64.0,0.1,0.1,42,27.6,207,51,14,6,rain
2025-06-22 15:00:00,27.9,68.0,0.0,0.0,8,26.6,207,0,15,6,normal
2025-06-22 16:00:00,27.5,69.0,0.0,0.0,34,27.0,203,1,16,6,normal
2025-06-22 17:00:00,26.8,72.0,0.1,0.1,18,25.8,203,51,17,6,rain
2025-06-22 18:00:00,26.0,77.0,0.0,0.0,10,22.4,202,0,18,6,normal
2025-06-22 19:00:00,25.5,78.0,0.0,0.0,17,21.8,203,0,19,6,normal
2025-06-22 20:00:00,25.5,77.0,0.0,0.0,30,20.9,205,1,20,6,normal
2025-06-22 21:00:00,25.5,76.0,0.0,0.0,46,21.5,206,1,21,6,normal
2025-06-22 22:00:00,25.5,77.0,0.0,0.0,21,21.0,206,1,22,6,normal
2025-06-22 23:00:00,25.3,79.0,0.0,0.0,12,20.2,205,0,23,6,normal
2025-06-23 00:00:00,25.3,78.0,0.0,0.0,19,19.1,206,0,0,0,normal
2025-06-23 01:00:00,25.0,80.0,0.0,0.0,28,20.4,207,1,1,0,normal
2025-06-23 02:00:00,24.9,81.0,0.0,0.0,29,20.4,210,1,2,0,normal
2025-06-23 03:00:00,24.8,82.0,0.0,0.0,17,18.6,213,0,3,0,normal
2025-06-23 04:00:00,24.8,81.0,0.0,0.0,29,18.1,208,1,4,0,normal
2025-06-23 05:00:00,24.7,81.0,0.0,0.0,40,17.6,212,1,5,0,normal
2025-06-23 06:00:00,24.0,87.0,0.1,0.1,34,20.1,216,51,6,0,rain
2025-06-23 07:00:00,24.4,85.0,0.1,0.1,28,20.9,218,51,7,0,rain
2025-06-23 08:00:00,25.2,80.0,0.1,0.1,48,22.2,214,51,8,0,rain
2025-06-23 09:00:00,26.2,74.0,0.4,0.4,41,24.3,210,51,9,0,rain
2025-06-23 10:00:00,26.8,71.0,0.4,0.4,47,25.8,207,51,10,0,rain
2025-06-23 11:00:00,27.4,69.0,0.3,0.3,51,26.3,206,51,11,0,rain
2025-06-23 12:00:00,27.8,68.0,0.2,0.2,41,27.4,207,51,12,0,rain
2025-06-23 13:00:00,27.7,69.0,0.1,0.1,59,27.1,210,51,13,0,rain
2025-06-23 14:00:00,27.7,69.0,0.2,0.2,34,27.0,211,51,14,0,rain
2025-06-23 15:00:00,27.5,69.0,0.0,0.0,32,27.2,211,1,15,0,normal
2025-06-23 16:00:00,27.0,71.0,0.0,0.0,17,25.5,209,0,16,0,normal
2025-06-23 17:00:00,26.3,74.0,0.0,0.0,6,23.5,206,0,17,0,normal
2025-06-23 18:00:00,25.4,80.0,0.0,0.0,9,20.6,207,0,18,0,normal
2025-06-23 19:00:00,25.1,81.0,0.0,0.0,17,19.3,207,0,19,0,normal
2025-06-23 20:00:00,25.1,81.0,0.0,0.0,8,19.0,208,0,20,0,normal
2025-06-23 21:00:00,25.0,82.0,0.0,0.0,11,17.8,213,0,21,0,normal
2025-06-23 22:00:00,24.8,84.0,0.0,0.0,21,17.7,215,1,22,0,normal
2025-06-23 23:00:00,24.7,84.0,0.0,0.0,19,16.8,218,0,23,0,normal
2025-06-24 00:00:00,24.6,85.0,0.0,0.0,24,16.6,217,1,0,1,normal
2025-06-24 01:00:00,24.5,85.0,0.0,0.0,14,16.6,221,0,1,1,normal
2025-06-24 02:00:00,24.3,87.0,0.0,0.0,33,16.2,229,1,2,1,normal
2025-06-24 03:00:00,24.1,88.0,0.0,0.0,37,15.6,234,1,3,1,normal
2025-06-24 04:00:00,24.2,86.0,0.0,0.0,48,15.4,229,1,4,1,normal
2025-06-24 05:00:00,24.2,86.0,0.0,0.0,22,14.5,239,1,5,1,normal
2025-06-24 06:00:00,23.9,88.0,0.0,0.0,31,12.8,244,1,6,1,normal
2025-06-24 07:00:00,24.8,83.0,0.0,0.0,97,14.7,252,3,7,1,cloudy
2025-06-24 08:00:00,25.8,77.0,0.0,0.0,44,14.7,248,1,8,1,normal
2025-06-24 09:00:00,27.3,70.0,0.1,0.1,94,19.1,226,51,9,1,rain
2025-06-24 10:00:00,27.6,69.0,0.1,0.1,92,19.6,218,51,10,1,rain
2025-06-24 11:00:00,28.1,68.0,0.1,0.1,98,21.5,216,51,11,1,rain
2025-06-24 12:00:00,28.2,67.0,0.3,0.3,100,22.7,206,51,12,1,rain
2025-06-24 13:00:00,27.8,69.0,0.4,0.4,96,23.2,206,51,13,1,rain
2025-06-24 14:00:00,27.5,71.0,0.2,0.2,94,24.3,207,51,14,1,rain
2025-06-24 15:00:00,27.3,73.0,0.0,0.0,93,24.2,209,3,15,1,cloudy
2025-06-24 16:00:00,27.4,73.0,0.0,0.0,91,20.1,208,3,16,1,cloudy
2025-06-24 17:00:00,26.5,78.0,0.0,0.0,100,20.9,198,3,17,1,cloudy
2025-06-24 18:00:00,25.5,85.0,0.0,0.0,100,18.6,197,3,18,1,cloudy
2025-06-24 19:00:00,25.1,86.0,0.0,0.0,100,15.6,196,3,19,1,cloudy
2025-06-24 20:00:00,25.3,83.0,0.1,0.1,100,16.1,186,51,20,1,rain
2025-06-24 21:00:00,24.2,90.0,0.2,0.2,98,16.6,193,51,21,1,rain
2025-06-24 22:00:00,23.4,94.0,0.6,0.6,88,14.1,210,53,22,1,rain
2025-06-24 23:00:00,23.5,95.0,0.4,0.4,100,13.9,204,51,23,1,rain
2025-06-25 00:00:00,23.5,96.0,0.3,0.3,37,10.8,213,51,0,2,rain
2025-06-25 01:00:00,23.7,93.0,0.2,0.2,50,12.1,195,51,1,2,rain
2025-06-25 02:00:00,23.7,93.0,0.1,0.1,98,15.2,201,51,2,2,rain
2025-06-25 03:00:00,23.5,94.0,0.1,0.1,87,13.0,214,51,3,2,rain
2025-06-25 04:00:00,23.7,93.0,0.1,0.1,94,11.8,208,51,4,2,rain
2025-06-25 05:00:00,23.5,94.0,0.1,0.1,99,12.7,211,51,5,2,rain
2025-06-25 06:00:00,23.6,93.0,0.2,0.2,77,11.9,214,51,6,2,rain
2025-06-25 07:00:00,24.1,92.0,0.2,0.2,42,12.0,224,51,7,2,rain
2025-06-25 08:00:00,25.5,85.0,0.2,0.2,96,13.8,211,51,8,2,rain
2025-06-25 09:00:00,26.8,75.0,0.1,0.1,66,18.1,195,51,9,2,rain
2025-06-25 10:00:00,27.3,73.0,0.3,0.3,30,18.6,193,51,10,2,rain
2025-06-25 11:00:00,27.9,70.0,0.2,0.2,30,19.9,187,51,11,2,rain
2025-06-25 12:00:00,28.0,69.0,0.1,0.1,18,22.2,185,51,12,2,rain
2025-06-25 13:00:00,28.1,68.0,0.1,0.1,25,23.5,184,51,13,2,rain
2025-06-25 14:00:00,27.8,68.0,0.1,0.1,20,24.0,185,51,14,2,rain
2025-06-25 15:00:00,27.8,65.0,0.0,0.0,7,22.9,185,0,15,2,normal
2025-06-25 16:00:00,27.4,67.0,0.0,0.0,8,20.7,182,0,16,2,normal
2025-06-25 17:00:00,26.8,68.0,0.0,0.0,5,20.9,183,0,17,2,normal
2025-06-25 18:00:00,26.2,72.0,0.0,0.0,65,19.9,185,2,18,2,normal
2025-06-25 19:00:00,25.5,78.0,0.0,0.0,14,20.2,184,0,19,2,normal
2025-06-25 20:00:00,25.2,80.0,0.0,0.0,38,20.4,185,1,20,2,normal
2025-06-25 21:00:00,25.0,82.0,0.0,0.0,28,19.7,185,1,21,2,normal
2025-06-25 22:00:00,25.0,82.0,0.0,0.0,73,18.9,189,2,22,2,normal
2025-06-25 23:00:00,25.2,78.0,0.0,0.0,100,18.2,189,3,23,2,cloudy
2025-06-26 00:00:00,25.1,77.0,0.0,0.0,100,19.3,188,3,0,3,cloudy
2025-06-26 01:00:00,25.0,78.0,0.0,0.0,98,18.8,190,3,1,3,cloudy
2025-06-26 02:00:00,24.9,78.0,0.0,0.0,100,18.6,189,3,2,3,cloudy
2025-06-26 03:00:00,25.0,78.0,0.0,0.0,98,18.2,194,3,3,3,cloudy
2025-06-26 04:00:00,25.1,77.0,0.0,0.0,100,15.7,195,3,4,3,cloudy
2025-06-26 05:00:00,24.8,77.0,0.0,0.0,97,15.7,202,3,5,3,cloudy
2025-06-26 06:00:00,24.9,77.0,0.0,0.0,100,14.3,205,3,6,3,cloudy
2025-06-26 07:00:00,25.2,77.0,0.0,0.0,100,16.5,193,3,7,3,cloudy
2025-06-26 08:00:00,25.1,81.0,0.3,0.3,93,19.7,200,51,8,3,rain
2025-06-26 09:00:00,25.7,78.0,0.6,0.6,58,22.1,199,53,9,3,rain
2025-06-26 10:00:00,27.4,68.0,0.5,0.5,21,24.2,198,53,10,3,rain
2025-06-26 11:00:00,28.0,65.0,0.0,0.0,94,23.8,198,3,11,3,cloudy
2025-06-26 12:00:00,27.7,66.0,0.1,0.1,80,24.3,200,51,12,3,rain
2025-06-26 13:00:00,27.9,64.0,0.1,0.1,44,23.1,203,51,13,3,rain
2025-06-26 14:00:00,27.6,65.0,0.1,0.1,39,23.4,202,51,14,3,rain
2025-06-26 15:00:00,27.5,66.0,0.1,0.1,25,24.2,202,51,15,3,rain
2025-06-26 16:00:00,26.9,68.0,0.1,0.1,32,23.7,200,51,16,3,rain
2025-06-26 17:00:00,26.4,70.0,0.0,0.0,6,22.2,197,0,17,3,normal
2025-06-26 18:00:00,25.6,75.0,0.0,0.0,9,19.4,195,0,18,3,normal
2025-06-26 19:00:00,25.3,76.0,0.0,0.0,26,18.2,196,1,19,3,normal
2025-06-26 20:00:00,25.2,76.0,0.0,0.0,20,18.1,197,1,20,3,normal
2025-06-26 21:00:00,25.2,76.0,0.0,0.0,86,18.2,200,3,21,3,cloudy
2025-06-26 22:00:00,25.1,76.0,0.0,0.0,78,18.0,200,2,22,3,cloudy
2025-06-26 23:00:00,25.0,77.0,0.0,0.0,29,17.3,203,1,23,3,normal
2025-06-27 00:00:00,25.1,74.0,0.0,0.0,41,16.6,204,1,0,4,normal
2025-06-27 01:00:00,25.3,72.0,0.0,0.0,94,16.9,204,3,1,4,cloudy
2025-06-27 02:00:00,25.4,71.0,0.0,0.0,53,15.9,205,2,2,4,normal
2025-06-27 03:00:00,25.4,70.0,0.0,0.0,56,16.3,209,2,3,4,normal
2025-06-27 04:00:00,25.3,71.0,0.0,0.0,12,17.1,199,0,4,4,normal
2025-06-27 05:00:00,25.1,72.0,0.0,0.0,15,16.8,201,0,5,4,normal
2025-06-27 06:00:00,25.0,73.0,0.0,0.0,5,16.5,202,0,6,4,normal
2025-06-27 07:00:00,25.8,70.0,0.0,0.0,21,15.9,200,1,7,4,normal
2025-06-27 08:00:00,27.1,63.0,0.0,0.0,21,21.1,203,1,8,4,normal
2025-06-27 09:00:00,27.8,60.0,0.0,0.0,57,23.0,204,2,9,4,normal
2025-06-27 10:00:00,28.4,57.0,0.0,0.0,55,25.1,204,2,10,4,normal
2025-06-27 11:00:00,28.5,57.0,0.0,0.0,64,26.0,204,2,11,4,normal
2025-06-27 12:00:00,28.7,57.0,0.0,0.0,41,26.2,205,1,12,4,normal
2025-06-27 13:00:00,28.6,59.0,0.0,0.0,37,25.9,205,1,13,4,normal
2025-06-27 14:00:00,28.4,60.0,0.0,0.0,17,24.8,203,0,14,4,normal
2025-06-27 15:00:00,28.0,62.0,0.0,0.0,19,25.5,202,0,15,4,normal
2025-06-27 16:00:00,27.1,68.0,0.0,0.0,17,23.7,200,0,16,4,normal
2025-06-27 17:00:00,26.5,70.0,0.0,0.0,18,23.9,201,0,17,4,normal
2025-06-27 18:00:00,25.6,75.0,0.0,0.0,19,20.5,201,0,18,4,normal
2025-06-27 19:00:00,25.3,76.0,0.0,0.0,23,20.0,202,1,19,4,normal
2025-06-27 20:00:00,25.3,76.0,0.0,0.0,28,20.5,199,1,20,4,normal
2025-06-27 21:00:00,25.1,76.0,0.0,0.0,85,20.2,197,3,21,4,cloudy
2025-06-27 22:00:00,25.0,76.0,0.0,0.0,97,19.7,196,3,22,4,cloudy
2025-06-27 23:00:00,25.1,74.0,0.0,0.0,85,20.7,197,3,23,4,cloudy
2025-06-28 00:00:00,25.3,72.0,0.0,0.0,88,20.8,202,3,0,5,cloudy
2025-06-28 01:00:00,25.1,74.0,0.0,0.0,29,19.6,206,1,1,5,normal
2025-06-28 02:00:00,25.2,74.0,0.0,0.0,85,19.0,210,3,2,5,cloudy
2025-06-28 03:00:00,25.0,74.0,0.0,0.0,93,18.6,214,3,3,5,cloudy
2025-06-28 04:00:00,25.3,71.0,0.0,0.0,93,20.3,205,3,4,5,cloudy
2025-06-28 05:00:00,25.3,72.0,0.0,0.0,88,21.1,204,3,5,5,cloudy
2025-06-28 06:00:00,24.9,76.0,0.0,0.0,98,20.3,211,3,6,5,cloudy
2025-06-28 07:00:00,25.5,74.0,0.0,0.0,92,21.1,212,3,7,5,cloudy
2025-06-28 08:00:00,26.6,68.0,0.0,0.0,27,23.4,211,1,8,5,normal
2025-06-28 09:00:00,27.4,64.0,0.0,0.0,45,24.4,214,1,9,5,normal
2025-06-28 10:00:00,27.7,63.0,0.0,0.0,81,25.5,215,3,10,5,cloudy
2025-06-28 11:00:00,28.1,62.0,0.0,0.0,56,26.1,214,2,11,5,normal
2025-06-28 12:00:00,28.3,61.0,0.0,0.0,65,27.2,212,2,12,5,normal
2025-06-28 13:00:00,28.2,62.0,0.0,0.0,71,28.1,212,2,13,5,normal
2025-06-28 14:00:00,28.0,62.0,0.0,0.0,99,28.4,212,3,14,5,cloudy
2025-06-28 15:00:00,27.9,63.0,0.0,0.0,100,27.9,214,3,15,5,cloudy
2025-06-28 16:00:00,27.1,67.0,0.0,0.0,95,27.6,211,3,16,5,cloudy
2025-06-28 17:00:00,26.3,71.0,0.0,0.0,67,25.7,211,2,17,5,normal
2025-06-28 18:00:00,25.2,77.0,0.0,0.0,67,22.5,214,2,18,5,normal
2025-06-28 19:00:00,24.5,81.0,0.1,0.1,87,21.6,214,51,19,5,rain
2025-06-28 20:00:00,24.3,82.0,0.1,0.1,95,21.3,213,51,20,5,rain
2025-06-28 21:00:00,24.1,83.0,0.2,0.2,96,20.0,211,51,21,5,rain
2025-06-28 22:00:00,23.8,85.0,0.2,0.2,95,18.0,217,51,22,5,rain
2025-06-28 23:00:00,23.3,89.0,0.2,0.2,99,18.1,212,51,23,5,rain
2025-06-29 00:00:00,24.1,84.0,0.2,0.2,100,18.4,216,51,0,6,rain
2025-06-29 01:00:00,24.5,81.0,0.0,0.0,98,18.5,211,3,1,6,cloudy
2025-06-29 02:00:00,24.4,81.0,0.1,0.1,90,19.3,212,51,2,6,rain
2025-06-29 03:00:00,24.4,81.0,0.0,0.0,99,19.3,213,3,3,6,cloudy
2025-06-29 04:00:00,23.5,85.0,0.4,0.4,99,21.5,214,51,4,6,rain
2025-06-29 05:00:00,23.6,85.0,0.3,0.3,98,21.8,216,51,5,6,rain
2025-06-29 06:00:00,24.1,81.0,0.0,0.0,81,18.5,221,3,6,6,cloudy
2025-06-29 07:00:00,25.0,76.0,0.0,0.0,27,18.1,224,1,7,6,normal
2025-06-29 08:00:00,26.2,70.0,0.0,0.0,52,22.8,223,2,8,6,normal
2025-06-29 09:00:00,27.1,66.0,0.0,0.0,53,23.8,220,2,9,6,normal
2025-06-29 10:00:00,27.9,63.0,0.0,0.0,88,25.4,218,3,10,6,cloudy
2025-06-29 11:00:00,28.2,62.0,0.1,0.1,100,26.6,216,51,11,6,rain
2025-06-29 12:00:00,28.3,62.0,0.0,0.0,100,27.2,216,3,12,6,cloudy
2025-06-29 13:00:00,28.2,62.0,0.1,0.1,100,28.8,214,51,13,6,rain
2025-06-29 14:00:00,27.7,66.0,0.1,0.1,29,28.2,211,51,14,6,rain
2025-06-29 15:00:00,27.2,70.0,0.0,0.0,22,27.9,209,1,15,6,normal
2025-06-29 16:00:00,26.6,71.0,0.1,0.1,29,29.9,208,51,16,6,rain
2025-06-29 17:00:00,26.1,74.0,0.0,0.0,38,26.7,210,1,17,6,normal
2025-06-29 18:00:00,25.3,77.0,0.0,0.0,53,23.9,211,2,18,6,normal
2025-06-29 19:00:00,24.7,80.0,0.1,0.1,43,23.0,211,51,19,6,rain
2025-06-29 20:00:00,24.8,81.0,0.1,0.1,54,22.0,208,51,20,6,rain
2025-06-29 21:00:00,24.9,81.0,0.0,0.0,52,22.8,208,2,21,6,normal
2025-06-29 22:00:00,24.9,82.0,0.0,0.0,31,21.0,212,1,22,6,normal
2025-06-29 23:00:00,25.2,79.0,0.0,0.0,37,19.8,211,1,23,6,normal
2025-06-30 00:00:00,25.0,79.0,0.0,0.0,61,21.0,213,2,0,0,normal
2025-06-30 01:00:00,25.0,79.0,0.0,0.0,74,20.5,214,2,1,0,normal
2025-06-30 02:00:00,24.6,82.0,0.0,0.0,60,19.4,220,2,2,0,normal
2025-06-30 03:00:00,24.5,81.0,0.0,0.0,72,17.6,227,2,3,0,normal
2025-06-30 04:00:00,24.0,82.0,0.3,0.3,93,18.2,219,51,4,0,rain
2025-06-30 05:00:00,24.0,82.0,0.2,0.2,94,17.3,225,51,5,0,rain
2025-06-30 06:00:00,23.7,84.0,0.1,0.1,90,18.6,222,51,6,0,rain
2025-06-30 07:00:00,24.3,82.0,0.1,0.1,68,18.7,234,51,7,0,rain
2025-06-30 08:00:00,25.3,76.0,0.1,0.1,67,23.2,224,51,8,0,rain
2025-06-30 09:00:00,26.5,70.0,0.1,0.1,46,23.9,219,51,9,0,rain
2025-06-30 10:00:00,27.4,66.0,0.2,0.2,35,25.3,216,51,10,0,rain
2025-06-30 11:00:00,27.7,67.0,0.2,0.2,27,26.3,213,51,11,0,rain
2025-06-30 12:00:00,28.0,66.0,0.1,0.1,23,26.1,211,51,12,0,rain
2025-06-30 13:00:00,28.1,66.0,0.0,0.0,25,26.1,210,1,13,0,normal
2025-06-30 14:00:00,27.9,68.0,0.0,0.0,14,24.9,210,0,14,0,normal
2025-06-30 15:00:00,27.5,71.0,0.0,0.0,5,23.8,210,0,15,0,normal
2025-06-30 16:00:00,27.3,69.0,0.0,0.0,25,26.2,206,1,16,0,normal
2025-06-30 17:00:00,26.5,73.0,0.0,0.0,37,26.1,208,1,17,0,normal
2025-06-30 18:00:00,25.8,77.0,0.0,0.0,22,22.9,207,1,18,0,normal
2025-06-30 19:00:00,25.5,79.0,0.0,0.0,59,22.5,208,2,19,0,normal
2025-06-30 20:00:00,25.4,78.0,0.0,0.0,16,21.6,209,0,20,0,normal
2025-06-30 21:00:00,25.3,79.0,0.0,0.0,18,19.4,207,0,21,0,normal
2025-06-30 22:00:00,25.3,79.0,0.0,0.0,25,19.5,206,1,22,0,normal
2025-06-30 23:00:00,25.2,80.0,0.0,0.0,35,18.1,210,1,23,0,normal
2025-07-01 00:00:00,25.1,79.0,0.0,0.0,33,18.9,215,1,0,1,normal
2025-07-01 01:00:00,25.0,80.0,0.0,0.0,23,18.1,217,1,1,1,normal
2025-07-01 02:00:00,24.9,80.0,0.0,0.0,26,18.5,216,1,2,1,normal
2025-07-01 03:00:00,24.6,82.0,0.0,0.0,65,18.0,224,2,3,1,normal
2025-07-01 04:00:00,24.4,84.0,0.0,0.0,29,18.7,221,1,4,1,normal
2025-07-01 05:00:00,24.4,84.0,0.0,0.0,30,18.0,222,1,5,1,normal
2025-07-01 06:00:00,24.4,84.0,0.0,0.0,30,18.9,217,1,6,1,normal
2025-07-01 07:00:00,24.6,83.0,0.1,0.1,47,20.6,214,51,7,1,rain
2025-07-01 08:00:00,25.2,82.0,0.5,0.5,33,22.9,213,53,8,1,rain
2025-07-01 09:00:00,27.0,69.0,0.2,0.2,13,24.9,213,51,9,1,rain
2025-07-01 10:00:00,27.8,65.0,0.0,0.0,29,24.2,213,1,10,1,normal
2025-07-01 11:00:00,27.8,65.0,0.1,0.1,52,25.4,210,51,11,1,rain
2025-07-01 12:00:00,27.5,67.0,0.3,0.3,59,27.1,209,51,12,1,rain
2025-07-01 13:00:00,27.3,68.0,0.3,0.3,43,27.9,207,51,13,1,rain
2025-07-01 14:00:00,27.9,66.0,0.1,0.1,14,26.9,205,51,14,1,rain
2025-07-01 15:00:00,27.5,66.0,0.0,0.0,5,25.6,204,0,15,1,normal
2025-07-01 16:00:00,26.8,69.0,0.0,0.0,21,25.6,197,1,16,1,normal
2025-07-01 17:00:00,26.3,71.0,0.0,0.0,85,24.1,197,3,17,1,cloudy
2025-07-01 18:00:00,25.6,75.0,0.0,0.0,72,21.6,200,2,18,1,normal
2025-07-01 19:00:00,25.2,77.0,0.0,0.0,77,21.4,201,2,19,1,cloudy
2025-07-01 20:00:00,25.1,78.0,0.0,0.0,92,21.4,200,3,20,1,cloudy
2025-07-01 21:00:00,25.2,77.0,0.0,0.0,100,21.0,201,3,21,1,cloudy
2025-07-01 22:00:00,25.2,76.0,0.0,0.0,100,20.8,202,3,22,1,cloudy
2025-07-01 23:00:00,25.1,77.0,0.0,0.0,100,20.6,206,3,23,1,cloudy
2025-07-02 00:00:00,25.0,78.0,0.0,0.0,100,22.1,208,3,0,2,cloudy
2025-07-02 01:00:00,24.6,80.0,0.0,0.0,100,21.3,208,3,1,2,cloudy
2025-07-02 02:00:00,25.1,77.0,0.0,0.0,100,19.8,211,3,2,2,cloudy
2025-07-02 03:00:00,25.0,77.0,0.0,0.0,99,19.8,213,3,3,2,cloudy
2025-07-02 04:00:00,24.8,77.0,0.0,0.0,100,18.0,214,3,4,2,cloudy
2025-07-02 05:00:00,24.7,78.0,0.0,0.0,96,18.2,216,3,5,2,cloudy
2025-07-02 06:00:00,24.8,78.0,0.0,0.0,100,20.4,214,3,6,2,cloudy
2025-07-02 07:00:00,25.5,75.0,0.0,0.0,100,20.8,215,3,7,2,cloudy
2025-07-02 08:00:00,26.2,70.0,0.0,0.0,99,22.9,214,3,8,2,cloudy
2025-07-02 09:00:00,26.8,66.0,0.0,0.0,94,23.6,216,3,9,2,cloudy
2025-07-02 10:00:00,27.5,63.0,0.0,0.0,84,24.2,217,3,10,2,cloudy
2025-07-02 11:00:00,28.2,59.0,0.0,0.0,88,27.1,214,3,11,2,cloudy
2025-07-02 12:00:00,28.4,58.0,0.0,0.0,35,27.4,213,1,12,2,normal
2025-07-02 13:00:00,28.5,59.0,0.0,0.0,43,26.0,211,1,13,2,normal
2025-07-02 14:00:00,28.4,59.0,0.0,0.0,14,27.9,211,0,14,2,normal
2025-07-02 15:00:00,28.1,60.0,0.0,0.0,39,29.1,211,1,15,2,normal
2025-07-02 16:00:00,27.0,68.0,0.0,0.0,38,27.4,210,1,16,2,normal
2025-07-02 17:00:00,26.6,70.0,0.0,0.0,29,27.8,208,1,17,2,normal
2025-07-02 18:00:00,25.6,74.0,0.0,0.0,66,23.2,210,2,18,2,normal
2025-07-02 19:00:00,25.2,78.0,0.0,0.0,44,22.3,212,1,19,2,normal
2025-07-02 20:00:00,25.6,75.0,0.0,0.0,100,21.3,210,3,20,2,cloudy
2025-07-02 21:00:00,25.3,76.0,0.0,0.0,100,21.4,208,3,21,2,cloudy
2025-07-02 22:00:00,25.3,75.0,0.0,0.0,98,20.0,202,3,22,2,cloudy
2025-07-02 23:00:00,25.2,75.0,0.0,0.0,62,20.5,209,2,23,2,normal
2025-07-03 00:00:00,25.1,75.0,0.0,0.0,100,19.9,212,3,0,3,cloudy
2025-07-03 01:00:00,24.4,82.0,0.3,0.3,100,18.0,218,51,1,3,rain
2025-07-03 02:00:00,24.0,84.0,0.2,0.2,100,16.6,221,51,2,3,rain
2025-07-03 03:00:00,23.6,86.0,0.2,0.2,100,17.0,219,51,3,3,rain
2025-07-03 04:00:00,23.2,91.0,0.5,0.5,100,16.9,227,53,4,3,rain
2025-07-03 05:00:00,23.1,92.0,0.2,0.2,100,17.6,225,51,5,3,rain
2025-07-03 06:00:00,23.3,90.0,0.0,0.0,100,15.8,229,3,6,3,cloudy
2025-07-03 07:00:00,23.8,89.0,0.1,0.1,100,17.8,228,51,7,3,rain
2025-07-03 08:00:00,25.4,79.0,0.2,0.2,100,21.5,217,51,8,3,rain
2025-07-03 09:00:00,26.7,72.0,0.2,0.2,100,24.6,208,51,9,3,rain
2025-07-03 10:00:00,27.2,70.0,0.1,0.1,99,25.7,210,51,10,3,rain
2025-07-03 11:00:00,27.6,69.0,0.2,0.2,98,27.2,209,51,11,3,rain
2025-07-03 12:00:00,27.6,68.0,0.2,0.2,99,28.6,208,51,12,3,rain
2025-07-03 13:00:00,27.8,68.0,0.2,0.2,99,28.8,209,51,13,3,rain
2025-07-03 14:00:00,27.8,67.0,0.1,0.1,97,28.7,207,51,14,3,rain
2025-07-03 15:00:00,27.6,67.0,0.0,0.0,10,28.3,206,0,15,3,normal
2025-07-03 16:00:00,27.0,68.0,0.0,0.0,16,26.8,208,0,16,3,normal
2025-07-03 17:00:00,26.3,70.0,0.0,0.0,12,24.4,210,0,17,3,normal
2025-07-03 18:00:00,25.6,75.0,0.0,0.0,26,22.2,209,1,18,3,normal
2025-07-03 19:00:00,25.3,77.0,0.0,0.0,60,21.4,208,2,19,3,normal
2025-07-03 20:00:00,25.2,77.0,0.0,0.0,100,21.8,206,3,20,3,cloudy
2025-07-03 21:00:00,25.2,76.0,0.0,0.0,100,20.8,202,3,21,3,cloudy
2025-07-03 22:00:00,25.2,77.0,0.0,0.0,100,21.1,203,3,22,3,cloudy
2025-07-03 23:00:00,25.0,78.0,0.0,0.0,100,21.4,203,3,23,3,cloudy
2025-07-04 00:00:00,25.0,78.0,0.0,0.0,100,20.6,205,3,0,4,cloudy
2025-07-04 01:00:00,25.0,77.0,0.0,0.0,100,19.7,208,3,1,4,cloudy
2025-07-04 02:00:00,24.8,78.0,0.0,0.0,100,19.4,211,3,2,4,cloudy
2025-07-04 03:00:00,24.6,79.0,0.0,0.0,100,19.4,214,3,3,4,cloudy
2025-07-04 04:00:00,24.6,78.0,0.0,0.0,100,19.1,212,3,4,4,cloudy
2025-07-04 05:00:00,24.7,78.0,0.0,0.0,100,19.2,210,3,5,4,cloudy
2025-07-04 06:00:00,24.7,79.0,0.0,0.0,69,19.3,210,2,6,4,normal
2025-07-04 07:00:00,25.2,77.0,0.0,0.0,7,19.0,211,0,7,4,normal
2025-07-04 08:00:00,26.2,72.0,0.0,0.0,13,23.2,210,0,8,4,normal
2025-07-04 09:00:00,27.1,68.0,0.0,0.0,17,24.6,209,0,9,4,normal
2025-07-04 10:00:00,27.4,66.0,0.1,0.1,26,26.0,209,51,10,4,rain
2025-07-04 11:00:00,27.7,65.0,0.1,0.1,28,26.6,207,51,11,4,rain
2025-07-04 12:00:00,27.8,64.0,0.2,0.2,37,26.6,206,51,12,4,rain
2025-07-04 13:00:00,27.8,66.0,0.2,0.2,23,26.1,204,51,13,4,rain
2025-07-04 14:00:00,27.8,66.0,0.0,0.0,21,26.3,203,1,14,4,normal
2025-07-04 15:00:00,27.4,67.0,0.0,0.0,47,26.6,200,1,15,4,normal
2025-07-04 16:00:00,26.7,71.0,0.0,0.0,32,25.9,202,1,16,4,normal
2025-07-04 17:00:00,26.2,72.0,0.1,0.1,57,24.3,201,51,17,4,rain
2025-07-04 18:00:00,25.7,76.0,0.1,0.1,27,22.1,201,51,18,4,rain
2025-07-04 19:00:00,25.3,78.0,0.0,0.0,100,20.2,200,3,19,4,cloudy
2025-07-04 20:00:00,25.2,77.0,0.0,0.0,99,19.6,200,3,20,4,cloudy
2025-07-04 21:00:00,25.2,77.0,0.0,0.0,99,19.3,198,3,21,4,cloudy
2025-07-04 22:00:00,25.4,76.0,0.1,0.1,100,21.3,194,51,22,4,rain
2025-07-04 23:00:00,25.1,78.0,0.1,0.1,100,20.7,197,51,23,4,rain
2025-07-05 00:00:00,24.8,79.0,0.1,0.1,100,20.8,199,51,0,5,rain
2025-07-05 01:00:00,24.7,80.0,0.1,0.1,100,20.0,201,51,1,5,rain
2025-07-05 02:00:00,24.7,80.0,0.0,0.0,100,19.8,202,3,2,5,cloudy
2025-07-05 03:00:00,24.3,81.0,0.2,0.2,99,18.0,205,51,3,5,rain
2025-07-05 04:00:00,24.4,82.0,0.1,0.1,85,21.3,203,51,4,5,rain
2025-07-05 05:00:00,24.4,83.0,0.0,0.0,21,21.9,200,1,5,5,normal
2025-07-05 06:00:00,24.4,82.0,0.0,0.0,47,21.0,198,1,6,5,normal
2025-07-05 07:00:00,24.7,81.0,0.1,0.1,58,21.1,200,51,7,5,rain
2025-07-05 08:00:00,25.0,80.0,0.5,0.5,44,24.2,201,53,8,5,rain
2025-07-05 09:00:00,25.6,78.0,0.9,0.9,32,24.7,200,53,9,5,rain
2025-07-05 10:00:00,26.8,71.0,0.6,0.6,19,25.6,197,53,10,5,rain
2025-07-05 11:00:00,27.7,66.0,0.1,0.1,25,24.9,200,51,11,5,rain
2025-07-05 12:00:00,28.0,64.0,0.0,0.0,21,25.1,203,1,12,5,normal
2025-07-05 13:00:00,28.0,64.0,0.0,0.0,15,24.2,204,0,13,5,normal
2025-07-05 14:00:00,27.7,64.0,0.0,0.0,5,23.6,205,0,14,5,normal
2025-07-05 15:00:00,27.2,66.0,0.0,0.0,9,24.0,203,0,15,5,normal
2025-07-05 16:00:00,26.8,65.0,0.0,0.0,30,25.3,199,1,16,5,normal
2025-07-05 17:00:00,26.2,68.0,0.0,0.0,34,25.1,200,1,17,5,normal
2025-07-05 18:00:00,25.5,73.0,0.0,0.0,31,21.9,199,1,18,5,normal
2025-07-05 19:00:00,25.2,75.0,0.0,0.0,25,20.4,197,1,19,5,normal
2025-07-05 20:00:00,25.2,75.0,0.0,0.0,25,19.4,195,1,20,5,normal
2025-07-05 21:00:00,25.2,75.0,0.0,0.0,60,18.4,200,2,21,5,normal
2025-07-05 22:00:00,25.1,76.0,0.0,0.0,94,18.9,199,3,22,5,cloudy
2025-07-05 23:00:00,25.1,76.0,0.0,0.0,94,19.0,200,3,23,5,cloudy
2025-07-06 00:00:00,25.1,76.0,0.0,0.0,59,18.1,204,2,0,6,normal
2025-07-06 01:00:00,25.1,76.0,0.0,0.0,96,18.0,204,3,1,6,cloudy
2025-07-06 02:00:00,25.2,75.0,0.0,0.0,100,18.2,203,3,2,6,cloudy
2025-07-06 03:00:00,25.3,75.0,0.0,0.0,100,18.6,210,3,3,6,cloudy
2025-07-06 04:00:00,25.2,75.0,0.0,0.0,100,17.6,213,3,4,6,cloudy
2025-07-06 05:00:00,25.2,75.0,0.0,0.0,98,18.4,211,3,5,6,cloudy
2025-07-06 06:00:00,24.9,77.0,0.0,0.0,95,17.7,210,3,6,6,cloudy
2025-07-06 07:00:00,25.5,77.0,0.0,0.0,94,17.9,212,3,7,6,cloudy
2025-07-06 08:00:00,26.2,73.0,0.1,0.1,74,21.3,208,51,8,6,rain
2025-07-06 09:00:00,27.1,69.0,0.1,0.1,49,22.7,204,51,9,6,rain
2025-07-06 10:00:00,27.6,65.0,0.1,0.1,39,23.3,203,51,10,6,rain
2025-07-06 11:00:00,28.0,64.0,0.3,0.3,40,24.1,204,51,11,6,rain
2025-07-06 12:00:00,28.1,64.0,0.2,0.2,36,24.9,204,51,12,6,rain
2025-07-06 13:00:00,28.1,64.0,0.1,0.1,36,25.9,203,51,13,6,rain
2025-07-06 14:00:00,27.7,66.0,0.1,0.1,43,26.3,204,51,14,6,rain
2025-07-06 15:00:00,27.3,68.0,0.1,0.1,32,26.4,204,51,15,6,rain
2025-07-06 16:00:00,27.0,68.0,0.0,0.0,27,23.7,206,1,16,6,normal
2025-07-06 17:00:00,26.2,73.0,0.0,0.0,30,22.8,208,1,17,6,normal
2025-07-06 18:00:00,25.5,76.0,0.0,0.0,21,21.0,211,1,18,6,normal
2025-07-06 19:00:00,25.2,78.0,0.0,0.0,43,19.0,211,1,19,6,normal
2025-07-06 20:00:00,25.1,78.0,0.0,0.0,61,18.9,211,2,20,6,normal
2025-07-06 21:00:00,25.1,77.0,0.0,0.0,58,18.4,207,2,21,6,normal
2025-07-06 22:00:00,25.0,76.0,0.0,0.0,94,18.4,205,3,22,6,cloudy
2025-07-06 23:00:00,24.9,78.0,0.1,0.1,88,17.8,206,51,23,6,rain
2025-07-07 00:00:00,24.8,79.0,0.0,0.0,100,18.6,206,3,0,0,cloudy
2025-07-07 01:00:00,24.8,80.0,0.0,0.0,99,18.6,208,3,1,0,cloudy
2025-07-07 02:00:00,24.8,80.0,0.0,0.0,99,18.6,213,3,2,0,cloudy
2025-07-07 03:00:00,24.4,80.0,0.1,0.1,100,17.9,216,51,3,0,rain
2025-07-07 04:00:00,24.2,82.0,0.1,0.1,97,17.7,213,51,4,0,rain
2025-07-07 05:00:00,23.9,86.0,0.0,0.0,28,17.3,211,1,5,0,normal
2025-07-07 06:00:00,24.0,85.0,0.1,0.1,50,17.0,213,51,6,0,rain
2025-07-07 07:00:00,24.6,82.0,0.1,0.1,64,17.8,211,51,7,0,rain
2025-07-07 08:00:00,25.3,81.0,0.5,0.5,63,21.6,208,53,8,0,rain
2025-07-07 09:00:00,26.4,75.0,0.1,0.1,29,23.6,209,51,9,0,rain
2025-07-07 10:00:00,27.5,69.0,0.1,0.1,28,24.6,208,51,10,0,rain
2025-07-07 11:00:00,28.0,66.0,0.1,0.1,22,25.0,206,51,11,0,rain
2025-07-07 12:00:00,28.3,64.0,0.0,0.0,20,25.9,205,1,12,0,normal
2025-07-07 13:00:00,28.3,64.0,0.0,0.0,13,26.0,205,0,13,0,normal
2025-07-07 14:00:00,28.0,67.0,0.0,0.0,10,26.8,204,0,14,0,normal
2025-07-07 15:00:00,27.8,67.0,0.0,0.0,13,27.3,204,0,15,0,normal
2025-07-07 16:00:00,26.9,70.0,0.0,0.0,24,25.4,201,1,16,0,normal
2025-07-07 17:00:00,26.3,74.0,0.0,0.0,38,26.1,201,1,17,0,normal
2025-07-07 18:00:00,25.7,78.0,0.0,0.0,14,23.4,202,0,18,0,normal
2025-07-07 19:00:00,25.1,80.0,0.0,0.0,19,21.2,204,0,19,0,normal
2025-07-07 20:00:00,25.1,80.0,0.0,0.0,14,20.3,201,0,20,0,normal
2025-07-07 21:00:00,25.1,80.0,0.0,0.0,16,19.4,203,0,21,0,normal
2025-07-07 22:00:00,25.0,80.0,0.0,0.0,54,19.0,205,2,22,0,normal
2025-07-07 23:00:00,25.0,81.0,0.0,0.0,100,19.2,204,3,23,0,cloudy
2025-07-08 00:00:00,24.9,81.0,0.0,0.0,100,19.5,208,3,0,1,cloudy
2025-07-08 01:00:00,24.7,83.0,0.0,0.0,99,19.3,210,3,1,1,cloudy
2025-07-08 02:00:00,24.6,84.0,0.0,0.0,100,19.0,211,3,2,1,cloudy
2025-07-08 03:00:00,24.6,83.0,0.0,0.0,100,18.6,215,3,3,1,cloudy
2025-07-08 04:00:00,24.5,83.0,0.0,0.0,100,17.3,216,3,4,1,cloudy
2025-07-08 05:00:00,24.1,85.0,0.0,0.0,100,17.1,221,3,5,1,cloudy
2025-07-08 06:00:00,24.2,84.0,0.0,0.0,99,16.7,225,3,6,1,cloudy
2025-07-08 07:00:00,25.1,80.0,0.0,0.0,99,18.0,219,3,7,1,cloudy
2025-07-08 08:00:00,26.4,72.0,0.0,0.0,100,22.0,213,3,8,1,cloudy
2025-07-08 09:00:00,27.1,69.0,0.0,0.0,97,22.9,209,3,9,1,cloudy
2025-07-08 10:00:00,27.9,66.0,0.0,0.0,100,23.7,207,3,10,1,cloudy
2025-07-08 11:00:00,28.2,64.0,0.0,0.0,99,24.7,206,3,11,1,cloudy
2025-07-08 12:00:00,28.4,64.0,0.1,0.1,96,25.7,208,51,12,1,rain
2025-07-08 13:00:00,28.3,65.0,0.1,0.1,31,26.2,207,51,13,1,rain
2025-07-08 14:00:00,28.0,65.0,0.0,0.0,20,27.3,206,1,14,1,normal
2025-07-08 15:00:00,27.6,67.0,0.1,0.1,23,27.1,206,51,15,1,rain
2025-07-08 16:00:00,27.0,71.0,0.0,0.0,11,25.5,201,0,16,1,normal
2025-07-08 17:00:00,26.3,74.0,0.0,0.0,20,24.8,203,1,17,1,normal
2025-07-08 18:00:00,25.6,77.0,0.0,0.0,22,23.1,202,1,18,1,normal
2025-07-08 19:00:00,25.2,79.0,0.1,0.1,24,23.0,201,51,19,1,rain
2025-07-08 20:00:00,25.1,81.0,0.0,0.0,49,22.1,199,1,20,1,normal
2025-07-08 21:00:00,25.0,81.0,0.0,0.0,85,21.2,202,3,21,1,cloudy
2025-07-08 22:00:00,24.8,80.0,0.1,0.1,96,19.6,207,51,22,1,rain
2025-07-08 23:00:00,24.6,81.0,0.3,0.3,98,20.7,207,51,23,1,rain
2025-07-09 00:00:00,24.5,82.0,0.1,0.1,100,19.4,208,51,0,2,rain
2025-07-09 01:00:00,24.2,83.0,0.1,0.1,100,19.8,212,51,1,2,rain
2025-07-09 02:00:00,23.9,84.0,0.1,0.1,99,19.0,213,51,2,2,rain
2025-07-09 03:00:00,23.8,85.0,0.1,0.1,96,20.6,215,51,3,2,rain
2025-07-09 04:00:00,23.8,85.0,0.0,0.0,100,20.6,217,3,4,2,cloudy
2025-07-09 05:00:00,23.5,86.0,0.1,0.1,100,19.4,214,51,5,2,rain
2025-07-09 06:00:00,23.2,87.0,0.2,0.2,100,17.8,220,51,6,2,rain
2025-07-09 07:00:00,23.1,89.0,0.5,0.5,100,17.7,227,53,7,2,rain
2025-07-09 08:00:00,24.2,83.0,0.2,0.2,100,22.5,223,51,8,2,rain
2025-07-09 09:00:00,25.5,75.0,0.1,0.1,58,23.1,222,51,9,2,rain
2025-07-09 10:00:00,26.5,72.0,0.1,0.1,59,24.7,219,51,10,2,rain
2025-07-09 11:00:00,26.9,70.0,0.1,0.1,61,27.2,213,51,11,2,rain
2025-07-09 12:00:00,25.8,79.0,1.4,1.4,50,24.0,214,61,12,2,rain
2025-07-09 13:00:00,26.8,72.0,0.0,0.0,53,25.8,215,2,13,2,normal
2025-07-09 14:00:00,26.9,69.0,0.0,0.0,46,27.5,209,1,14,2,normal
2025-07-09 15:00:00,26.6,70.0,0.1,0.1,49,27.8,207,51,15,2,rain
2025-07-09 16:00:00,26.3,70.0,0.0,0.0,33,25.4,207,1,16,2,normal
2025-07-09 17:00:00,25.7,72.0,0.0,0.0,28,24.2,207,1,17,2,normal
2025-07-09 18:00:00,25.2,75.0,0.0,0.0,45,20.5,208,1,18,2,normal
2025-07-09 19:00:00,24.9,77.0,0.0,0.0,39,21.2,206,1,19,2,normal
2025-07-09 20:00:00,24.8,79.0,0.0,0.0,30,20.7,201,1,20,2,normal
2025-07-09 21:00:00,24.7,80.0,0.0,0.0,30,20.3,203,1,21,2,normal
2025-07-09 22:00:00,24.3,82.0,0.0,0.0,40,19.5,208,1,22,2,normal
2025-07-09 23:00:00,24.0,85.0,0.4,0.4,35,21.5,210,51,23,2,rain
2025-07-10 00:00:00,24.1,84.0,0.3,0.3,35,22.3,214,51,0,3,rain
2025-07-10 01:00:00,24.1,85.0,0.1,0.1,44,21.4,219,51,1,3,rain
2025-07-10 02:00:00,24.1,83.0,0.0,0.0,97,21.0,224,3,2,3,cloudy
2025-07-10 03:00:00,24.2,82.0,0.0,0.0,98,20.3,230,3,3,3,cloudy
2025-07-10 04:00:00,24.2,80.0,0.0,0.0,22,18.7,232,1,4,3,normal
2025-07-10 05:00:00,24.2,80.0,0.0,0.0,18,19.9,229,0,5,3,normal
2025-07-10 06:00:00,24.3,79.0,0.0,0.0,15,20.5,228,0,6,3,normal
2025-07-10 07:00:00,24.8,78.0,0.0,0.0,18,20.7,231,0,7,3,normal
2025-07-10 08:00:00,25.9,71.0,0.0,0.0,29,24.2,227,1,8,3,normal
2025-07-10 09:00:00,26.7,68.0,0.1,0.1,70,26.0,224,51,9,3,rain
2025-07-10 10:00:00,27.1,66.0,0.1,0.1,91,26.5,219,51,10,3,rain
2025-07-10 11:00:00,27.8,64.0,0.1,0.1,98,26.7,214,51,11,3,rain
2025-07-10 12:00:00,28.0,63.0,0.1,0.1,84,27.0,211,51,12,3,rain
2025-07-10 13:00:00,27.9,62.0,0.2,0.2,91,27.9,209,51,13,3,rain
2025-07-10 14:00:00,27.5,68.0,0.4,0.4,89,26.8,211,51,14,3,rain
2025-07-10 15:00:00,27.0,70.0,0.1,0.1,70,27.6,211,51,15,3,rain
2025-07-10 16:00:00,26.3,71.0,0.0,0.0,75,28.5,212,2,16,3,cloudy
2025-07-10 17:00:00,25.6,74.0,0.2,0.2,90,28.0,213,51,17,3,rain
2025-07-10 18:00:00,25.0,79.0,0.0,0.0,69,25.2,211,2,18,3,normal
2025-07-10 19:00:00,24.7,80.0,0.0,0.0,77,23.9,208,2,19,3,cloudy
2025-07-10 20:00:00,24.4,81.0,0.1,0.1,93,22.9,211,51,20,3,rain
2025-07-10 21:00:00,24.1,84.0,0.2,0.2,96,23.6,211,51,21,3,rain
2025-07-10 22:00:00,23.8,86.0,0.1,0.1,99,21.7,210,51,22,3,rain
2025-07-10 23:00:00,24.1,87.0,0.2,0.2,100,18.4,217,51,23,3,rain
2025-07-11 00:00:00,24.6,82.0,0.0,0.0,100,17.4,218,3,0,4,cloudy
2025-07-11 01:00:00,24.1,82.0,0.0,0.0,100,20.2,221,3,1,4,cloudy
2025-07-11 02:00:00,23.3,87.0,0.1,0.1,100,21.4,226,51,2,4,rain
2025-07-11 03:00:00,23.0,89.0,0.1,0.1,100,22.3,222,51,3,4,rain
2025-07-11 04:00:00,23.1,88.0,0.1,0.1,73,20.6,219,51,4,4,rain
2025-07-11 05:00:00,23.3,87.0,0.2,0.2,45,20.3,215,51,5,4,rain
2025-07-11 06:00:00,23.2,89.0,0.1,0.1,35,21.3,214,51,6,4,rain
2025-07-11 07:00:00,24.2,84.0,0.1,0.1,26,20.1,214,51,7,4,rain
2025-07-11 08:00:00,26.4,70.0,0.0,0.0,32,24.7,209,1,8,4,normal
2025-07-11 09:00:00,27.0,67.0,0.0,0.0,30,26.7,208,1,9,4,normal
2025-07-11 10:00:00,27.5,66.0,0.1,0.1,15,28.2,207,51,10,4,rain
2025-07-11 11:00:00,27.9,65.0,0.1,0.1,12,28.3,208,51,11,4,rain
2025-07-11 12:00:00,28.1,61.0,0.0,0.0,17,29.6,210,0,12,4,normal
2025-07-11 13:00:00,27.9,64.0,0.1,0.1,37,28.9,209,51,13,4,rain
2025-07-11 14:00:00,27.4,66.0,0.1,0.1,34,28.7,207,51,14,4,rain
2025-07-11 15:00:00,26.9,69.0,0.1,0.1,89,28.7,206,51,15,4,rain
2025-07-11 16:00:00,26.6,69.0,0.0,0.0,31,28.3,207,1,16,4,normal
2025-07-11 17:00:00,26.2,70.0,0.0,0.0,72,27.0,207,2,17,4,normal
2025-07-11 18:00:00,25.4,75.0,0.0,0.0,69,24.4,208,2,18,4,normal
2025-07-11 19:00:00,25.1,77.0,0.0,0.0,17,22.2,207,0,19,4,normal
2025-07-11 20:00:00,25.0,78.0,0.0,0.0,14,21.7,208,0,20,4,normal
2025-07-11 21:00:00,25.0,78.0,0.0,0.0,8,20.9,208,0,21,4,normal
2025-07-11 22:00:00,24.8,79.0,0.0,0.0,19,20.1,208,0,22,4,normal
2025-07-11 23:00:00,24.8,80.0,0.0,0.0,25,19.0,207,1,23,4,normal
2025-07-12 00:00:00,24.7,80.0,0.0,0.0,27,18.5,210,1,0,5,normal
2025-07-12 01:00:00,24.5,81.0,0.0,0.0,32,19.3,213,1,1,5,normal
2025-07-12 02:00:00,24.3,82.0,0.0,0.0,59,19.5,211,2,2,5,normal
2025-07-12 03:00:00,24.0,85.0,0.0,0.0,79,18.4,214,2,3,5,cloudy
2025-07-12 04:00:00,24.5,79.0,0.0,0.0,52,17.3,219,2,4,5,normal
2025-07-12 05:00:00,24.5,80.0,0.0,0.0,59,18.0,220,2,5,5,normal
2025-07-12 06:00:00,24.6,80.0,0.0,0.0,84,19.2,218,3,6,5,cloudy
2025-07-12 07:00:00,25.3,77.0,0.0,0.0,97,20.8,220,3,7,5,cloudy
2025-07-12 08:00:00,26.0,72.0,0.0,0.0,53,24.2,220,2,8,5,normal
2025-07-12 09:00:00,26.9,69.0,0.2,0.2,48,24.6,219,51,9,5,rain
2025-07-12 10:00:00,27.6,64.0,0.1,0.1,48,24.2,217,51,10,5,rain
2025-07-12 11:00:00,27.9,64.0,0.2,0.2,52,25.4,216,51,11,5,rain
2025-07-12 12:00:00,28.0,63.0,0.1,0.1,54,25.6,215,51,12,5,rain
2025-07-12 13:00:00,27.9,64.0,0.1,0.1,45,26.7,215,51,13,5,rain
2025-07-12 14:00:00,27.8,66.0,0.0,0.0,35,26.9,216,1,14,5,normal
2025-07-12 15:00:00,27.4,67.0,0.0,0.0,35,27.0,215,1,15,5,normal
2025-07-12 16:00:00,26.8,70.0,0.0,0.0,47,27.0,212,1,16,5,normal
2025-07-12 17:00:00,26.1,75.0,0.0,0.0,43,25.8,212,1,17,5,normal
2025-07-12 18:00:00,25.3,80.0,0.0,0.0,40,23.1,210,1,18,5,normal
2025-07-12 19:00:00,24.7,85.0,0.1,0.1,27,21.2,211,51,19,5,rain
2025-07-12 20:00:00,24.9,83.0,0.0,0.0,21,21.4,208,1,20,5,normal
2025-07-12 21:00:00,24.9,83.0,0.0,0.0,21,20.4,207,1,21,5,normal
2025-07-12 22:00:00,24.9,82.0,0.0,0.0,37,20.4,207,1,22,5,normal
2025-07-12 23:00:00,24.6,83.0,0.0,0.0,93,20.0,208,3,23,5,cloudy
2025-07-13 00:00:00,24.5,84.0,0.0,0.0,100,19.5,211,3,0,6,cloudy
2025-07-13 01:00:00,24.7,82.0,0.0,0.0,92,19.0,213,3,1,6,cloudy
2025-07-13 02:00:00,24.4,84.0,0.0,0.0,99,18.2,218,3,2,6,cloudy
2025-07-13 03:00:00,24.0,86.0,0.2,0.2,100,18.7,223,51,3,6,rain
2025-07-13 04:00:00,23.5,89.0,0.1,0.1,99,19.8,222,51,4,6,rain
2025-07-13 05:00:00,23.3,91.0,0.1,0.1,39,17.8,225,51,5,6,rain
2025-07-13 06:00:00,23.9,86.0,0.0,0.0,22,16.7,224,1,6,6,normal
2025-07-13 07:00:00,24.9,81.0,0.0,0.0,48,18.5,215,1,7,6,normal
2025-07-13 08:00:00,25.8,75.0,0.0,0.0,61,23.0,212,2,8,6,normal
2025-07-13 09:00:00,26.4,73.0,0.1,0.1,31,23.0,210,51,9,6,rain
2025-07-13 10:00:00,26.7,73.0,0.5,0.5,35,24.3,210,53,10,6,rain
2025-07-13 11:00:00,27.0,72.0,0.3,0.3,84,24.6,207,51,11,6,rain
2025-07-13 12:00:00,27.1,72.0,0.3,0.3,97,26.1,204,51,12,6,rain
2025-07-13 13:00:00,27.4,71.0,0.1,0.1,100,26.8,203,51,13,6,rain
2025-07-13 14:00:00,27.4,71.0,0.1,0.1,100,26.9,205,51,14,6,rain
2025-07-13 15:00:00,27.5,68.0,0.0,0.0,99,28.2,209,3,15,6,cloudy
2025-07-13 16:00:00,27.1,70.0,0.0,0.0,98,27.1,212,3,16,6,cloudy
2025-07-13 17:00:00,26.4,73.0,0.0,0.0,94,27.4,214,3,17,6,cloudy
2025-07-13 18:00:00,25.7,76.0,0.0,0.0,98,24.3,213,3,18,6,cloudy
2025-07-13 19:00:00,25.4,78.0,0.0,0.0,100,22.9,217,3,19,6,cloudy
2025-07-13 20:00:00,25.2,80.0,0.0,0.0,98,22.6,217,3,20,6,cloudy
2025-07-13 21:00:00,25.2,79.0,0.0,0.0,100,22.3,215,3,21,6,cloudy
2025-07-13 22:00:00,25.2,80.0,0.0,0.0,99,23.0,215,3,22,6,cloudy
2025-07-13 23:00:00,25.2,80.0,0.0,0.0,95,23.6,219,3,23,6,cloudy
2025-07-14 00:00:00,24.9,81.0,0.0,0.0,99,25.1,221,3,0,0,cloudy
2025-07-14 01:00:00,24.5,84.0,0.1,0.1,75,24.5,220,51,1,0,rain
2025-07-14 02:00:00,24.6,83.0,0.1,0.1,34,25.4,220,51,2,0,rain
2025-07-14 03:00:00,24.3,84.0,0.1,0.1,33,23.7,221,51,3,0,rain
2025-07-14 04:00:00,24.5,82.0,0.0,0.0,34,24.0,218,1,4,0,normal
2025-07-14 05:00:00,23.7,87.0,0.4,0.4,53,21.3,221,51,5,0,rain
2025-07-14 06:00:00,23.6,89.0,0.3,0.3,66,22.0,218,51,6,0,rain
2025-07-14 07:00:00,24.7,85.0,0.2,0.2,34,21.2,222,51,7,0,rain
2025-07-14 08:00:00,26.0,76.0,0.1,0.1,35,26.8,219,51,8,0,rain
2025-07-14 09:00:00,26.9,72.0,0.2,0.2,28,28.4,217,51,9,0,rain
2025-07-14 10:00:00,27.6,68.0,0.0,0.0,31,29.4,213,1,10,0,normal
2025-07-14 11:00:00,28.0,67.0,0.1,0.1,26,30.4,212,51,11,0,rain
2025-07-14 12:00:00,28.0,68.0,0.1,0.1,28,30.7,212,51,12,0,rain
2025-07-14 13:00:00,28.0,68.0,0.1,0.1,18,30.3,211,51,13,0,rain
2025-07-14 14:00:00,27.9,69.0,0.1,0.1,23,30.3,212,51,14,0,rain
2025-07-14 15:00:00,27.5,70.0,0.1,0.1,21,30.8,213,51,15,0,rain
2025-07-14 16:00:00,27.0,73.0,0.1,0.1,23,29.3,212,51,16,0,rain
2025-07-14 17:00:00,26.1,77.0,0.0,0.0,33,27.3,213,1,17,0,normal
2025-07-14 18:00:00,25.5,81.0,0.0,0.0,13,24.2,215,0,18,0,normal
2025-07-14 19:00:00,25.1,83.0,0.0,0.0,18,22.7,214,0,19,0,normal
2025-07-14 20:00:00,25.0,84.0,0.0,0.0,26,23.5,213,1,20,0,normal
2025-07-14 21:00:00,25.1,83.0,0.0,0.0,20,23.4,212,1,21,0,normal
2025-07-14 22:00:00,25.1,83.0,0.0,0.0,16,23.0,213,0,22,0,normal
2025-07-14 23:00:00,24.8,85.0,0.0,0.0,26,22.5,215,1,23,0,normal
2025-07-15 00:00:00,24.5,87.0,0.0,0.0,15,21.5,216,0,0,1,normal
2025-07-15 01:00:00,24.1,88.0,0.0,0.0,35,21.4,219,1,1,1,normal
2025-07-15 02:00:00,23.6,91.0,0.3,0.3,51,21.7,222,51,2,1,rain
2025-07-15 03:00:00,23.5,91.0,0.3,0.3,89,18.9,228,51,3,1,rain
2025-07-15 04:00:00,23.4,91.0,0.1,0.1,100,18.3,227,51,4,1,rain
2025-07-15 05:00:00,23.4,91.0,0.2,0.2,69,19.3,225,51,5,1,rain
2025-07-15 06:00:00,23.6,90.0,0.1,0.1,85,20.8,224,51,6,1,rain
2025-07-15 07:00:00,24.2,87.0,0.1,0.1,56,21.4,224,51,7,1,rain
2025-07-15 08:00:00,24.9,83.0,0.3,0.3,35,24.6,217,51,8,1,rain
2025-07-15 09:00:00,26.0,78.0,0.1,0.1,27,26.2,214,51,9,1,rain
2025-07-15 10:00:00,26.5,76.0,0.4,0.4,34,28.2,211,51,10,1,rain
2025-07-15 11:00:00,27.3,72.0,0.3,0.3,25,29.3,210,51,11,1,rain
2025-07-15 12:00:00,27.7,70.0,0.3,0.3,15,30.0,211,51,12,1,rain
2025-07-15 13:00:00,27.9,68.0,0.0,0.0,19,29.9,212,0,13,1,normal
2025-07-15 14:00:00,27.8,68.0,0.0,0.0,10,29.9,211,0,14,1,normal
2025-07-15 15:00:00,27.4,71.0,0.0,0.0,7,29.5,210,0,15,1,normal
2025-07-15 16:00:00,26.9,73.0,0.0,0.0,22,30.7,209,1,16,1,normal
2025-07-15 17:00:00,26.1,77.0,0.0,0.0,23,29.9,210,1,17,1,normal
2025-07-15 18:00:00,25.5,81.0,0.0,0.0,31,25.7,211,1,18,1,normal
2025-07-15 19:00:00,25.1,83.0,0.0,0.0,69,24.5,211,2,19,1,normal
2025-07-15 20:00:00,24.9,85.0,0.0,0.0,99,24.3,211,3,20,1,cloudy
2025-07-15 21:00:00,24.7,87.0,0.2,0.2,97,24.3,207,51,21,1,rain
2025-07-15 22:00:00,24.6,86.0,0.0,0.0,89,23.5,205,3,22,1,cloudy
2025-07-15 23:00:00,23.9,88.0,0.1,0.1,100,21.1,206,51,23,1,rain
2025-07-16 00:00:00,24.0,87.0,0.2,0.2,100,20.1,214,51,0,2,rain
2025-07-16 01:00:00,23.6,90.0,0.3,0.3,92,19.1,211,51,1,2,rain
2025-07-16 02:00:00,23.8,91.0,0.6,0.6,30,21.4,210,53,2,2,rain
2025-07-16 03:00:00,23.5,93.0,0.1,0.1,45,19.9,214,51,3,2,rain
2025-07-16 04:00:00,23.4,90.0,0.1,0.1,87,17.9,218,51,4,2,rain
2025-07-16 05:00:00,23.5,87.0,0.1,0.1,79,18.1,220,51,5,2,rain
2025-07-16 06:00:00,23.0,91.0,0.2,0.2,33,17.6,230,51,6,2,rain
2025-07-16 07:00:00,23.5,89.0,0.1,0.1,37,16.2,229,51,7,2,rain
2025-07-16 08:00:00,24.4,83.0,0.2,0.2,38,20.6,225,51,8,2,rain
2025-07-16 09:00:00,25.6,78.0,0.8,0.8,33,22.4,217,53,9,2,rain
2025-07-16 10:00:00,27.0,70.0,0.9,0.9,96,24.2,209,53,10,2,rain
2025-07-16 11:00:00,27.6,66.0,0.0,0.0,100,25.2,207,3,11,2,cloudy
2025-07-16 12:00:00,27.8,64.0,0.0,0.0,99,26.4,207,3,12,2,cloudy
2025-07-16 13:00:00,28.0,63.0,0.0,0.0,96,26.7,208,3,13,2,cloudy
2025-07-16 14:00:00,28.1,61.0,0.0,0.0,100,27.3,208,3,14,2,cloudy
2025-07-16 15:00:00,27.6,64.0,0.0,0.0,100,28.9,210,3,15,2,cloudy
2025-07-16 16:00:00,26.9,69.0,0.0,0.0,100,23.8,208,3,16,2,cloudy
2025-07-16 17:00:00,26.2,72.0,0.0,0.0,97,25.6,209,3,17,2,cloudy
2025-07-16 18:00:00,25.6,75.0,0.0,0.0,41,22.6,212,1,18,2,normal
2025-07-16 19:00:00,25.2,77.0,0.0,0.0,99,21.0,215,3,19,2,cloudy
2025-07-16 20:00:00,25.1,78.0,0.0,0.0,99,21.9,210,3,20,2,cloudy
2025-07-16 21:00:00,25.1,78.0,0.0,0.0,100,22.0,205,3,21,2,cloudy
2025-07-16 22:00:00,24.9,78.0,0.0,0.0,92,21.8,203,3,22,2,cloudy
2025-07-16 23:00:00,24.8,78.0,0.0,0.0,99,21.5,205,3,23,2,cloudy
2025-07-17 00:00:00,24.8,78.0,0.0,0.0,100,20.9,205,3,0,3,cloudy
2025-07-17 01:00:00,24.6,79.0,0.0,0.0,100,19.9,206,3,1,3,cloudy
2025-07-17 02:00:00,24.7,77.0,0.0,0.0,98,19.7,212,3,2,3,cloudy
2025-07-17 03:00:00,24.6,78.0,0.0,0.0,99,18.6,219,3,3,3,cloudy
2025-07-17 04:00:00,24.8,77.0,0.0,0.0,100,19.5,216,3,4,3,cloudy
2025-07-17 05:00:00,24.6,79.0,0.0,0.0,100,20.4,218,3,5,3,cloudy
2025-07-17 06:00:00,24.3,80.0,0.0,0.0,100,18.6,220,3,6,3,cloudy
2025-07-17 07:00:00,24.9,78.0,0.2,0.2,98,21.1,219,51,7,3,rain
2025-07-17 08:00:00,26.0,74.0,0.1,0.1,99,25.5,212,51,8,3,rain
2025-07-17 09:00:00,26.5,72.0,0.2,0.2,99,26.6,211,51,9,3,rain
2025-07-17 10:00:00,27.2,69.0,0.3,0.3,99,27.0,208,51,10,3,rain
2025-07-17 11:00:00,27.4,67.0,0.2,0.2,92,27.6,207,51,11,3,rain
2025-07-17 12:00:00,27.5,66.0,0.2,0.2,98,27.8,203,51,12,3,rain
2025-07-17 13:00:00,27.7,66.0,0.0,0.0,100,27.1,203,3,13,3,cloudy
2025-07-17 14:00:00,27.6,68.0,0.1,0.1,100,27.3,205,51,14,3,rain
2025-07-17 15:00:00,27.3,68.0,0.1,0.1,100,27.5,204,51,15,3,rain
2025-07-17 16:00:00,26.8,69.0,0.0,0.0,98,26.5,200,3,16,3,cloudy
2025-07-17 17:00:00,26.2,72.0,0.0,0.0,99,24.8,201,3,17,3,cloudy
2025-07-17 18:00:00,25.4,77.0,0.0,0.0,98,22.6,200,3,18,3,cloudy
2025-07-17 19:00:00,25.1,79.0,0.0,0.0,85,23.1,200,3,19,3,cloudy
2025-07-17 20:00:00,24.8,81.0,0.0,0.0,55,23.2,200,2,20,3,normal
2025-07-17 21:00:00,24.6,82.0,0.0,0.0,57,22.0,199,2,21,3,normal
2025-07-17 22:00:00,24.4,83.0,0.0,0.0,100,21.2,200,3,22,3,cloudy
2025-07-17 23:00:00,24.0,86.0,0.1,0.1,100,21.4,200,51,23,3,rain
2025-07-18 00:00:00,24.1,85.0,0.1,0.1,100,24.0,202,51,0,4,rain
2025-07-18 01:00:00,24.5,83.0,0.0,0.0,100,22.2,203,3,1,4,cloudy
2025-07-18 02:00:00,24.8,79.0,0.0,0.0,100,23.0,200,3,2,4,cloudy
2025-07-18 03:00:00,24.8,78.0,0.0,0.0,100,22.1,201,3,3,4,cloudy
2025-07-18 04:00:00,24.2,80.0,0.0,0.0,100,20.2,205,3,4,4,cloudy
2025-07-18 05:00:00,24.3,79.0,0.0,0.0,98,19.9,207,3,5,4,cloudy
2025-07-18 06:00:00,24.4,79.0,0.0,0.0,71,19.6,204,2,6,4,normal
2025-07-18 07:00:00,25.0,75.0,0.0,0.0,95,20.4,208,3,7,4,cloudy
2025-07-18 08:00:00,26.1,69.0,0.0,0.0,96,24.6,207,3,8,4,cloudy
2025-07-18 09:00:00,27.0,65.0,0.0,0.0,97,27.3,208,3,9,4,cloudy
2025-07-18 10:00:00,27.5,62.0,0.0,0.0,36,29.9,207,1,10,4,normal
2025-07-18 11:00:00,27.8,61.0,0.0,0.0,38,30.4,206,1,11,4,normal
2025-07-18 12:00:00,27.8,62.0,0.0,0.0,36,30.2,207,1,12,4,normal
2025-07-18 13:00:00,28.1,60.0,0.0,0.0,41,30.3,208,1,13,4,normal
2025-07-18 14:00:00,27.8,61.0,0.0,0.0,40,29.9,207,1,14,4,normal
2025-07-18 15:00:00,27.4,62.0,0.0,0.0,57,28.8,207,2,15,4,normal
2025-07-18 16:00:00,26.5,68.0,0.0,0.0,97,26.1,209,3,16,4,cloudy
2025-07-18 17:00:00,25.8,71.0,0.0,0.0,48,25.9,210,1,17,4,normal
2025-07-18 18:00:00,25.0,76.0,0.0,0.0,22,24.9,211,1,18,4,normal
2025-07-18 19:00:00,24.8,76.0,0.0,0.0,35,25.0,212,1,19,4,normal
2025-07-18 20:00:00,24.8,77.0,0.0,0.0,16,25.1,212,0,20,4,normal
2025-07-18 21:00:00,24.6,78.0,0.0,0.0,29,25.3,210,1,21,4,normal
2025-07-18 22:00:00,24.2,81.0,0.0,0.0,24,24.0,213,1,22,4,normal
2025-07-18 23:00:00,24.7,78.0,0.0,0.0,15,23.7,213,0,23,4,normal
2025-07-19 00:00:00,24.5,79.0,0.0,0.0,58,23.7,211,2,0,5,normal
2025-07-19 01:00:00,24.3,79.0,0.0,0.0,82,23.6,211,3,1,5,cloudy
2025-07-19 02:00:00,24.0,81.0,0.0,0.0,98,23.4,211,3,2,5,cloudy
2025-07-19 03:00:00,24.4,77.0,0.0,0.0,100,22.2,212,3,3,5,cloudy
2025-07-19 04:00:00,24.3,77.0,0.0,0.0,18,23.5,209,0,4,5,normal
2025-07-19 05:00:00,24.2,79.0,0.0,0.0,13,22.1,214,0,5,5,normal
2025-07-19 06:00:00,24.2,78.0,0.0,0.0,20,21.9,215,1,6,5,normal
2025-07-19 07:00:00,24.8,75.0,0.0,0.0,28,24.1,215,1,7,5,normal
2025-07-19 08:00:00,25.6,71.0,0.1,0.1,58,29.2,215,51,8,5,rain
2025-07-19 09:00:00,26.6,64.0,0.0,0.0,97,28.2,211,3,9,5,cloudy
2025-07-19 10:00:00,26.9,66.0,0.0,0.0,96,29.6,208,3,10,5,cloudy
2025-07-19 11:00:00,27.1,65.0,0.2,0.2,91,30.7,207,51,11,5,rain
2025-07-19 12:00:00,27.0,65.0,0.1,0.1,51,30.4,208,51,12,5,rain
2025-07-19 13:00:00,27.3,64.0,0.1,0.1,13,30.5,208,51,13,5,rain
2025-07-19 14:00:00,27.4,63.0,0.0,0.0,8,31.2,206,0,14,5,normal
2025-07-19 15:00:00,27.0,64.0,0.0,0.0,18,32.5,207,0,15,5,normal
2025-07-19 16:00:00,26.5,64.0,0.0,0.0,23,30.8,208,1,16,5,normal
2025-07-19 17:00:00,25.9,67.0,0.0,0.0,16,28.7,208,0,17,5,normal
2025-07-19 18:00:00,25.2,71.0,0.0,0.0,17,25.9,209,0,18,5,normal
2025-07-19 19:00:00,24.9,74.0,0.0,0.0,11,25.0,209,0,19,5,normal
2025-07-19 20:00:00,24.7,74.0,0.0,0.0,10,24.8,210,0,20,5,normal
2025-07-19 21:00:00,24.6,75.0,0.0,0.0,39,24.1,211,1,21,5,normal
2025-07-19 22:00:00,24.6,75.0,0.0,0.0,87,24.2,210,3,22,5,cloudy
2025-07-19 23:00:00,24.4,76.0,0.0,0.0,100,24.4,209,3,23,5,cloudy
2025-07-20 00:00:00,24.5,75.0,0.0,0.0,98,25.2,208,3,0,6,cloudy
2025-07-20 01:00:00,24.4,75.0,0.0,0.0,98,25.4,207,3,1,6,cloudy
2025-07-20 02:00:00,24.4,74.0,0.0,0.0,97,25.6,205,3,2,6,cloudy
2025-07-20 03:00:00,24.1,77.0,0.0,0.0,77,24.5,207,2,3,6,cloudy
2025-07-20 04:00:00,24.3,76.0,0.0,0.0,20,25.3,206,1,4,6,normal
2025-07-20 05:00:00,24.2,77.0,0.0,0.0,5,25.8,207,0,5,6,normal
2025-07-20 06:00:00,24.2,78.0,0.0,0.0,7,26.1,209,0,6,6,normal
2025-07-20 07:00:00,24.7,77.0,0.0,0.0,15,25.4,208,0,7,6,normal
2025-07-20 08:00:00,25.5,73.0,0.0,0.0,15,27.3,209,0,8,6,normal
2025-07-20 09:00:00,26.3,69.0,0.0,0.0,13,28.0,210,0,9,6,normal
2025-07-20 10:00:00,26.9,66.0,0.0,0.0,14,28.5,209,0,10,6,normal
2025-07-20 11:00:00,27.3,63.0,0.0,0.0,10,29.2,209,0,11,6,normal
2025-07-20 12:00:00,27.6,62.0,0.0,0.0,10,29.7,209,0,12,6,normal
2025-07-20 13:00:00,27.4,62.0,0.0,0.0,16,30.5,210,0,13,6,normal
2025-07-20 14:00:00,27.0,64.0,0.0,0.0,16,30.8,210,0,14,6,normal
2025-07-20 15:00:00,26.7,66.0,0.1,0.1,13,30.0,213,51,15,6,rain
2025-07-20 16:00:00,26.1,68.0,0.0,0.0,21,27.6,215,1,16,6,normal
2025-07-20 17:00:00,25.4,72.0,0.0,0.0,20,26.7,213,1,17,6,normal
2025-07-20 18:00:00,24.9,73.0,0.0,0.0,17,25.5,211,0,18,6,normal
2025-07-20 19:00:00,24.7,74.0,0.0,0.0,19,26.0,209,0,19,6,normal
2025-07-20 20:00:00,24.5,76.0,0.0,0.0,39,27.1,209,1,20,6,normal
2025-07-20 21:00:00,24.2,78.0,0.0,0.0,58,27.2,208,2,21,6,normal
2025-07-20 22:00:00,24.0,80.0,0.0,0.0,100,26.9,205,3,22,6,cloudy
2025-07-20 23:00:00,24.6,73.0,0.0,0.0,100,26.2,205,3,23,6,cloudy
2025-07-21 00:00:00,24.6,73.0,0.0,0.0,100,25.1,205,3,0,0,cloudy
2025-07-21 01:00:00,24.5,73.0,0.0,0.0,99,25.8,207,3,1,0,cloudy
2025-07-21 02:00:00,24.4,73.0,0.0,0.0,99,27.1,206,3,2,0,cloudy
2025-07-21 03:00:00,24.4,73.0,0.0,0.0,99,26.2,207,3,3,0,cloudy
2025-07-21 04:00:00,24.5,74.0,0.0,0.0,100,24.7,206,3,4,0,cloudy
2025-07-21 05:00:00,24.2,76.0,0.0,0.0,100,26.6,207,3,5,0,cloudy
2025-07-21 06:00:00,24.3,75.0,0.0,0.0,97,26.5,205,3,6,0,cloudy
2025-07-21 07:00:00,25.1,72.0,0.0,0.0,99,26.9,205,3,7,0,cloudy
2025-07-21 08:00:00,26.0,67.0,0.0,0.0,88,31.2,205,3,8,0,cloudy
2025-07-21 09:00:00,26.8,63.0,0.0,0.0,94,32.4,203,3,9,0,cloudy
2025-07-21 10:00:00,27.2,61.0,0.0,0.0,88,32.8,203,3,10,0,cloudy
2025-07-21 11:00:00,27.3,60.0,0.1,0.1,95,33.2,204,51,11,0,rain
2025-07-21 12:00:00,27.5,59.0,0.0,0.0,66,32.2,205,2,12,0,normal
2025-07-21 13:00:00,27.3,61.0,0.1,0.1,32,30.6,205,51,13,0,rain
2025-07-21 14:00:00,27.2,62.0,0.1,0.1,47,29.9,205,51,14,0,rain
2025-07-21 15:00:00,26.0,68.0,0.1,0.1,98,28.8,206,51,15,0,rain
2025-07-21 16:00:00,25.7,68.0,0.0,0.0,58,28.3,207,2,16,0,normal
2025-07-21 17:00:00,25.1,73.0,0.0,0.0,40,26.8,208,1,17,0,normal
2025-07-21 18:00:00,24.6,76.0,0.0,0.0,25,25.3,208,1,18,0,normal
2025-07-21 19:00:00,24.4,76.0,0.0,0.0,45,24.3,205,1,19,0,normal
2025-07-21 20:00:00,24.5,75.0,0.0,0.0,84,23.6,201,3,20,0,cloudy
2025-07-21 21:00:00,24.4,76.0,0.0,0.0,99,24.4,199,3,21,0,cloudy
2025-07-21 22:00:00,24.2,77.0,0.0,0.0,99,24.2,199,3,22,0,cloudy
2025-07-21 23:00:00,24.2,78.0,0.0,0.0,100,23.9,201,3,23,0,cloudy
2025-07-22 00:00:00,24.3,77.0,0.0,0.0,100,24.1,201,3,0,1,cloudy
2025-07-22 01:00:00,24.1,78.0,0.0,0.0,100,24.7,202,3,1,1,cloudy
2025-07-22 02:00:00,23.9,79.0,0.0,0.0,100,23.6,205,3,2,1,cloudy
2025-07-22 03:00:00,23.8,79.0,0.0,0.0,100,22.2,209,3,3,1,cloudy
2025-07-22 04:00:00,24.6,73.0,0.0,0.0,99,23.0,209,3,4,1,cloudy
2025-07-22 05:00:00,24.3,76.0,0.0,0.0,94,21.3,210,3,5,1,cloudy
2025-07-22 06:00:00,24.7,74.0,0.0,0.0,32,22.2,205,1,6,1,normal
2025-07-22 07:00:00,25.2,72.0,0.0,0.0,37,22.2,205,1,7,1,normal
2025-07-22 08:00:00,25.4,73.0,0.0,0.0,36,25.2,203,1,8,1,normal
2025-07-22 09:00:00,25.9,71.0,0.0,0.0,42,27.3,205,1,9,1,normal
2025-07-22 10:00:00,26.1,70.0,0.2,0.2,47,28.1,203,51,10,1,rain
2025-07-22 11:00:00,26.4,69.0,0.5,0.5,48,28.7,200,53,11,1,rain
2025-07-22 12:00:00,26.8,68.0,0.6,0.6,30,30.7,202,53,12,1,rain
2025-07-22 13:00:00,26.9,68.0,0.3,0.3,35,31.3,204,51,13,1,rain
2025-07-22 14:00:00,26.6,69.0,0.2,0.2,38,31.7,206,51,14,1,rain
2025-07-22 15:00:00,26.4,71.0,0.2,0.2,24,30.7,205,51,15,1,rain
2025-07-22 16:00:00,26.0,73.0,0.2,0.2,25,29.4,202,51,16,1,rain
2025-07-22 17:00:00,25.5,75.0,0.1,0.1,16,27.9,205,51,17,1,rain
2025-07-22 18:00:00,24.9,78.0,0.0,0.0,76,25.4,207,2,18,1,cloudy
2025-07-22 19:00:00,23.9,83.0,0.0,0.0,83,26.1,208,3,19,1,cloudy
2025-07-22 20:00:00,23.3,85.0,0.2,0.2,94,22.6,212,51,20,1,rain
2025-07-22 21:00:00,23.0,88.0,0.3,0.3,99,21.4,214,51,21,1,rain
2025-07-22 22:00:00,22.9,90.0,0.5,0.5,97,20.6,211,53,22,1,rain
2025-07-22 23:00:00,23.0,89.0,0.3,0.3,99,22.7,209,51,23,1,rain
2025-07-23 00:00:00,22.7,91.0,0.4,0.4,99,19.9,207,51,0,2,rain
2025-07-23 01:00:00,22.3,93.0,0.4,0.4,88,16.8,212,51,1,2,rain
2025-07-23 02:00:00,22.0,94.0,0.5,0.5,100,18.0,215,53,2,2,rain
2025-07-23 03:00:00,22.5,90.0,0.4,0.4,96,16.3,223,51,3,2,rain
2025-07-23 04:00:00,22.6,91.0,0.3,0.3,95,18.0,219,51,4,2,rain
2025-07-23 05:00:00,22.5,92.0,0.3,0.3,99,19.1,223,51,5,2,rain
2025-07-23 06:00:00,22.2,95.0,0.2,0.2,97,16.6,233,51,6,2,rain
2025-07-23 07:00:00,22.5,92.0,0.2,0.2,96,16.1,229,51,7,2,rain
2025-07-23 08:00:00,24.3,81.0,0.2,0.2,97,21.3,224,51,8,2,rain
2025-07-23 09:00:00,25.8,70.0,0.3,0.3,97,26.3,212,51,9,2,rain
2025-07-23 10:00:00,26.4,67.0,0.0,0.0,99,27.6,209,3,10,2,cloudy
2025-07-23 11:00:00,27.1,64.0,0.2,0.2,99,28.7,208,51,11,2,rain
2025-07-23 12:00:00,27.4,63.0,0.0,0.0,100,29.6,208,3,12,2,cloudy
2025-07-23 13:00:00,27.5,62.0,0.0,0.0,99,29.2,208,3,13,2,cloudy
2025-07-23 14:00:00,27.2,63.0,0.0,0.0,100,30.1,208,3,14,2,cloudy
2025-07-23 15:00:00,26.6,65.0,0.0,0.0,100,28.6,207,3,15,2,cloudy
2025-07-23 16:00:00,26.7,62.0,0.0,0.0,100,27.6,202,3,16,2,cloudy
2025-07-23 17:00:00,25.9,64.0,0.0,0.0,100,28.5,203,3,17,2,cloudy
2025-07-23 18:00:00,25.2,68.0,0.0,0.0,98,26.0,205,3,18,2,cloudy
2025-07-23 19:00:00,24.8,71.0,0.0,0.0,100,25.2,206,3,19,2,cloudy
2025-07-23 20:00:00,24.7,71.0,0.0,0.0,100,24.2,207,3,20,2,cloudy
2025-07-23 21:00:00,24.5,71.0,0.0,0.0,99,23.8,206,3,21,2,cloudy
2025-07-23 22:00:00,24.4,72.0,0.0,0.0,98,23.8,207,3,22,2,cloudy
2025-07-23 23:00:00,24.4,73.0,0.0,0.0,95,23.0,209,3,23,2,cloudy
2025-07-24 00:00:00,24.3,73.0,0.0,0.0,95,21.7,210,3,0,3,cloudy
2025-07-24 01:00:00,24.1,74.0,0.0,0.0,99,21.5,211,3,1,3,cloudy
2025-07-24 02:00:00,24.2,73.0,0.0,0.0,94,21.7,211,3,2,3,cloudy
2025-07-24 03:00:00,24.2,73.0,0.0,0.0,95,21.0,212,3,3,3,cloudy
2025-07-24 04:00:00,23.8,75.0,0.0,0.0,58,19.5,213,2,4,3,normal
2025-07-24 05:00:00,23.8,75.0,0.0,0.0,20,20.7,214,1,5,3,normal
2025-07-24 06:00:00,23.9,75.0,0.0,0.0,16,20.6,215,0,6,3,normal
2025-07-24 07:00:00,24.6,73.0,0.0,0.0,13,21.1,214,0,7,3,normal
2025-07-24 08:00:00,25.8,66.0,0.0,0.0,22,25.0,213,1,8,3,normal
2025-07-24 09:00:00,26.5,62.0,0.0,0.0,39,27.9,213,1,9,3,normal
2025-07-24 10:00:00,26.9,59.0,0.0,0.0,58,28.9,214,2,10,3,normal
2025-07-24 11:00:00,27.2,60.0,0.0,0.0,22,28.9,215,1,11,3,normal
2025-07-24 12:00:00,27.8,57.0,0.0,0.0,5,29.2,214,0,12,3,normal
2025-07-24 13:00:00,27.8,57.0,0.0,0.0,4,28.8,214,0,13,3,normal
2025-07-24 14:00:00,27.3,58.0,0.0,0.0,13,29.7,216,0,14,3,normal
2025-07-24 15:00:00,27.0,58.0,0.0,0.0,20,30.6,216,1,15,3,normal
2025-07-24 16:00:00,26.6,60.0,0.0,0.0,88,29.4,214,3,16,3,cloudy
2025-07-24 17:00:00,26.0,64.0,0.0,0.0,90,26.9,217,3,17,3,cloudy
2025-07-24 18:00:00,25.4,67.0,0.0,0.0,100,23.3,219,3,18,3,cloudy
2025-07-24 19:00:00,24.9,70.0,0.0,0.0,100,21.3,216,3,19,3,cloudy
2025-07-24 20:00:00,23.9,78.0,0.0,0.0,99,22.6,215,3,20,3,cloudy
2025-07-24 21:00:00,23.4,81.0,0.1,0.1,100,24.4,217,51,21,3,rain
2025-07-24 22:00:00,23.7,81.0,0.0,0.0,99,23.0,213,3,22,3,cloudy
2025-07-24 23:00:00,23.7,80.0,0.0,0.0,100,23.0,213,3,23,3,cloudy
2025-07-25 00:00:00,23.7,80.0,0.0,0.0,100,21.5,218,3,0,4,cloudy
2025-07-25 01:00:00,23.8,78.0,0.0,0.0,99,20.4,218,3,1,4,cloudy
2025-07-25 02:00:00,23.7,79.0,0.1,0.1,98,20.0,222,51,2,4,rain
2025-07-25 03:00:00,23.7,78.0,0.0,0.0,98,20.6,226,3,3,4,cloudy
2025-07-25 04:00:00,23.8,77.0,0.0,0.0,94,20.3,216,3,4,4,cloudy
2025-07-25 05:00:00,24.0,76.0,0.0,0.0,99,22.2,214,3,5,4,cloudy
2025-07-25 06:00:00,23.8,77.0,0.0,0.0,100,21.3,221,3,6,4,cloudy
2025-07-25 07:00:00,24.1,78.0,0.0,0.0,100,19.5,224,3,7,4,cloudy
2025-07-25 08:00:00,25.7,67.0,0.0,0.0,99,25.0,211,3,8,4,cloudy
2025-07-25 09:00:00,26.3,64.0,0.0,0.0,99,27.7,208,3,9,4,cloudy
2025-07-25 10:00:00,27.0,62.0,0.0,0.0,100,28.8,205,3,10,4,cloudy
2025-07-25 11:00:00,27.6,60.0,0.0,0.0,100,27.8,203,3,11,4,cloudy
2025-07-25 12:00:00,28.0,58.0,0.0,0.0,100,29.4,207,3,12,4,cloudy
2025-07-25 13:00:00,27.8,58.0,0.0,0.0,100,29.2,212,3,13,4,cloudy
2025-07-25 14:00:00,27.9,58.0,0.0,0.0,100,30.2,211,3,14,4,cloudy
2025-07-25 15:00:00,26.1,68.0,0.1,0.1,100,28.3,211,51,15,4,rain
2025-07-25 16:00:00,25.7,73.0,0.5,0.5,96,27.4,205,53,16,4,rain
2025-07-25 17:00:00,25.1,75.0,0.2,0.2,98,26.8,208,51,17,4,rain
2025-07-25 18:00:00,24.2,81.0,0.2,0.2,100,24.4,210,51,18,4,rain
2025-07-25 19:00:00,23.5,84.0,0.2,0.2,99,21.6,211,51,19,4,rain
2025-07-25 20:00:00,23.6,84.0,0.1,0.1,99,20.1,216,51,20,4,rain
2025-07-25 21:00:00,23.5,85.0,0.2,0.2,97,20.6,216,51,21,4,rain
2025-07-25 22:00:00,23.7,83.0,0.0,0.0,99,19.8,213,3,22,4,cloudy
2025-07-25 23:00:00,22.8,89.0,0.3,0.3,100,18.6,214,51,23,4,rain
2025-07-26 00:00:00,22.9,90.0,0.5,0.5,99,20.4,215,53,0,5,rain
2025-07-26 01:00:00,22.8,90.0,0.2,0.2,99,18.2,218,51,1,5,rain
2025-07-26 02:00:00,22.7,89.0,0.1,0.1,99,17.0,222,51,2,5,rain
2025-07-26 03:00:00,22.7,88.0,0.1,0.1,100,17.8,227,51,3,5,rain
2025-07-26 04:00:00,22.3,90.0,0.1,0.1,100,17.3,231,51,4,5,rain
2025-07-26 05:00:00,22.4,88.0,0.2,0.2,100,17.4,226,51,5,5,rain
2025-07-26 06:00:00,22.2,89.0,0.4,0.4,100,17.3,228,51,6,5,rain
2025-07-26 07:00:00,22.8,89.0,0.3,0.3,100,16.8,222,51,7,5,rain
2025-07-26 08:00:00,24.5,79.0,0.2,0.2,100,19.2,217,51,8,5,rain
2025-07-26 09:00:00,26.2,69.0,0.0,0.0,86,20.9,215,3,9,5,cloudy
2025-07-26 10:00:00,27.3,63.0,0.0,0.0,97,22.1,215,3,10,5,cloudy
2025-07-26 11:00:00,27.5,63.0,0.0,0.0,99,25.0,215,3,11,5,cloudy
2025-07-26 12:00:00,27.6,62.0,0.0,0.0,100,25.5,213,3,12,5,cloudy
2025-07-26 13:00:00,27.4,64.0,0.0,0.0,82,26.4,214,3,13,5,cloudy
2025-07-26 14:00:00,27.2,65.0,0.0,0.0,97,27.5,214,3,14,5,cloudy
2025-07-26 15:00:00,26.9,65.0,0.0,0.0,94,27.8,213,3,15,5,cloudy
2025-07-26 16:00:00,25.7,72.0,0.0,0.0,95,25.7,213,3,16,5,cloudy
2025-07-26 17:00:00,25.0,75.0,0.1,0.1,95,25.2,212,51,17,5,rain
2025-07-26 18:00:00,24.4,78.0,0.0,0.0,100,23.1,211,3,18,5,cloudy
2025-07-26 19:00:00,23.9,82.0,0.0,0.0,99,23.1,209,3,19,5,cloudy
2025-07-26 20:00:00,23.3,86.0,0.2,0.2,98,22.5,209,51,20,5,rain
2025-07-26 21:00:00,23.2,84.0,0.1,0.1,100,19.2,215,51,21,5,rain
2025-07-26 22:00:00,23.0,86.0,0.2,0.2,100,20.8,214,51,22,5,rain
2025-07-26 23:00:00,23.1,87.0,0.1,0.1,100,17.8,214,51,23,5,rain
2025-07-27 00:00:00,22.8,88.0,0.1,0.1,100,17.6,214,51,0,6,rain
2025-07-27 01:00:00,22.9,87.0,0.0,0.0,100,17.9,218,3,1,6,cloudy
2025-07-27 02:00:00,22.7,88.0,0.1,0.1,100,15.3,221,51,2,6,rain
2025-07-27 03:00:00,22.6,89.0,0.1,0.1,100,15.5,218,51,3,6,rain
2025-07-27 04:00:00,22.7,90.0,0.8,0.8,100,16.6,214,53,4,6,rain
2025-07-27 05:00:00,22.7,90.0,0.3,0.3,100,17.7,218,51,5,6,rain
2025-07-27 06:00:00,22.6,90.0,0.1,0.1,96,16.6,221,51,6,6,rain
2025-07-27 07:00:00,23.5,84.0,0.0,0.0,96,17.6,222,3,7,6,cloudy
2025-07-27 08:00:00,24.9,76.0,0.1,0.1,54,21.4,214,51,8,6,rain
2025-07-27 09:00:00,25.8,71.0,0.1,0.1,100,22.9,209,51,9,6,rain
2025-07-27 10:00:00,26.5,70.0,0.1,0.1,100,24.3,210,51,10,6,rain
2025-07-27 11:00:00,27.1,67.0,0.0,0.0,95,25.5,209,3,11,6,cloudy
2025-07-27 12:00:00,27.5,65.0,0.0,0.0,99,26.1,210,3,12,6,cloudy
2025-07-27 13:00:00,27.2,66.0,0.0,0.0,89,26.3,211,3,13,6,cloudy
2025-07-27 14:00:00,27.4,65.0,0.0,0.0,96,26.1,213,3,14,6,cloudy
2025-07-27 15:00:00,26.9,67.0,0.0,0.0,92,26.4,212,3,15,6,cloudy
2025-07-27 16:00:00,26.3,70.0,0.0,0.0,74,23.7,212,2,16,6,normal
2025-07-27 17:00:00,25.6,73.0,0.0,0.0,98,23.2,210,3,17,6,cloudy
2025-07-27 18:00:00,24.8,78.0,0.0,0.0,97,21.9,210,3,18,6,cloudy
2025-07-27 19:00:00,24.4,80.0,0.0,0.0,90,20.5,209,3,19,6,cloudy
2025-07-27 20:00:00,24.3,81.0,0.0,0.0,94,20.8,206,3,20,6,cloudy
2025-07-27 21:00:00,24.5,79.0,0.0,0.0,97,21.4,204,3,21,6,cloudy
2025-07-27 22:00:00,24.4,79.0,0.0,0.0,98,20.8,206,3,22,6,cloudy
2025-07-27 23:00:00,24.3,79.0,0.0,0.0,100,20.5,211,3,23,6,cloudy
2025-07-28 00:00:00,24.1,81.0,0.0,0.0,100,20.9,212,3,0,0,cloudy
2025-07-28 01:00:00,24.1,80.0,0.0,0.0,100,21.1,211,3,1,0,cloudy
2025-07-28 02:00:00,24.2,79.0,0.0,0.0,100,21.6,213,3,2,0,cloudy
2025-07-28 03:00:00,24.1,80.0,0.0,0.0,92,21.1,214,3,3,0,cloudy
2025-07-28 04:00:00,24.1,81.0,0.0,0.0,99,22.2,211,3,4,0,cloudy
2025-07-28 05:00:00,24.0,81.0,0.0,0.0,100,22.0,210,3,5,0,cloudy
2025-07-28 06:00:00,23.9,82.0,0.0,0.0,100,20.8,212,3,6,0,cloudy
2025-07-28 07:00:00,24.4,80.0,0.0,0.0,100,21.5,212,3,7,0,cloudy
2025-07-28 08:00:00,25.2,74.0,0.1,0.1,100,25.9,211,51,8,0,rain
2025-07-28 09:00:00,25.1,77.0,0.1,0.1,100,28.9,212,51,9,0,rain
2025-07-28 10:00:00,25.7,75.0,0.4,0.4,99,31.5,203,51,10,0,rain
2025-07-28 11:00:00,26.0,73.0,0.5,0.5,94,31.8,199,53,11,0,rain
2025-07-28 12:00:00,26.4,71.0,0.8,0.8,48,32.4,198,53,12,0,rain
2025-07-28 13:00:00,26.1,71.0,0.9,0.9,81,30.5,201,53,13,0,rain
2025-07-28 14:00:00,26.0,71.0,0.1,0.1,41,29.2,201,51,14,0,rain
2025-07-28 15:00:00,26.2,71.0,0.7,0.7,20,30.8,201,53,15,0,rain
2025-07-28 16:00:00,26.1,70.0,0.0,0.0,24,28.8,205,1,16,0,normal
2025-07-28 17:00:00,25.6,71.0,0.0,0.0,28,28.1,205,1,17,0,normal
2025-07-28 18:00:00,24.9,74.0,0.0,0.0,40,26.3,206,1,18,0,normal
2025-07-28 19:00:00,24.7,76.0,0.0,0.0,74,24.3,205,2,19,0,normal
2025-07-28 20:00:00,24.6,76.0,0.0,0.0,94,24.3,204,3,20,0,cloudy
2025-07-28 21:00:00,24.6,76.0,0.0,0.0,100,24.1,206,3,21,0,cloudy
2025-07-28 22:00:00,24.5,76.0,0.0,0.0,97,24.1,207,3,22,0,cloudy
2025-07-28 23:00:00,24.5,76.0,0.0,0.0,100,23.0,210,3,23,0,cloudy
2025-07-29 00:00:00,24.5,75.0,0.0,0.0,97,22.0,210,3,0,1,cloudy
2025-07-29 01:00:00,24.4,76.0,0.0,0.0,99,21.5,210,3,1,1,cloudy
2025-07-29 02:00:00,24.4,75.0,0.0,0.0,81,24.2,213,3,2,1,cloudy
2025-07-29 03:00:00,24.4,75.0,0.0,0.0,69,23.4,209,2,3,1,normal
2025-07-29 04:00:00,23.8,78.0,0.1,0.1,51,20.5,214,51,4,1,rain
2025-07-29 05:00:00,24.0,79.0,0.0,0.0,65,20.5,214,2,5,1,normal
2025-07-29 06:00:00,24.1,77.0,0.0,0.0,61,21.2,215,2,6,1,normal
2025-07-29 07:00:00,24.7,75.0,0.0,0.0,85,21.6,217,3,7,1,cloudy
2025-07-29 08:00:00,25.5,71.0,0.0,0.0,31,25.9,213,1,8,1,normal
2025-07-29 09:00:00,25.8,71.0,0.1,0.1,33,27.6,215,51,9,1,rain
2025-07-29 10:00:00,26.4,69.0,0.1,0.1,37,26.8,211,51,10,1,rain
2025-07-29 11:00:00,26.5,68.0,0.2,0.2,40,28.0,209,51,11,1,rain
2025-07-29 12:00:00,26.6,69.0,0.3,0.3,24,28.3,206,51,12,1,rain
2025-07-29 13:00:00,27.0,67.0,0.1,0.1,39,29.5,204,51,13,1,rain
2025-07-29 14:00:00,26.9,67.0,0.1,0.1,34,29.6,203,51,14,1,rain
2025-07-29 15:00:00,26.4,69.0,0.1,0.1,37,29.8,202,51,15,1,rain
2025-07-29 16:00:00,26.1,69.0,0.1,0.1,99,29.4,202,51,16,1,rain
2025-07-29 17:00:00,25.3,73.0,0.1,0.1,99,27.8,203,51,17,1,rain
2025-07-29 18:00:00,24.5,79.0,0.1,0.1,98,25.2,205,51,18,1,rain
2025-07-29 19:00:00,24.0,81.0,0.1,0.1,96,24.4,210,51,19,1,rain
2025-07-29 20:00:00,24.0,85.0,0.1,0.1,96,22.0,210,51,20,1,rain
2025-07-29 21:00:00,24.2,83.0,0.0,0.0,94,21.2,210,3,21,1,cloudy
2025-07-29 22:00:00,24.2,81.0,0.0,0.0,92,21.4,214,3,22,1,cloudy
2025-07-29 23:00:00,24.3,78.0,0.0,0.0,68,22.3,212,2,23,1,normal
2025-07-30 00:00:00,24.2,77.0,0.0,0.0,42,22.6,213,1,0,2,normal
2025-07-30 01:00:00,24.1,78.0,0.0,0.0,21,21.7,217,1,1,2,normal
2025-07-30 02:00:00,24.0,79.0,0.0,0.0,15,21.1,217,0,2,2,normal
2025-07-30 03:00:00,24.0,77.0,0.0,0.0,13,21.5,220,0,3,2,normal
2025-07-30 04:00:00,24.1,76.0,0.0,0.0,19,20.1,222,0,4,2,normal
2025-07-30 05:00:00,24.1,76.0,0.0,0.0,61,20.0,222,2,5,2,normal
2025-07-30 06:00:00,24.1,77.0,0.0,0.0,88,19.5,225,3,6,2,cloudy
2025-07-30 07:00:00,24.6,76.0,0.0,0.0,32,19.1,227,1,7,2,normal
2025-07-30 08:00:00,25.8,70.0,0.0,0.0,18,22.8,227,0,8,2,normal
2025-07-30 09:00:00,26.8,65.0,0.0,0.0,49,26.1,225,1,9,2,normal
2025-07-30 10:00:00,27.4,63.0,0.0,0.0,50,27.0,225,2,10,2,normal
2025-07-30 11:00:00,28.0,61.0,0.0,0.0,21,27.7,222,1,11,2,normal
2025-07-30 12:00:00,27.8,62.0,0.0,0.0,8,27.9,218,0,12,2,normal
2025-07-30 13:00:00,27.7,63.0,0.0,0.0,13,29.1,216,0,13,2,normal
2025-07-30 14:00:00,27.4,63.0,0.2,0.2,29,29.2,212,51,14,2,rain
2025-07-30 15:00:00,26.3,71.0,0.0,0.0,37,28.6,209,1,15,2,normal
2025-07-30 16:00:00,26.0,73.0,0.0,0.0,52,29.0,208,2,16,2,normal
2025-07-30 17:00:00,25.0,79.0,0.0,0.0,58,28.0,208,2,17,2,normal
2025-07-30 18:00:00,24.3,83.0,0.0,0.0,88,26.0,208,3,18,2,cloudy
2025-07-30 19:00:00,24.1,82.0,0.0,0.0,40,22.0,209,1,19,2,normal
2025-07-30 20:00:00,23.8,83.0,0.2,0.2,76,21.1,211,51,20,2,rain
2025-07-30 21:00:00,23.5,86.0,0.3,0.3,67,21.3,207,51,21,2,rain
2025-07-30 22:00:00,23.6,86.0,0.1,0.1,35,20.8,212,51,22,2,rain
2025-07-30 23:00:00,23.9,83.0,0.0,0.0,30,21.3,209,1,23,2,normal
2025-07-31 00:00:00,23.9,83.0,0.0,0.0,82,21.0,210,3,0,3,cloudy
2025-07-31 01:00:00,23.9,83.0,0.0,0.0,97,20.9,212,3,1,3,cloudy
2025-07-31 02:00:00,23.7,84.0,0.1,0.1,99,20.3,213,51,2,3,rain
2025-07-31 03:00:00,23.4,86.0,0.0,0.0,98,18.6,216,3,3,3,cloudy
2025-07-31 04:00:00,23.4,85.0,0.1,0.1,60,19.9,217,51,4,3,rain
2025-07-31 05:00:00,23.1,86.0,0.1,0.1,33,19.4,218,51,5,3,rain
2025-07-31 06:00:00,23.3,85.0,0.0,0.0,14,17.9,217,0,6,3,normal
2025-07-31 07:00:00,24.3,77.0,0.0,0.0,12,19.3,213,0,7,3,normal
2025-07-31 08:00:00,25.5,69.0,0.0,0.0,9,23.9,214,0,8,3,normal
2025-07-31 09:00:00,26.4,66.0,0.0,0.0,6,24.6,213,0,9,3,normal
2025-07-31 10:00:00,27.0,64.0,0.0,0.0,1,25.2,215,0,10,3,normal
2025-07-31 11:00:00,27.5,61.0,0.0,0.0,11,26.0,215,0,11,3,normal
2025-07-31 12:00:00,27.7,61.0,0.0,0.0,5,26.4,212,0,12,3,normal
2025-07-31 13:00:00,27.5,61.0,0.0,0.0,8,26.9,213,0,13,3,normal
2025-07-31 14:00:00,27.0,65.0,0.0,0.0,14,28.5,211,0,14,3,normal
2025-07-31 15:00:00,26.8,65.0,0.0,0.0,12,29.2,210,0,15,3,normal
2025-07-31 16:00:00,26.3,68.0,0.0,0.0,21,28.9,208,1,16,3,normal
2025-07-31 17:00:00,25.3,74.0,0.0,0.0,22,28.1,209,1,17,3,normal
2025-07-31 18:00:00,24.4,79.0,0.0,0.0,43,25.6,210,1,18,3,normal
2025-07-31 19:00:00,24.0,81.0,0.0,0.0,29,22.5,211,1,19,3,normal
2025-07-31 20:00:00,23.8,82.0,0.0,0.0,25,22.6,210,1,20,3,normal
2025-07-31 21:00:00,24.2,80.0,0.0,0.0,100,23.3,204,3,21,3,cloudy
2025-07-31 22:00:00,24.2,80.0,0.0,0.0,94,22.6,204,3,22,3,cloudy
2025-07-31 23:00:00,24.2,79.0,0.0,0.0,98,22.6,202,3,23,3,cloudy
2025-08-01 00:00:00,24.1,79.0,0.0,0.0,99,22.1,207,3,0,4,cloudy
2025-08-01 01:00:00,24.0,77.0,0.0,0.0,97,21.4,212,3,1,4,cloudy
2025-08-01 02:00:00,23.9,77.0,0.0,0.0,98,20.8,214,3,2,4,cloudy
2025-08-01 03:00:00,23.7,79.0,0.0,0.0,55,21.2,216,2,3,4,normal
2025-08-01 04:00:00,24.0,77.0,0.0,0.0,98,20.8,208,3,4,4,cloudy
2025-08-01 05:00:00,24.0,76.0,0.0,0.0,96,20.8,212,3,5,4,cloudy
2025-08-01 06:00:00,24.0,76.0,0.0,0.0,58,20.5,212,2,6,4,normal
2025-08-01 07:00:00,24.7,74.0,0.0,0.0,21,22.6,211,1,7,4,normal
2025-08-01 08:00:00,25.6,69.0,0.0,0.0,41,27.3,211,1,8,4,normal
2025-08-01 09:00:00,26.4,66.0,0.0,0.0,60,27.1,211,2,9,4,normal
2025-08-01 10:00:00,26.9,64.0,0.0,0.0,48,27.3,211,1,10,4,normal
2025-08-01 11:00:00,27.1,64.0,0.0,0.0,87,27.8,208,3,11,4,cloudy
2025-08-01 12:00:00,27.3,63.0,0.0,0.0,99,28.0,206,3,12,4,cloudy
2025-08-01 13:00:00,27.3,63.0,0.1,0.1,95,28.5,205,51,13,4,rain
2025-08-01 14:00:00,27.2,63.0,0.0,0.0,88,28.8,206,3,14,4,cloudy
2025-08-01 15:00:00,26.8,65.0,0.1,0.1,98,29.6,206,51,15,4,rain
2025-08-01 16:00:00,26.4,66.0,0.0,0.0,99,27.2,204,3,16,4,cloudy
2025-08-01 17:00:00,25.7,69.0,0.0,0.0,96,25.8,206,3,17,4,cloudy
2025-08-01 18:00:00,24.9,75.0,0.0,0.0,100,23.4,205,3,18,4,cloudy
2025-08-01 19:00:00,24.5,77.0,0.0,0.0,99,23.0,204,3,19,4,cloudy
2025-08-01 20:00:00,24.3,79.0,0.0,0.0,100,22.3,205,3,20,4,cloudy
2025-08-01 21:00:00,24.2,81.0,0.0,0.0,100,22.4,205,3,21,4,cloudy
2025-08-01 22:00:00,24.1,80.0,0.0,0.0,100,22.8,204,3,22,4,cloudy
2025-08-01 23:00:00,24.3,78.0,0.0,0.0,100,21.1,203,3,23,4,cloudy
2025-08-02 00:00:00,23.9,80.0,0.1,0.1,100,19.7,205,51,0,5,rain
2025-08-02 01:00:00,23.3,84.0,0.1,0.1,99,19.4,210,51,1,5,rain
2025-08-02 02:00:00,22.7,87.0,0.1,0.1,100,18.0,218,51,2,5,rain
2025-08-02 03:00:00,22.5,90.0,0.4,0.4,100,17.6,217,51,3,5,rain
2025-08-02 04:00:00,22.8,87.0,0.1,0.1,100,18.0,221,51,4,5,rain
2025-08-02 05:00:00,22.8,88.0,0.2,0.2,100,18.6,218,51,5,5,rain
2025-08-02 06:00:00,23.1,85.0,0.1,0.1,100,18.5,221,51,6,5,rain
2025-08-02 07:00:00,23.7,83.0,0.2,0.2,100,20.9,218,51,7,5,rain
2025-08-02 08:00:00,24.7,77.0,0.1,0.1,100,23.9,215,51,8,5,rain
2025-08-02 09:00:00,25.9,72.0,0.5,0.5,100,24.6,211,53,9,5,rain
2025-08-02 10:00:00,26.6,67.0,0.1,0.1,100,25.6,206,51,10,5,rain
2025-08-02 11:00:00,27.2,64.0,0.2,0.2,28,27.5,204,51,11,5,rain
2025-08-02 12:00:00,27.3,64.0,0.1,0.1,15,27.5,203,51,12,5,rain
2025-08-02 13:00:00,27.6,63.0,0.0,0.0,95,28.1,203,3,13,5,cloudy
2025-08-02 14:00:00,27.2,65.0,0.0,0.0,100,29.5,202,3,14,5,cloudy
2025-08-02 15:00:00,26.6,67.0,0.4,0.4,99,31.1,203,51,15,5,rain
2025-08-02 16:00:00,26.1,69.0,0.0,0.0,27,29.6,201,1,16,5,normal
2025-08-02 17:00:00,25.5,72.0,0.0,0.0,18,29.5,203,0,17,5,normal
2025-08-02 18:00:00,24.9,76.0,0.0,0.0,19,26.8,202,0,18,5,normal
2025-08-02 19:00:00,24.6,77.0,0.0,0.0,30,25.7,204,1,19,5,normal
2025-08-02 20:00:00,24.5,76.0,0.0,0.0,100,24.7,203,3,20,5,cloudy
2025-08-02 21:00:00,24.5,76.0,0.0,0.0,100,23.2,202,3,21,5,cloudy
2025-08-02 22:00:00,24.3,76.0,0.0,0.0,100,22.3,202,3,22,5,cloudy
2025-08-02 23:00:00,24.1,78.0,0.0,0.0,36,22.4,201,1,23,5,normal
2025-08-03 00:00:00,24.2,77.0,0.0,0.0,24,21.8,201,1,0,6,normal
2025-08-03 01:00:00,24.0,78.0,0.0,0.0,43,21.5,200,1,1,6,normal
2025-08-03 02:00:00,24.0,78.0,0.0,0.0,100,21.4,202,3,2,6,cloudy
2025-08-03 03:00:00,24.0,78.0,0.0,0.0,100,21.4,206,3,3,6,cloudy
2025-08-03 04:00:00,24.1,77.0,0.0,0.0,100,22.8,200,3,4,6,cloudy
2025-08-03 05:00:00,24.0,77.0,0.0,0.0,97,22.0,202,3,5,6,cloudy
2025-08-03 06:00:00,24.0,77.0,0.0,0.0,98,22.5,204,3,6,6,cloudy
2025-08-03 07:00:00,24.5,75.0,0.0,0.0,92,23.4,206,3,7,6,cloudy
2025-08-03 08:00:00,25.4,70.0,0.0,0.0,30,25.6,208,1,8,6,normal
2025-08-03 09:00:00,26.1,67.0,0.0,0.0,15,26.1,208,0,9,6,normal
2025-08-03 10:00:00,26.5,65.0,0.1,0.1,65,27.6,208,51,10,6,rain
2025-08-03 11:00:00,27.0,63.0,0.1,0.1,98,28.3,208,51,11,6,rain
2025-08-03 12:00:00,27.4,59.0,0.1,0.1,46,28.3,209,51,12,6,rain
2025-08-03 13:00:00,27.5,58.0,0.0,0.0,73,28.0,209,2,13,6,normal
2025-08-03 14:00:00,27.3,58.0,0.0,0.0,97,28.9,212,3,14,6,cloudy
2025-08-03 15:00:00,26.9,61.0,0.0,0.0,98,28.6,214,3,15,6,cloudy
2025-08-03 16:00:00,26.4,66.0,0.1,0.1,98,26.5,210,51,16,6,rain
2025-08-03 17:00:00,25.6,71.0,0.0,0.0,100,24.4,211,3,17,6,cloudy
2025-08-03 18:00:00,24.9,75.0,0.0,0.0,100,21.6,212,3,18,6,cloudy
2025-08-03 19:00:00,24.4,78.0,0.0,0.0,100,19.1,212,3,19,6,cloudy
2025-08-03 20:00:00,24.2,79.0,0.0,0.0,91,20.8,210,3,20,6,cloudy
2025-08-03 21:00:00,24.3,78.0,0.0,0.0,80,22.3,209,3,21,6,cloudy
2025-08-03 22:00:00,24.1,79.0,0.0,0.0,99,23.7,209,3,22,6,cloudy
2025-08-03 23:00:00,24.5,73.0,0.0,0.0,100,24.0,207,3,23,6,cloudy
2025-08-04 00:00:00,24.4,74.0,0.0,0.0,100,23.8,206,3,0,0,cloudy
2025-08-04 01:00:00,24.3,71.0,0.0,0.0,100,24.2,208,3,1,0,cloudy
2025-08-04 02:00:00,24.8,68.0,0.0,0.0,100,25.6,207,3,2,0,cloudy
2025-08-04 03:00:00,23.9,76.0,0.0,0.0,100,22.2,209,3,3,0,cloudy
2025-08-04 04:00:00,24.5,69.0,0.0,0.0,100,24.8,203,3,4,0,cloudy
2025-08-04 05:00:00,24.0,74.0,0.1,0.1,100,25.1,204,51,5,0,rain
2025-08-04 06:00:00,23.4,80.0,0.7,0.7,100,23.2,204,53,6,0,rain
2025-08-04 07:00:00,24.1,76.0,0.0,0.0,100,22.5,202,3,7,0,cloudy
2025-08-04 08:00:00,24.9,72.0,0.1,0.1,100,24.9,200,51,8,0,rain
2025-08-04 09:00:00,25.6,67.0,0.0,0.0,92,26.7,201,3,9,0,cloudy
2025-08-04 10:00:00,25.9,68.0,0.0,0.0,97,28.4,201,3,10,0,cloudy
2025-08-04 11:00:00,27.0,63.0,0.0,0.0,92,29.6,200,3,11,0,cloudy
2025-08-04 12:00:00,27.4,61.0,0.0,0.0,64,30.8,206,2,12,0,normal
2025-08-04 13:00:00,27.3,61.0,0.2,0.2,100,30.8,206,51,13,0,rain
2025-08-04 14:00:00,27.0,62.0,0.2,0.2,99,31.8,207,51,14,0,rain
2025-08-04 15:00:00,26.7,63.0,0.2,0.2,73,30.9,207,51,15,0,rain
2025-08-04 16:00:00,26.2,66.0,0.2,0.2,99,29.7,209,51,16,0,rain
2025-08-04 17:00:00,25.5,69.0,0.1,0.1,99,28.0,211,51,17,0,rain
2025-08-04 18:00:00,24.8,74.0,0.0,0.0,95,25.8,211,3,18,0,cloudy
2025-08-04 19:00:00,24.5,75.0,0.0,0.0,89,24.7,209,3,19,0,cloudy
2025-08-04 20:00:00,24.5,75.0,0.0,0.0,98,25.7,206,3,20,0,cloudy
2025-08-04 21:00:00,24.5,73.0,0.0,0.0,94,24.7,206,3,21,0,cloudy
2025-08-04 22:00:00,24.4,74.0,0.0,0.0,92,24.8,206,3,22,0,cloudy
2025-08-04 23:00:00,24.2,76.0,0.0,0.0,93,24.4,208,3,23,0,cloudy
2025-08-05 00:00:00,24.1,77.0,0.0,0.0,100,24.1,210,3,0,1,cloudy
2025-08-05 01:00:00,24.1,77.0,0.0,0.0,100,24.3,212,3,1,1,cloudy
2025-08-05 02:00:00,24.1,77.0,0.0,0.0,100,23.8,214,3,2,1,cloudy
2025-08-05 03:00:00,24.0,77.0,0.0,0.0,99,25.7,212,3,3,1,cloudy
2025-08-05 04:00:00,23.9,75.0,0.0,0.0,100,23.9,212,3,4,1,cloudy
2025-08-05 05:00:00,23.9,76.0,0.0,0.0,100,24.4,210,3,5,1,cloudy
2025-08-05 06:00:00,24.2,76.0,0.0,0.0,100,24.1,209,3,6,1,cloudy
2025-08-05 07:00:00,24.4,76.0,0.0,0.0,98,24.3,208,3,7,1,cloudy
2025-08-05 08:00:00,25.0,73.0,0.0,0.0,100,26.9,205,3,8,1,cloudy
2025-08-05 09:00:00,25.5,73.0,0.0,0.0,100,26.6,206,3,9,1,cloudy
2025-08-05 10:00:00,26.2,70.0,0.0,0.0,100,27.8,207,3,10,1,cloudy
2025-08-05 11:00:00,26.5,65.0,0.1,0.1,100,28.5,208,51,11,1,rain
2025-08-05 12:00:00,26.3,70.0,0.3,0.3,100,29.0,211,51,12,1,rain
2025-08-05 13:00:00,26.1,70.0,0.1,0.1,99,29.6,212,51,13,1,rain
2025-08-05 14:00:00,26.0,70.0,0.1,0.1,100,30.2,211,51,14,1,rain
2025-08-05 15:00:00,25.5,71.0,0.1,0.1,99,29.9,210,51,15,1,rain
2025-08-05 16:00:00,25.3,76.0,0.0,0.0,100,29.1,208,3,16,1,cloudy
2025-08-05 17:00:00,25.1,75.0,0.0,0.0,100,29.6,208,3,17,1,cloudy
2025-08-05 18:00:00,24.5,79.0,0.0,0.0,100,25.6,208,3,18,1,cloudy
2025-08-05 19:00:00,23.9,82.0,0.1,0.1,100,24.4,209,51,19,1,rain
2025-08-05 20:00:00,23.9,85.0,0.1,0.1,100,25.7,204,51,20,1,rain
2025-08-05 21:00:00,24.2,83.0,0.1,0.1,100,24.2,205,51,21,1,rain
2025-08-05 22:00:00,24.4,81.0,0.0,0.0,98,21.8,206,3,22,1,cloudy
2025-08-05 23:00:00,24.4,80.0,0.0,0.0,100,21.0,207,3,23,1,cloudy
2025-08-06 00:00:00,24.0,82.0,0.1,0.1,100,19.8,211,51,0,2,rain
2025-08-06 01:00:00,23.6,83.0,0.2,0.2,100,18.4,211,51,1,2,rain
2025-08-06 02:00:00,23.0,88.0,0.2,0.2,99,17.9,209,51,2,2,rain
2025-08-06 03:00:00,22.5,90.0,0.2,0.2,100,17.6,213,51,3,2,rain
2025-08-06 04:00:00,23.4,83.0,0.0,0.0,100,17.2,210,3,4,2,cloudy
2025-08-06 05:00:00,23.2,85.0,0.1,0.1,100,18.0,205,51,5,2,rain
2025-08-06 06:00:00,23.2,86.0,0.2,0.2,99,17.2,207,51,6,2,rain
2025-08-06 07:00:00,23.6,84.0,0.3,0.3,82,18.4,211,51,7,2,rain
2025-08-06 08:00:00,24.4,80.0,0.2,0.2,83,19.9,206,51,8,2,rain
2025-08-06 09:00:00,25.3,75.0,0.2,0.2,100,22.7,203,51,9,2,rain
2025-08-06 10:00:00,26.0,71.0,0.0,0.0,69,23.6,199,2,10,2,normal
2025-08-06 11:00:00,26.7,67.0,0.1,0.1,65,25.8,197,51,11,2,rain
2025-08-06 12:00:00,27.0,64.0,0.5,0.5,81,26.6,199,53,12,2,rain
2025-08-06 13:00:00,26.7,68.0,0.4,0.4,60,26.5,201,51,13,2,rain
2025-08-06 14:00:00,26.3,68.0,0.4,0.4,61,27.5,200,51,14,2,rain
2025-08-06 15:00:00,26.2,69.0,0.3,0.3,97,27.6,199,51,15,2,rain
2025-08-06 16:00:00,25.9,71.0,0.1,0.1,99,25.5,200,51,16,2,rain
2025-08-06 17:00:00,25.4,74.0,0.0,0.0,99,23.9,202,3,17,2,cloudy
2025-08-06 18:00:00,24.7,77.0,0.0,0.0,98,22.1,202,3,18,2,cloudy
2025-08-06 19:00:00,24.3,80.0,0.0,0.0,28,21.7,199,1,19,2,normal
2025-08-06 20:00:00,24.2,82.0,0.0,0.0,35,20.5,200,1,20,2,normal
2025-08-06 21:00:00,24.2,82.0,0.0,0.0,96,19.8,201,3,21,2,cloudy
2025-08-06 22:00:00,24.1,82.0,0.0,0.0,100,18.6,200,3,22,2,cloudy
2025-08-06 23:00:00,24.0,82.0,0.0,0.0,99,18.9,201,3,23,2,cloudy
2025-08-07 00:00:00,23.9,83.0,0.0,0.0,98,19.3,201,3,0,3,cloudy
2025-08-07 01:00:00,23.9,83.0,0.0,0.0,48,20.5,201,1,1,3,normal
2025-08-07 02:00:00,23.6,86.0,0.1,0.1,73,19.4,206,51,2,3,rain
2025-08-07 03:00:00,23.4,86.0,0.0,0.0,67,19.8,210,2,3,3,normal
2025-08-07 04:00:00,23.6,84.0,0.0,0.0,20,19.0,205,1,4,3,normal
2025-08-07 05:00:00,23.5,84.0,0.0,0.0,24,18.8,208,1,5,3,normal
2025-08-07 06:00:00,23.7,81.0,0.0,0.0,41,19.6,210,1,6,3,normal
2025-08-07 07:00:00,24.2,81.0,0.1,0.1,45,21.0,211,51,7,3,rain
2025-08-07 08:00:00,25.2,75.0,0.1,0.1,37,24.9,210,51,8,3,rain
2025-08-07 09:00:00,25.6,75.0,0.6,0.6,18,26.4,209,53,9,3,rain
2025-08-07 10:00:00,26.0,72.0,0.7,0.7,68,26.6,209,53,10,3,rain
2025-08-07 11:00:00,26.6,71.0,0.3,0.3,40,25.8,207,51,11,3,rain
2025-08-07 12:00:00,27.2,69.0,0.0,0.0,28,26.5,204,1,12,3,normal
2025-08-07 13:00:00,27.2,68.0,0.1,0.1,28,27.3,205,51,13,3,rain
2025-08-07 14:00:00,27.1,69.0,0.2,0.2,22,26.5,203,51,14,3,rain
2025-08-07 15:00:00,26.8,71.0,0.0,0.0,19,25.2,202,0,15,3,normal
2025-08-07 16:00:00,26.2,71.0,0.1,0.1,18,24.5,205,51,16,3,rain
2025-08-07 17:00:00,25.6,73.0,0.0,0.0,25,24.8,206,1,17,3,normal
2025-08-07 18:00:00,24.7,78.0,0.0,0.0,14,22.0,208,0,18,3,normal
2025-08-07 19:00:00,24.3,80.0,0.0,0.0,90,20.4,206,3,19,3,cloudy
2025-08-07 20:00:00,24.4,80.0,0.0,0.0,60,20.4,202,2,20,3,normal
2025-08-07 21:00:00,24.2,82.0,0.0,0.0,74,20.2,202,2,21,3,normal
2025-08-07 22:00:00,24.1,83.0,0.0,0.0,45,19.8,200,1,22,3,normal
2025-08-07 23:00:00,24.1,83.0,0.0,0.0,45,19.2,202,1,23,3,normal
2025-08-08 00:00:00,23.9,84.0,0.0,0.0,40,19.2,203,1,0,4,normal
2025-08-08 01:00:00,23.8,84.0,0.0,0.0,25,19.3,204,1,1,4,normal
2025-08-08 02:00:00,23.7,85.0,0.0,0.0,69,19.2,207,2,2,4,normal
2025-08-08 03:00:00,23.5,86.0,0.0,0.0,63,19.3,210,2,3,4,normal
2025-08-08 04:00:00,23.5,84.0,0.0,0.0,100,18.3,208,3,4,4,cloudy
2025-08-08 05:00:00,23.5,84.0,0.0,0.0,44,18.6,213,1,5,4,normal
2025-08-08 06:00:00,23.4,85.0,0.0,0.0,99,17.0,216,3,6,4,cloudy
2025-08-08 07:00:00,24.1,81.0,0.0,0.0,64,19.2,216,2,7,4,normal
2025-08-08 08:00:00,25.3,73.0,0.0,0.0,69,23.2,213,2,8,4,normal
2025-08-08 09:00:00,26.2,68.0,0.1,0.1,99,23.7,213,51,9,4,rain
2025-08-08 10:00:00,27.0,65.0,0.1,0.1,92,24.0,211,51,10,4,rain
2025-08-08 11:00:00,27.3,65.0,0.1,0.1,100,24.9,211,51,11,4,rain
2025-08-08 12:00:00,27.3,66.0,0.1,0.1,100,25.5,210,51,12,4,rain
2025-08-08 13:00:00,27.6,65.0,0.2,0.2,99,25.8,207,51,13,4,rain
2025-08-08 14:00:00,27.3,67.0,0.1,0.1,99,25.8,208,51,14,4,rain
2025-08-08 15:00:00,26.7,69.0,0.1,0.1,93,25.4,207,51,15,4,rain
2025-08-08 16:00:00,26.6,71.0,0.1,0.1,99,25.3,205,51,16,4,rain
2025-08-08 17:00:00,25.6,77.0,0.1,0.1,100,24.7,207,51,17,4,rain
2025-08-08 18:00:00,24.7,83.0,0.0,0.0,100,22.5,208,3,18,4,cloudy
2025-08-08 19:00:00,24.1,87.0,0.0,0.0,100,20.0,207,3,19,4,cloudy
2025-08-08 20:00:00,23.9,88.0,0.1,0.1,99,20.2,206,51,20,4,rain
2025-08-08 21:00:00,23.9,89.0,0.1,0.1,98,20.0,206,51,21,4,rain
2025-08-08 22:00:00,23.6,90.0,0.0,0.0,99,19.7,208,3,22,4,cloudy
2025-08-08 23:00:00,23.6,90.0,0.1,0.1,100,19.9,207,51,23,4,rain
2025-08-09 00:00:00,23.4,91.0,0.1,0.1,100,19.2,207,51,0,5,rain
2025-08-09 01:00:00,23.2,90.0,0.1,0.1,100,18.3,211,51,1,5,rain
2025-08-09 02:00:00,23.0,91.0,0.2,0.2,100,17.6,214,51,2,5,rain
2025-08-09 03:00:00,23.1,90.0,0.2,0.2,100,17.7,219,51,3,5,rain
2025-08-09 04:00:00,22.8,92.0,0.2,0.2,100,16.6,222,51,4,5,rain
2025-08-09 05:00:00,22.9,92.0,0.6,0.6,100,15.0,227,53,5,5,rain
2025-08-09 06:00:00,22.6,94.0,0.2,0.2,100,16.4,225,51,6,5,rain
2025-08-09 07:00:00,23.1,91.0,0.1,0.1,100,15.8,226,51,7,5,rain
2025-08-09 08:00:00,23.8,87.0,0.1,0.1,100,15.1,220,51,8,5,rain
2025-08-09 09:00:00,24.9,81.0,0.1,0.1,100,17.7,213,51,9,5,rain
2025-08-09 10:00:00,26.0,76.0,0.1,0.1,61,18.6,207,51,10,5,rain
2025-08-09 11:00:00,26.6,73.0,0.1,0.1,93,21.8,206,51,11,5,rain
2025-08-09 12:00:00,27.1,71.0,0.2,0.2,91,21.8,203,51,12,5,rain
2025-08-09 13:00:00,26.7,73.0,0.6,0.6,99,24.0,205,53,13,5,rain
2025-08-09 14:00:00,26.6,73.0,0.2,0.2,100,24.1,203,51,14,5,rain
2025-08-09 15:00:00,26.2,74.0,0.1,0.1,99,24.8,203,51,15,5,rain
2025-08-09 16:00:00,25.6,78.0,0.1,0.1,100,23.7,200,51,16,5,rain
2025-08-09 17:00:00,25.0,80.0,0.1,0.1,100,23.9,201,51,17,5,rain
2025-08-09 18:00:00,24.4,84.0,0.0,0.0,100,21.9,201,3,18,5,cloudy
2025-08-09 19:00:00,23.9,88.0,0.0,0.0,99,20.3,198,3,19,5,cloudy
2025-08-09 20:00:00,23.9,87.0,0.0,0.0,98,20.2,197,3,20,5,cloudy
2025-08-09 21:00:00,23.8,88.0,0.0,0.0,100,20.3,198,3,21,5,cloudy
2025-08-09 22:00:00,23.8,88.0,0.0,0.0,99,19.6,199,3,22,5,cloudy
2025-08-09 23:00:00,23.4,90.0,0.1,0.1,100,20.7,200,51,23,5,rain
2025-08-10 00:00:00,23.3,91.0,0.3,0.3,100,19.9,201,51,0,6,rain
2025-08-10 01:00:00,23.1,93.0,0.4,0.4,99,20.0,203,51,1,6,rain
2025-08-10 02:00:00,22.9,93.0,0.1,0.1,100,17.7,207,51,2,6,rain
2025-08-10 03:00:00,22.5,91.0,0.2,0.2,85,16.0,215,51,3,6,rain
2025-08-10 04:00:00,22.8,90.0,0.2,0.2,65,16.4,216,51,4,6,rain
2025-08-10 05:00:00,22.6,90.0,0.2,0.2,100,17.7,215,51,5,6,rain
2025-08-10 06:00:00,22.6,90.0,0.2,0.2,100,17.7,219,51,6,6,rain
2025-08-10 07:00:00,23.0,89.0,0.3,0.3,100,16.6,217,51,7,6,rain
2025-08-10 08:00:00,23.7,84.0,0.3,0.3,100,20.9,208,51,8,6,rain
2025-08-10 09:00:00,25.3,76.0,0.1,0.1,100,23.0,201,51,9,6,rain
2025-08-10 10:00:00,25.9,75.0,0.0,0.0,100,22.3,204,3,10,6,cloudy
2025-08-10 11:00:00,26.6,71.0,0.0,0.0,99,24.9,205,3,11,6,cloudy
2025-08-10 12:00:00,26.9,70.0,0.2,0.2,94,25.7,201,51,12,6,rain
2025-08-10 13:00:00,27.1,68.0,0.2,0.2,97,26.6,202,51,13,6,rain
2025-08-10 14:00:00,27.1,69.0,0.1,0.1,76,26.2,202,51,14,6,rain
2025-08-10 15:00:00,26.6,71.0,0.1,0.1,57,26.9,200,51,15,6,rain
2025-08-10 16:00:00,26.1,71.0,0.0,0.0,35,28.0,199,1,16,6,normal
2025-08-10 17:00:00,25.4,75.0,0.0,0.0,59,27.9,198,2,17,6,normal
2025-08-10 18:00:00,24.6,80.0,0.0,0.0,42,23.7,199,1,18,6,normal
2025-08-10 19:00:00,24.3,81.0,0.0,0.0,89,23.2,196,3,19,6,cloudy
2025-08-10 20:00:00,24.2,82.0,0.0,0.0,99,22.9,195,3,20,6,cloudy
2025-08-10 21:00:00,24.2,82.0,0.0,0.0,92,22.4,194,3,21,6,cloudy
2025-08-10 22:00:00,24.1,83.0,0.0,0.0,99,21.6,195,3,22,6,cloudy
2025-08-10 23:00:00,24.0,82.0,0.1,0.1,100,20.7,195,51,23,6,rain
2025-08-11 00:00:00,23.5,84.0,0.0,0.0,100,19.9,198,3,0,0,cloudy
2025-08-11 01:00:00,23.6,83.0,0.0,0.0,98,19.9,200,3,1,0,cloudy
2025-08-11 02:00:00,23.3,84.0,0.0,0.0,100,19.9,203,3,2,0,cloudy
2025-08-11 03:00:00,23.2,84.0,0.0,0.0,82,19.6,203,3,3,0,cloudy
2025-08-11 04:00:00,23.3,84.0,0.0,0.0,99,18.7,203,3,4,0,cloudy
2025-08-11 05:00:00,23.3,84.0,0.0,0.0,98,18.6,200,3,5,0,cloudy
2025-08-11 06:00:00,23.5,83.0,0.0,0.0,98,18.4,196,3,6,0,cloudy
2025-08-11 07:00:00,24.2,80.0,0.0,0.0,100,18.9,196,3,7,0,cloudy
2025-08-11 08:00:00,25.2,75.0,0.1,0.1,100,23.0,195,51,8,0,rain
2025-08-11 09:00:00,26.0,70.0,0.1,0.1,100,23.7,195,51,9,0,rain
2025-08-11 10:00:00,26.5,68.0,0.1,0.1,100,24.5,190,51,10,0,rain
2025-08-11 11:00:00,26.8,67.0,0.2,0.2,43,24.4,189,51,11,0,rain
2025-08-11 12:00:00,26.9,67.0,0.2,0.2,34,24.5,192,51,12,0,rain
2025-08-11 13:00:00,27.2,65.0,0.1,0.1,25,24.7,193,51,13,0,rain
2025-08-11 14:00:00,27.3,64.0,0.1,0.1,47,25.1,193,51,14,0,rain
2025-08-11 15:00:00,26.6,67.0,0.1,0.1,96,26.1,193,51,15,0,rain
2025-08-11 16:00:00,26.1,67.0,0.0,0.0,59,25.0,193,2,16,0,normal
2025-08-11 17:00:00,25.4,70.0,0.0,0.0,58,25.0,194,2,17,0,normal
2025-08-11 18:00:00,24.7,76.0,0.0,0.0,100,21.7,196,3,18,0,cloudy
2025-08-11 19:00:00,24.2,80.0,0.0,0.0,100,20.9,195,3,19,0,cloudy
2025-08-11 20:00:00,24.1,80.0,0.0,0.0,99,20.4,196,3,20,0,cloudy
2025-08-11 21:00:00,24.0,81.0,0.0,0.0,100,19.5,196,3,21,0,cloudy
2025-08-11 22:00:00,24.0,81.0,0.0,0.0,100,19.7,196,3,22,0,cloudy
2025-08-11 23:00:00,24.0,81.0,0.0,0.0,92,19.1,198,3,23,0,cloudy
2025-08-12 00:00:00,23.9,82.0,0.0,0.0,52,18.2,197,2,0,1,normal
2025-08-12 01:00:00,23.6,84.0,0.0,0.0,96,17.7,201,3,1,1,cloudy
2025-08-12 02:00:00,23.5,85.0,0.1,0.1,88,16.9,203,51,2,1,rain
2025-08-12 03:00:00,23.3,86.0,0.1,0.1,98,15.4,209,51,3,1,rain
2025-08-12 04:00:00,23.3,84.0,0.0,0.0,100,14.9,227,3,4,1,cloudy
2025-08-12 05:00:00,23.1,86.0,0.0,0.0,48,14.3,233,1,5,1,normal
2025-08-12 06:00:00,22.8,87.0,0.0,0.0,27,14.3,229,1,6,1,normal
2025-08-12 07:00:00,23.8,83.0,0.0,0.0,43,15.9,226,1,7,1,normal
2025-08-12 08:00:00,25.3,74.0,0.1,0.1,90,20.1,222,51,8,1,rain
2025-08-12 09:00:00,26.1,69.0,0.0,0.0,73,20.1,218,2,9,1,normal
2025-08-12 10:00:00,27.1,64.0,0.0,0.0,19,20.6,213,0,10,1,normal
2025-08-12 11:00:00,27.7,62.0,0.0,0.0,19,21.1,211,0,11,1,normal
2025-08-12 12:00:00,28.0,60.0,0.0,0.0,13,21.2,212,0,12,1,normal
2025-08-12 13:00:00,27.8,61.0,0.0,0.0,1,21.8,211,0,13,1,normal
2025-08-12 14:00:00,27.6,63.0,0.0,0.0,0,22.1,210,0,14,1,normal
2025-08-12 15:00:00,27.1,65.0,0.0,0.0,0,21.5,210,0,15,1,normal
2025-08-12 16:00:00,26.5,68.0,0.0,0.0,0,21.0,206,0,16,1,normal
2025-08-12 17:00:00,25.5,74.0,0.0,0.0,12,19.4,205,0,17,1,normal
2025-08-12 18:00:00,24.5,80.0,0.0,0.0,62,16.7,207,2,18,1,normal
2025-08-12 19:00:00,23.9,84.0,0.0,0.0,9,16.3,208,0,19,1,normal
2025-08-12 20:00:00,23.8,84.0,0.0,0.0,22,17.3,209,1,20,1,normal
2025-08-12 21:00:00,23.8,84.0,0.0,0.0,10,18.3,212,0,21,1,normal
2025-08-12 22:00:00,23.7,84.0,0.0,0.0,29,19.0,215,1,22,1,normal
2025-08-12 23:00:00,23.8,83.0,0.0,0.0,49,19.0,215,1,23,1,normal
2025-08-13 00:00:00,23.9,81.0,0.0,0.0,52,18.7,215,2,0,2,normal
2025-08-13 01:00:00,23.9,81.0,0.0,0.0,84,18.9,217,3,1,2,cloudy
2025-08-13 02:00:00,24.0,81.0,0.0,0.0,73,18.7,218,2,2,2,normal
2025-08-13 03:00:00,23.9,83.0,0.0,0.0,42,18.0,221,1,3,2,normal
2025-08-13 04:00:00,24.0,79.0,0.0,0.0,30,18.1,212,1,4,2,normal
2025-08-13 05:00:00,23.9,81.0,0.0,0.0,34,18.4,215,1,5,2,normal
2025-08-13 06:00:00,23.8,84.0,0.0,0.0,16,18.0,220,0,6,2,normal
2025-08-13 07:00:00,24.5,81.0,0.0,0.0,95,18.9,222,3,7,2,cloudy
2025-08-13 08:00:00,25.6,76.0,0.1,0.1,85,21.5,223,51,8,2,rain
2025-08-13 09:00:00,26.6,70.0,0.1,0.1,68,22.1,220,51,9,2,rain
2025-08-13 10:00:00,27.3,67.0,0.1,0.1,35,22.7,218,51,10,2,rain
2025-08-13 11:00:00,27.8,66.0,0.1,0.1,21,23.6,213,51,11,2,rain
2025-08-13 12:00:00,27.6,67.0,0.0,0.0,7,23.7,209,0,12,2,normal
2025-08-13 13:00:00,27.6,68.0,0.0,0.0,5,24.1,208,0,13,2,normal
2025-08-13 14:00:00,27.6,69.0,0.0,0.0,8,24.2,208,0,14,2,normal
2025-08-13 15:00:00,27.3,69.0,0.0,0.0,21,24.6,207,1,15,2,normal
2025-08-13 16:00:00,26.6,72.0,0.0,0.0,98,24.8,205,3,16,2,cloudy
2025-08-13 17:00:00,25.6,78.0,0.0,0.0,100,24.2,208,3,17,2,cloudy
2025-08-13 18:00:00,24.9,82.0,0.0,0.0,100,22.1,209,3,18,2,cloudy
2025-08-13 19:00:00,24.4,85.0,0.0,0.0,99,19.7,208,3,19,2,cloudy
2025-08-13 20:00:00,24.2,85.0,0.0,0.0,97,20.0,209,3,20,2,cloudy
2025-08-13 21:00:00,24.2,86.0,0.0,0.0,100,20.1,208,3,21,2,cloudy
2025-08-13 22:00:00,24.2,86.0,0.0,0.0,99,20.1,207,3,22,2,cloudy
2025-08-13 23:00:00,24.2,87.0,0.0,0.0,100,19.6,207,3,23,2,cloudy
2025-08-14 00:00:00,23.9,88.0,0.0,0.0,99,19.3,209,3,0,3,cloudy
2025-08-14 01:00:00,23.6,90.0,0.0,0.0,99,19.3,213,3,1,3,cloudy
2025-08-14 02:00:00,23.4,92.0,0.0,0.0,100,18.5,217,3,2,3,cloudy
2025-08-14 03:00:00,23.2,93.0,0.0,0.0,98,17.3,219,3,3,3,cloudy
2025-08-14 04:00:00,23.8,89.0,0.0,0.0,98,17.4,214,3,4,3,cloudy
2025-08-14 05:00:00,23.6,90.0,0.0,0.0,98,16.1,217,3,5,3,cloudy
2025-08-14 06:00:00,23.5,91.0,0.1,0.1,96,16.2,223,51,6,3,rain
2025-08-14 07:00:00,24.0,89.0,0.1,0.1,37,17.1,226,51,7,3,rain
2025-08-14 08:00:00,25.5,79.0,0.1,0.1,33,21.4,218,51,8,3,rain
2025-08-14 09:00:00,26.6,72.0,0.0,0.0,24,21.9,212,1,9,3,normal
2025-08-14 10:00:00,27.3,69.0,0.1,0.1,18,22.8,211,51,10,3,rain
2025-08-14 11:00:00,27.7,68.0,0.1,0.1,22,23.4,210,51,11,3,rain
2025-08-14 12:00:00,27.8,68.0,0.1,0.1,21,24.7,208,51,12,3,rain
2025-08-14 13:00:00,27.8,68.0,0.1,0.1,15,25.4,208,51,13,3,rain
2025-08-14 14:00:00,27.5,70.0,0.0,0.0,8,25.0,205,0,14,3,normal
2025-08-14 15:00:00,27.2,71.0,0.0,0.0,27,25.3,203,1,15,3,normal
2025-08-14 16:00:00,26.7,73.0,0.0,0.0,71,24.9,202,2,16,3,normal
2025-08-14 17:00:00,26.0,76.0,0.0,0.0,92,24.8,203,3,17,3,cloudy
2025-08-14 18:00:00,25.2,81.0,0.0,0.0,28,22.9,201,1,18,3,normal
2025-08-14 19:00:00,24.8,85.0,0.0,0.0,62,21.5,200,2,19,3,normal
2025-08-14 20:00:00,24.7,86.0,0.0,0.0,76,21.3,199,2,20,3,cloudy
2025-08-14 21:00:00,24.6,87.0,0.0,0.0,99,21.5,197,3,21,3,cloudy
2025-08-14 22:00:00,24.3,89.0,0.0,0.0,68,20.0,196,2,22,3,normal
2025-08-14 23:00:00,24.1,90.0,0.0,0.0,52,19.1,196,2,23,3,normal
2025-08-15 00:00:00,23.7,90.0,0.1,0.1,99,18.4,201,51,0,4,rain
2025-08-15 01:00:00,23.4,91.0,0.2,0.2,99,17.4,201,51,1,4,rain
2025-08-15 02:00:00,23.0,92.0,0.3,0.3,100,16.7,204,51,2,4,rain
2025-08-15 03:00:00,22.8,93.0,0.3,0.3,100,16.5,202,51,3,4,rain
2025-08-15 04:00:00,23.0,92.0,0.1,0.1,99,18.0,208,51,4,4,rain
2025-08-15 05:00:00,23.1,92.0,0.1,0.1,97,17.7,208,51,5,4,rain
2025-08-15 06:00:00,23.1,93.0,0.1,0.1,95,17.0,207,51,6,4,rain
2025-08-15 07:00:00,23.8,90.0,0.1,0.1,43,17.3,211,51,7,4,rain
2025-08-15 08:00:00,24.7,85.0,0.3,0.3,33,22.1,206,51,8,4,rain
2025-08-15 09:00:00,26.3,74.0,0.2,0.2,71,24.1,202,51,9,4,rain
2025-08-15 10:00:00,27.0,69.0,0.1,0.1,85,23.9,201,51,10,4,rain
2025-08-15 11:00:00,27.2,69.0,0.2,0.2,62,23.7,201,51,11,4,rain
2025-08-15 12:00:00,27.5,68.0,0.2,0.2,62,24.3,200,51,12,4,rain
2025-08-15 13:00:00,27.5,67.0,0.2,0.2,61,24.4,201,51,13,4,rain
2025-08-15 14:00:00,27.3,67.0,0.1,0.1,69,24.5,203,51,14,4,rain
2025-08-15 15:00:00,26.8,69.0,0.1,0.1,56,24.8,202,51,15,4,rain
2025-08-15 16:00:00,26.1,71.0,0.0,0.0,42,23.6,200,1,16,4,normal
2025-08-15 17:00:00,25.3,75.0,0.0,0.0,53,23.7,201,2,17,4,normal
2025-08-15 18:00:00,24.7,79.0,0.0,0.0,41,22.0,201,1,18,4,normal
2025-08-15 19:00:00,24.2,81.0,0.0,0.0,83,21.6,198,3,19,4,cloudy
2025-08-15 20:00:00,24.1,81.0,0.0,0.0,96,21.6,199,3,20,4,cloudy
2025-08-15 21:00:00,24.0,81.0,0.0,0.0,94,21.6,200,3,21,4,cloudy
2025-08-15 22:00:00,24.0,80.0,0.0,0.0,49,21.2,198,1,22,4,normal
2025-08-15 23:00:00,24.0,80.0,0.0,0.0,29,20.4,199,1,23,4,normal
2025-08-16 00:00:00,23.9,80.0,0.0,0.0,34,19.3,198,1,0,5,normal
2025-08-16 01:00:00,23.9,80.0,0.0,0.0,23,18.8,199,1,1,5,normal
2025-08-16 02:00:00,24.0,80.0,0.0,0.0,17,17.8,202,0,2,5,normal
2025-08-16 03:00:00,23.9,80.0,0.0,0.0,38,18.1,204,1,3,5,normal
2025-08-16 04:00:00,23.9,79.0,0.0,0.0,9,18.3,201,0,4,5,normal
2025-08-16 05:00:00,23.8,80.0,0.0,0.0,4,18.0,201,0,5,5,normal
2025-08-16 06:00:00,23.8,80.0,0.0,0.0,36,19.6,203,1,6,5,normal
2025-08-16 07:00:00,24.5,77.0,0.0,0.0,88,21.9,207,3,7,5,cloudy
2025-08-16 08:00:00,25.3,73.0,0.0,0.0,37,25.8,207,1,8,5,normal
2025-08-16 09:00:00,26.1,68.0,0.0,0.0,91,25.9,206,3,9,5,cloudy
2025-08-16 10:00:00,26.9,64.0,0.0,0.0,96,25.6,205,3,10,5,cloudy
2025-08-16 11:00:00,27.0,63.0,0.1,0.1,99,26.2,204,51,11,5,rain
2025-08-16 12:00:00,27.4,61.0,0.0,0.0,84,25.2,203,3,12,5,cloudy
2025-08-16 13:00:00,27.0,63.0,0.1,0.1,84,27.0,202,51,13,5,rain
2025-08-16 14:00:00,26.5,65.0,0.1,0.1,94,27.8,202,51,14,5,rain
2025-08-16 15:00:00,26.5,66.0,0.1,0.1,56,28.5,203,51,15,5,rain
2025-08-16 16:00:00,26.0,66.0,0.1,0.1,61,26.2,206,51,16,5,rain
2025-08-16 17:00:00,25.6,67.0,0.0,0.0,76,25.9,207,2,17,5,cloudy
2025-08-16 18:00:00,25.0,72.0,0.0,0.0,72,22.2,210,2,18,5,normal
2025-08-16 19:00:00,24.3,75.0,0.0,0.0,90,20.6,212,3,19,5,cloudy
2025-08-16 20:00:00,24.3,76.0,0.0,0.0,65,20.6,209,2,20,5,normal
2025-08-16 21:00:00,24.2,76.0,0.0,0.0,74,21.3,204,2,21,5,normal
2025-08-16 22:00:00,24.2,76.0,0.0,0.0,38,20.9,202,1,22,5,normal
2025-08-16 23:00:00,24.2,76.0,0.0,0.0,91,21.2,202,3,23,5,cloudy
2025-08-17 00:00:00,24.3,75.0,0.0,0.0,93,21.0,204,3,0,6,cloudy
2025-08-17 01:00:00,24.3,74.0,0.0,0.0,46,22.9,207,1,1,6,normal
2025-08-17 02:00:00,24.1,75.0,0.0,0.0,47,21.5,210,1,2,6,normal
2025-08-17 03:00:00,24.1,75.0,0.0,0.0,86,21.0,212,3,3,6,cloudy
2025-08-17 04:00:00,24.2,73.0,0.0,0.0,98,21.5,211,3,4,6,cloudy
2025-08-17 05:00:00,24.3,72.0,0.0,0.0,100,21.5,210,3,5,6,cloudy
2025-08-17 06:00:00,24.5,71.0,0.0,0.0,99,22.5,209,3,6,6,cloudy
2025-08-17 07:00:00,25.1,69.0,0.0,0.0,97,22.7,206,3,7,6,cloudy
2025-08-17 08:00:00,26.1,64.0,0.0,0.0,85,25.0,205,3,8,6,cloudy
2025-08-17 09:00:00,26.8,61.0,0.0,0.0,51,25.3,206,2,9,6,normal
2025-08-17 10:00:00,27.4,59.0,0.0,0.0,75,25.4,206,2,10,6,cloudy
2025-08-17 11:00:00,27.7,58.0,0.0,0.0,100,26.2,202,3,11,6,cloudy
2025-08-17 12:00:00,27.6,58.0,0.0,0.0,99,27.7,203,3,12,6,cloudy
2025-08-17 13:00:00,27.6,58.0,0.0,0.0,99,28.8,205,3,13,6,cloudy
2025-08-17 14:00:00,27.3,60.0,0.0,0.0,63,29.9,208,2,14,6,normal
2025-08-17 15:00:00,26.8,62.0,0.0,0.0,51,30.0,208,2,15,6,normal
2025-08-17 16:00:00,26.3,66.0,0.1,0.1,69,28.2,205,51,16,6,rain
2025-08-17 17:00:00,25.4,71.0,0.1,0.1,24,25.7,204,51,17,6,rain
2025-08-17 18:00:00,25.0,73.0,0.0,0.0,13,22.1,205,0,18,6,normal
2025-08-17 19:00:00,24.7,73.0,0.0,0.0,11,21.5,204,0,19,6,normal
2025-08-17 20:00:00,24.6,74.0,0.0,0.0,11,20.8,205,0,20,6,normal
2025-08-17 21:00:00,24.6,73.0,0.0,0.0,21,20.1,210,1,21,6,normal
2025-08-17 22:00:00,24.7,72.0,0.0,0.0,62,22.2,206,2,22,6,normal
2025-08-17 23:00:00,24.5,76.0,0.0,0.0,42,21.9,200,1,23,6,normal
2025-08-18 00:00:00,24.4,76.0,0.0,0.0,27,22.4,200,1,0,0,normal
2025-08-18 01:00:00,24.2,76.0,0.0,0.0,36,23.4,202,1,1,0,normal
2025-08-18 02:00:00,24.3,75.0,0.0,0.0,100,23.2,202,3,2,0,cloudy
2025-08-18 03:00:00,24.1,76.0,0.0,0.0,95,23.3,201,3,3,0,cloudy
2025-08-18 04:00:00,24.3,74.0,0.0,0.0,99,23.2,201,3,4,0,cloudy
2025-08-18 05:00:00,24.3,74.0,0.0,0.0,100,22.0,203,3,5,0,cloudy
2025-08-18 06:00:00,24.3,73.0,0.0,0.0,100,22.1,202,3,6,0,cloudy
2025-08-18 07:00:00,25.1,70.0,0.0,0.0,100,24.8,198,3,7,0,cloudy
2025-08-18 08:00:00,25.7,67.0,0.0,0.0,100,29.3,195,3,8,0,cloudy
2025-08-18 09:00:00,26.4,66.0,0.0,0.0,100,27.9,197,3,9,0,cloudy
2025-08-18 10:00:00,26.5,67.0,0.0,0.0,99,31.3,197,3,10,0,cloudy
2025-08-18 11:00:00,26.9,65.0,0.1,0.1,45,30.2,200,51,11,0,rain
2025-08-18 12:00:00,27.1,63.0,0.1,0.1,75,31.9,204,51,12,0,rain
2025-08-18 13:00:00,27.4,61.0,0.0,0.0,48,31.3,207,1,13,0,normal
2025-08-18 14:00:00,27.3,62.0,0.0,0.0,29,28.0,208,1,14,0,normal
2025-08-18 15:00:00,26.8,65.0,0.0,0.0,32,29.1,206,1,15,0,normal
2025-08-18 16:00:00,26.1,69.0,0.1,0.1,43,29.0,205,51,16,0,rain
2025-08-18 17:00:00,25.6,70.0,0.0,0.0,77,28.3,205,2,17,0,cloudy
2025-08-18 18:00:00,24.8,78.0,0.1,0.1,35,23.6,207,51,18,0,rain
2025-08-18 19:00:00,24.4,79.0,0.0,0.0,34,22.5,208,1,19,0,normal
2025-08-18 20:00:00,24.3,79.0,0.0,0.0,61,21.8,210,2,20,0,normal
2025-08-18 21:00:00,24.2,79.0,0.0,0.0,98,21.9,211,3,21,0,cloudy
2025-08-18 22:00:00,24.3,79.0,0.0,0.0,100,21.9,210,3,22,0,cloudy
2025-08-18 23:00:00,24.2,79.0,0.0,0.0,100,22.3,208,3,23,0,cloudy
2025-08-19 00:00:00,24.1,79.0,0.0,0.0,99,23.1,208,3,0,1,cloudy
2025-08-19 01:00:00,24.1,79.0,0.0,0.0,100,22.5,209,3,1,1,cloudy
2025-08-19 02:00:00,24.4,75.0,0.0,0.0,100,23.0,209,3,2,1,cloudy
2025-08-19 03:00:00,24.4,74.0,0.0,0.0,100,25.2,209,3,3,1,cloudy
2025-08-19 04:00:00,24.5,76.0,0.0,0.0,100,23.8,205,3,4,1,cloudy
2025-08-19 05:00:00,24.4,76.0,0.0,0.0,100,23.8,209,3,5,1,cloudy
2025-08-19 06:00:00,24.1,79.0,0.0,0.0,100,22.5,211,3,6,1,cloudy
2025-08-19 07:00:00,24.4,78.0,0.0,0.0,97,22.6,213,3,7,1,cloudy
2025-08-19 08:00:00,24.9,74.0,0.1,0.1,49,25.4,213,51,8,1,rain
2025-08-19 09:00:00,25.6,72.0,0.0,0.0,34,25.7,213,1,9,1,normal
2025-08-19 10:00:00,26.5,68.0,0.1,0.1,76,27.7,210,51,10,1,rain
2025-08-19 11:00:00,27.0,65.0,0.1,0.1,82,28.8,209,51,11,1,rain
2025-08-19 12:00:00,27.4,63.0,0.0,0.0,71,29.6,208,2,12,1,normal
2025-08-19 13:00:00,27.1,66.0,0.2,0.2,27,30.1,209,51,13,1,rain
2025-08-19 14:00:00,26.8,68.0,0.1,0.1,35,30.1,206,51,14,1,rain
2025-08-19 15:00:00,26.5,69.0,0.1,0.1,33,29.4,207,51,15,1,rain
2025-08-19 16:00:00,26.2,71.0,0.2,0.2,98,27.2,206,51,16,1,rain
2025-08-19 17:00:00,25.6,74.0,0.1,0.1,54,26.5,208,51,17,1,rain
2025-08-19 18:00:00,24.5,79.0,0.0,0.0,90,23.4,208,3,18,1,cloudy
2025-08-19 19:00:00,24.2,81.0,0.0,0.0,92,21.5,211,3,19,1,cloudy
2025-08-19 20:00:00,23.7,85.0,0.1,0.1,77,19.2,214,51,20,1,rain
2025-08-19 21:00:00,23.2,87.0,0.2,0.2,94,20.4,208,51,21,1,rain
2025-08-19 22:00:00,23.2,89.0,0.2,0.2,57,19.3,217,51,22,1,rain
2025-08-19 23:00:00,23.1,89.0,0.2,0.2,45,17.4,215,51,23,1,rain
2025-08-20 00:00:00,23.3,87.0,0.1,0.1,61,20.6,216,51,0,2,rain
2025-08-20 01:00:00,23.2,88.0,0.1,0.1,63,18.9,213,51,1,2,rain
2025-08-20 02:00:00,22.8,90.0,0.3,0.3,81,20.1,211,51,2,2,rain
2025-08-20 03:00:00,22.9,89.0,0.1,0.1,94,20.4,209,51,3,2,rain
2025-08-20 04:00:00,23.1,88.0,0.0,0.0,99,19.7,208,3,4,2,cloudy
2025-08-20 05:00:00,23.2,88.0,0.0,0.0,99,19.9,206,3,5,2,cloudy
2025-08-20 06:00:00,23.3,87.0,0.1,0.1,96,19.4,208,51,6,2,rain
2025-08-20 07:00:00,23.9,84.0,0.1,0.1,94,19.5,211,51,7,2,rain
2025-08-20 08:00:00,25.1,77.0,0.1,0.1,90,22.9,207,51,8,2,rain
2025-08-20 09:00:00,26.1,70.0,0.1,0.1,79,23.7,206,51,9,2,rain
2025-08-20 10:00:00,26.8,68.0,0.4,0.4,99,26.0,204,51,10,2,rain
2025-08-20 11:00:00,26.8,70.0,0.2,0.2,94,25.2,205,51,11,2,rain
2025-08-20 12:00:00,26.4,72.0,0.5,0.5,96,25.8,202,53,12,2,rain
2025-08-20 13:00:00,26.4,72.0,0.4,0.4,99,24.9,201,51,13,2,rain
2025-08-20 14:00:00,26.1,74.0,0.3,0.3,97,27.3,203,51,14,2,rain
2025-08-20 15:00:00,26.3,72.0,0.1,0.1,67,27.1,204,51,15,2,rain
2025-08-20 16:00:00,26.1,72.0,0.0,0.0,93,27.3,200,3,16,2,cloudy
2025-08-20 17:00:00,25.5,75.0,0.0,0.0,72,28.0,202,2,17,2,normal
2025-08-20 18:00:00,24.7,79.0,0.0,0.0,31,25.2,202,1,18,2,normal
2025-08-20 19:00:00,24.4,81.0,0.0,0.0,39,22.9,202,1,19,2,normal
2025-08-20 20:00:00,24.1,83.0,0.0,0.0,46,23.0,203,1,20,2,normal
2025-08-20 21:00:00,24.1,83.0,0.0,0.0,62,22.3,201,2,21,2,normal
2025-08-20 22:00:00,24.2,82.0,0.0,0.0,98,21.4,201,3,22,2,cloudy
2025-08-20 23:00:00,24.2,82.0,0.1,0.1,97,21.4,201,51,23,2,rain
2025-08-21 00:00:00,23.9,83.0,0.1,0.1,97,20.9,202,51,0,3,rain
2025-08-21 01:00:00,23.4,85.0,0.0,0.0,90,19.9,205,3,1,3,cloudy
2025-08-21 02:00:00,23.1,88.0,0.1,0.1,64,20.6,205,51,2,3,rain
2025-08-21 03:00:00,23.1,88.0,0.0,0.0,62,20.2,203,2,3,3,normal
2025-08-21 04:00:00,23.4,86.0,0.1,0.1,19,19.9,201,51,4,3,rain
2025-08-21 05:00:00,23.5,85.0,0.1,0.1,100,19.8,202,51,5,3,rain
2025-08-21 06:00:00,23.7,83.0,0.0,0.0,100,19.8,199,3,6,3,cloudy
2025-08-21 07:00:00,24.0,82.0,0.0,0.0,95,21.1,197,3,7,3,cloudy
2025-08-21 08:00:00,25.3,75.0,0.0,0.0,42,22.8,196,1,8,3,normal
2025-08-21 09:00:00,26.5,69.0,0.0,0.0,23,23.9,197,1,9,3,normal
2025-08-21 10:00:00,26.7,67.0,0.1,0.1,49,24.0,196,51,10,3,rain
2025-08-21 11:00:00,27.1,64.0,0.1,0.1,52,23.9,195,51,11,3,rain
2025-08-21 12:00:00,27.2,64.0,0.1,0.1,36,24.9,198,51,12,3,rain
2025-08-21 13:00:00,27.4,63.0,0.0,0.0,27,26.3,198,1,13,3,normal
2025-08-21 14:00:00,27.2,64.0,0.0,0.0,28,27.3,199,1,14,3,normal
2025-08-21 15:00:00,26.8,65.0,0.0,0.0,44,27.2,200,1,15,3,normal
2025-08-21 16:00:00,26.3,69.0,0.0,0.0,100,26.8,200,3,16,3,cloudy
2025-08-21 17:00:00,25.4,73.0,0.0,0.0,100,25.8,202,3,17,3,cloudy
2025-08-21 18:00:00,24.9,76.0,0.0,0.0,100,22.8,201,3,18,3,cloudy
2025-08-21 19:00:00,24.8,77.0,0.0,0.0,100,20.6,202,3,19,3,cloudy
2025-08-21 20:00:00,24.5,78.0,0.0,0.0,100,20.0,202,3,20,3,cloudy
2025-08-21 21:00:00,24.5,78.0,0.0,0.0,100,19.3,201,3,21,3,cloudy
2025-08-21 22:00:00,24.2,80.0,0.0,0.0,100,19.6,204,3,22,3,cloudy
2025-08-21 23:00:00,24.1,82.0,0.0,0.0,100,19.2,206,3,23,3,cloudy
2025-08-22 00:00:00,23.8,84.0,0.0,0.0,100,18.4,203,3,0,4,cloudy
2025-08-22 01:00:00,23.5,87.0,0.1,0.1,97,18.2,205,51,1,4,rain
2025-08-22 02:00:00,23.0,90.0,0.1,0.1,82,18.9,208,51,2,4,rain
2025-08-22 03:00:00,22.7,92.0,0.0,0.0,69,16.8,213,2,3,4,normal
2025-08-22 04:00:00,22.5,92.0,0.1,0.1,47,17.5,209,51,4,4,rain
2025-08-22 05:00:00,22.3,93.0,0.1,0.1,35,18.4,207,51,5,4,rain
2025-08-22 06:00:00,22.3,94.0,0.4,0.4,12,19.0,203,51,6,4,rain
2025-08-22 07:00:00,23.0,91.0,0.1,0.1,74,18.7,204,51,7,4,rain
2025-08-22 08:00:00,24.0,83.0,0.1,0.1,34,19.9,198,51,8,4,rain
2025-08-22 09:00:00,25.2,75.0,0.2,0.2,96,21.4,193,51,9,4,rain
2025-08-22 10:00:00,26.0,70.0,0.1,0.1,96,22.1,190,51,10,4,rain
2025-08-22 11:00:00,26.7,67.0,0.0,0.0,72,21.3,194,2,11,4,normal
2025-08-22 12:00:00,27.4,63.0,0.0,0.0,79,20.5,199,2,12,4,cloudy
2025-08-22 13:00:00,27.7,62.0,0.0,0.0,42,21.6,196,1,13,4,normal
2025-08-22 14:00:00,27.0,66.0,0.0,0.0,17,22.6,192,0,14,4,normal
2025-08-22 15:00:00,26.8,66.0,0.0,0.0,30,23.1,191,1,15,4,normal
2025-08-22 16:00:00,26.1,68.0,0.0,0.0,28,21.5,191,1,16,4,normal
2025-08-22 17:00:00,25.5,71.0,0.0,0.0,26,21.4,193,1,17,4,normal
2025-08-22 18:00:00,24.5,77.0,0.0,0.0,25,19.1,196,1,18,4,normal
2025-08-22 19:00:00,24.2,79.0,0.0,0.0,22,17.8,198,1,19,4,normal
2025-08-22 20:00:00,24.2,79.0,0.0,0.0,96,17.2,200,3,20,4,cloudy
2025-08-22 21:00:00,24.3,78.0,0.0,0.0,43,16.6,200,1,21,4,normal
2025-08-22 22:00:00,24.3,78.0,0.0,0.0,42,17.6,202,1,22,4,normal
2025-08-22 23:00:00,24.1,78.0,0.0,0.0,58,18.2,200,2,23,4,normal
2025-08-23 00:00:00,24.0,80.0,0.0,0.0,39,18.5,198,1,0,5,normal
2025-08-23 01:00:00,23.8,81.0,0.0,0.0,99,18.6,199,3,1,5,cloudy
2025-08-23 02:00:00,24.0,80.0,0.0,0.0,97,17.8,206,3,2,5,cloudy
2025-08-23 03:00:00,24.1,78.0,0.0,0.0,100,17.8,204,3,3,5,cloudy
2025-08-23 04:00:00,23.6,82.0,0.0,0.0,17,14.3,207,0,4,5,normal
2025-08-23 05:00:00,23.5,82.0,0.0,0.0,27,15.2,209,1,5,5,normal
2025-08-23 06:00:00,23.7,80.0,0.0,0.0,31,15.7,210,1,6,5,normal
2025-08-23 07:00:00,24.8,75.0,0.0,0.0,51,17.5,207,2,7,5,normal
2025-08-23 08:00:00,26.2,66.0,0.0,0.0,88,22.3,203,3,8,5,cloudy
2025-08-23 09:00:00,26.1,68.0,0.0,0.0,100,23.7,200,3,9,5,cloudy
2025-08-23 10:00:00,26.3,69.0,0.0,0.0,94,22.9,202,3,10,5,cloudy
2025-08-23 11:00:00,27.3,65.0,0.1,0.1,89,23.9,201,51,11,5,rain
2025-08-23 12:00:00,26.8,69.0,0.3,0.3,38,24.9,202,51,12,5,rain
2025-08-23 13:00:00,27.2,68.0,0.3,0.3,51,26.3,200,51,13,5,rain
2025-08-23 14:00:00,26.9,70.0,0.2,0.2,48,25.6,201,51,14,5,rain
2025-08-23 15:00:00,26.4,72.0,0.1,0.1,41,24.7,200,51,15,5,rain
2025-08-23 16:00:00,25.4,76.0,0.0,0.0,100,19.7,200,3,16,5,cloudy
2025-08-23 17:00:00,24.9,80.0,0.0,0.0,100,18.3,199,3,17,5,cloudy
2025-08-23 18:00:00,24.5,82.0,0.0,0.0,100,17.0,200,3,18,5,cloudy
2025-08-23 19:00:00,24.2,85.0,0.0,0.0,100,15.2,197,3,19,5,cloudy
2025-08-23 20:00:00,24.3,84.0,0.0,0.0,100,14.3,192,3,20,5,cloudy
2025-08-23 21:00:00,24.0,87.0,0.1,0.1,89,14.7,192,51,21,5,rain
2025-08-23 22:00:00,23.9,88.0,0.1,0.1,26,14.0,195,51,22,5,rain
2025-08-23 23:00:00,23.5,90.0,0.1,0.1,86,13.3,199,51,23,5,rain
2025-08-24 00:00:00,23.3,88.0,0.3,0.3,70,14.7,204,51,0,6,rain
2025-08-24 01:00:00,23.0,92.0,0.2,0.2,94,14.4,210,51,1,6,rain
2025-08-24 02:00:00,22.8,93.0,0.1,0.1,75,11.6,210,51,2,6,rain
2025-08-24 03:00:00,22.6,93.0,0.1,0.1,100,13.4,206,51,3,6,rain
2025-08-24 04:00:00,22.9,91.0,0.1,0.1,93,13.2,217,51,4,6,rain
2025-08-24 05:00:00,22.6,92.0,0.5,0.5,75,13.4,220,53,5,6,rain
2025-08-24 06:00:00,22.7,92.0,0.2,0.2,77,12.3,219,51,6,6,rain
2025-08-24 07:00:00,23.0,92.0,0.2,0.2,67,13.9,213,51,7,6,rain
2025-08-24 08:00:00,24.5,82.0,0.1,0.1,66,12.0,210,51,8,6,rain
2025-08-24 09:00:00,26.0,73.0,0.4,0.4,57,16.9,203,51,9,6,rain
2025-08-24 10:00:00,26.7,72.0,0.3,0.3,23,17.5,201,51,10,6,rain
2025-08-24 11:00:00,27.5,67.0,0.1,0.1,16,18.8,197,51,11,6,rain
2025-08-24 12:00:00,27.9,66.0,0.0,0.0,10,18.5,198,0,12,6,normal
2025-08-24 13:00:00,28.0,66.0,0.0,0.0,4,19.2,197,0,13,6,normal
2025-08-24 14:00:00,27.8,67.0,0.0,0.0,17,20.8,196,0,14,6,normal
2025-08-24 15:00:00,27.5,68.0,0.0,0.0,26,21.8,195,1,15,6,normal
2025-08-24 16:00:00,26.5,71.0,0.0,0.0,38,19.1,189,1,16,6,normal
2025-08-24 17:00:00,25.4,78.0,0.1,0.1,64,18.0,192,51,17,6,rain
2025-08-24 18:00:00,24.7,81.0,0.0,0.0,97,16.6,193,3,18,6,cloudy
2025-08-24 19:00:00,24.2,87.0,0.0,0.0,78,14.5,191,2,19,6,cloudy
2025-08-24 20:00:00,24.0,88.0,0.0,0.0,92,14.8,189,3,20,6,cloudy
2025-08-24 21:00:00,24.2,86.0,0.0,0.0,100,17.3,185,3,21,6,cloudy
2025-08-24 22:00:00,24.2,85.0,0.0,0.0,82,17.7,182,3,22,6,cloudy
2025-08-24 23:00:00,24.1,86.0,0.0,0.0,40,17.2,185,1,23,6,normal
2025-08-25 00:00:00,23.9,86.0,0.0,0.0,41,16.6,189,1,0,0,normal
2025-08-25 01:00:00,23.8,87.0,0.0,0.0,28,14.8,196,1,1,0,normal
2025-08-25 02:00:00,23.7,87.0,0.0,0.0,26,14.5,201,1,2,0,normal
2025-08-25 03:00:00,23.5,87.0,0.0,0.0,98,14.7,206,3,3,0,cloudy
2025-08-25 04:00:00,23.9,84.0,0.0,0.0,68,15.0,204,2,4,0,normal
2025-08-25 05:00:00,23.9,85.0,0.0,0.0,63,15.0,207,2,5,0,normal
2025-08-25 06:00:00,23.9,84.0,0.0,0.0,22,13.9,214,1,6,0,normal
2025-08-25 07:00:00,24.9,79.0,0.0,0.0,28,14.6,215,1,7,0,normal
2025-08-25 08:00:00,26.2,71.0,0.0,0.0,53,18.5,212,2,8,0,normal
2025-08-25 09:00:00,27.2,66.0,0.0,0.0,44,20.2,213,1,9,0,normal
2025-08-25 10:00:00,27.9,63.0,0.0,0.0,59,20.7,211,2,10,0,normal
2025-08-25 11:00:00,28.3,62.0,0.0,0.0,87,21.4,212,3,11,0,cloudy
2025-08-25 12:00:00,28.1,63.0,0.0,0.0,91,20.8,211,3,12,0,cloudy
2025-08-25 13:00:00,28.8,60.0,0.0,0.0,44,22.7,209,1,13,0,normal
2025-08-25 14:00:00,28.3,62.0,0.0,0.0,58,22.8,212,2,14,0,normal
2025-08-25 15:00:00,27.9,64.0,0.0,0.0,100,22.8,211,3,15,0,cloudy
2025-08-25 16:00:00,27.0,70.0,0.0,0.0,38,22.3,211,1,16,0,normal
2025-08-25 17:00:00,26.1,74.0,0.0,0.0,53,23.4,212,2,17,0,normal
2025-08-25 18:00:00,25.2,80.0,0.0,0.0,100,22.2,210,3,18,0,cloudy
2025-08-25 19:00:00,24.8,83.0,0.0,0.0,99,20.5,208,3,19,0,cloudy
2025-08-25 20:00:00,24.8,83.0,0.0,0.0,100,21.7,206,3,20,0,cloudy
2025-08-25 21:00:00,24.7,85.0,0.0,0.0,100,22.3,204,3,21,0,cloudy
2025-08-25 22:00:00,24.6,86.0,0.0,0.0,99,21.1,205,3,22,0,cloudy
2025-08-25 23:00:00,24.1,90.0,0.0,0.0,100,20.7,206,3,23,0,cloudy
2025-08-26 00:00:00,24.0,91.0,0.0,0.0,100,20.7,207,3,0,1,cloudy
2025-08-26 01:00:00,23.8,90.0,0.0,0.0,100,20.9,211,3,1,1,cloudy
2025-08-26 02:00:00,23.8,91.0,0.0,0.0,100,21.8,212,3,2,1,cloudy
2025-08-26 03:00:00,23.9,88.0,0.1,0.1,100,21.9,210,51,3,1,rain
2025-08-26 04:00:00,24.2,85.0,0.1,0.1,100,22.2,210,51,4,1,rain
2025-08-26 05:00:00,24.0,87.0,0.1,0.1,36,21.1,210,51,5,1,rain
2025-08-26 06:00:00,24.2,88.0,0.0,0.0,36,20.4,212,1,6,1,normal
2025-08-26 07:00:00,24.8,86.0,0.0,0.0,38,23.6,208,1,7,1,normal
2025-08-26 08:00:00,25.9,79.0,0.0,0.0,41,26.0,207,1,8,1,normal
2025-08-26 09:00:00,27.0,72.0,0.1,0.1,57,27.4,208,51,9,1,rain
2025-08-26 10:00:00,27.2,71.0,0.2,0.2,87,28.5,208,51,10,1,rain
2025-08-26 11:00:00,27.1,73.0,0.6,0.6,58,28.8,209,53,11,1,rain
2025-08-26 12:00:00,27.6,71.0,0.8,0.8,44,28.6,210,53,12,1,rain
2025-08-26 13:00:00,27.7,70.0,0.2,0.2,32,29.3,208,51,13,1,rain
2025-08-26 14:00:00,27.6,71.0,0.2,0.2,21,29.8,209,51,14,1,rain
2025-08-26 15:00:00,27.2,73.0,0.2,0.2,34,29.3,206,51,15,1,rain
2025-08-26 16:00:00,26.6,76.0,0.0,0.0,21,26.5,211,1,16,1,normal
2025-08-26 17:00:00,25.7,79.0,0.0,0.0,29,26.9,210,1,17,1,normal
2025-08-26 18:00:00,24.9,84.0,0.0,0.0,25,24.7,212,1,18,1,normal
2025-08-26 19:00:00,24.3,88.0,0.0,0.0,26,24.3,208,1,19,1,normal
2025-08-26 20:00:00,24.1,89.0,0.0,0.0,27,25.1,208,1,20,1,normal
2025-08-26 21:00:00,23.9,90.0,0.1,0.1,30,24.6,206,51,21,1,rain
2025-08-26 22:00:00,23.9,89.0,0.1,0.1,23,26.0,204,51,22,1,rain
2025-08-26 23:00:00,23.9,89.0,0.1,0.1,46,25.1,202,51,23,1,rain
2025-08-27 00:00:00,23.6,90.0,0.1,0.1,65,24.6,205,51,0,2,rain
2025-08-27 01:00:00,23.6,87.0,0.1,0.1,85,22.9,202,51,1,2,rain
2025-08-27 02:00:00,23.5,88.0,0.3,0.3,75,24.2,202,51,2,2,rain
2025-08-27 03:00:00,23.9,87.0,0.2,0.2,21,22.3,202,51,3,2,rain
2025-08-27 04:00:00,23.8,87.0,0.1,0.1,32,20.6,194,51,4,2,rain
2025-08-27 05:00:00,23.8,89.0,0.0,0.0,31,19.0,199,1,5,2,normal
2025-08-27 06:00:00,23.8,88.0,0.0,0.0,58,16.7,205,2,6,2,normal
2025-08-27 07:00:00,24.6,84.0,0.0,0.0,30,16.6,207,1,7,2,normal
2025-08-27 08:00:00,25.8,76.0,0.0,0.0,38,18.8,208,1,8,2,normal
2025-08-27 09:00:00,26.8,69.0,0.0,0.0,44,20.7,210,1,9,2,normal
2025-08-27 10:00:00,27.3,65.0,0.1,0.1,78,24.5,205,51,10,2,rain
2025-08-27 11:00:00,27.1,67.0,0.1,0.1,47,24.7,205,51,11,2,rain
2025-08-27 12:00:00,27.7,65.0,0.1,0.1,61,26.0,205,51,12,2,rain
2025-08-27 13:00:00,28.0,63.0,0.1,0.1,27,27.0,202,51,13,2,rain
2025-08-27 14:00:00,27.4,69.0,0.3,0.3,25,26.1,199,51,14,2,rain
2025-08-27 15:00:00,27.2,70.0,0.0,0.0,10,27.6,197,0,15,2,normal
2025-08-27 16:00:00,26.4,72.0,0.0,0.0,29,28.9,196,1,16,2,normal
2025-08-27 17:00:00,25.4,79.0,0.2,0.2,43,27.0,198,51,17,2,rain
2025-08-27 18:00:00,24.3,86.0,0.2,0.2,26,24.9,198,51,18,2,rain
2025-08-27 19:00:00,24.0,89.0,0.0,0.0,27,22.8,197,1,19,2,normal
2025-08-27 20:00:00,23.9,88.0,0.0,0.0,34,24.2,196,1,20,2,normal
2025-08-27 21:00:00,24.1,87.0,0.0,0.0,31,24.4,197,1,21,2,normal
2025-08-27 22:00:00,23.9,88.0,0.0,0.0,30,21.9,198,1,22,2,normal
2025-08-27 23:00:00,23.8,89.0,0.1,0.1,27,20.4,203,51,23,2,rain
2025-08-28 00:00:00,23.4,91.0,0.1,0.1,49,20.3,204,51,0,3,rain
2025-08-28 01:00:00,23.1,93.0,0.2,0.2,40,21.1,200,51,1,3,rain
2025-08-28 02:00:00,22.7,93.0,0.2,0.2,35,20.1,204,51,2,3,rain
2025-08-28 03:00:00,22.6,92.0,0.2,0.2,34,19.8,205,51,3,3,rain
2025-08-28 04:00:00,23.4,88.0,0.0,0.0,25,19.0,203,1,4,3,normal
2025-08-28 05:00:00,23.4,88.0,0.0,0.0,32,18.7,204,1,5,3,normal
2025-08-28 06:00:00,23.6,86.0,0.0,0.0,34,19.3,204,1,6,3,normal
2025-08-28 07:00:00,24.5,82.0,0.0,0.0,23,19.4,203,1,7,3,normal
2025-08-28 08:00:00,25.5,76.0,0.1,0.1,37,20.9,201,51,8,3,rain
2025-08-28 09:00:00,26.4,70.0,0.1,0.1,51,21.8,201,51,9,3,rain
2025-08-28 10:00:00,27.1,66.0,0.1,0.1,62,22.0,203,51,10,3,rain
2025-08-28 11:00:00,27.2,67.0,0.1,0.1,66,22.0,200,51,11,3,rain
2025-08-28 12:00:00,27.3,66.0,0.2,0.2,45,23.8,202,51,12,3,rain
2025-08-28 13:00:00,26.5,72.0,0.6,0.6,51,25.0,207,53,13,3,rain
2025-08-28 14:00:00,26.1,74.0,0.5,0.5,61,25.9,207,53,14,3,rain
2025-08-28 15:00:00,25.8,75.0,0.3,0.3,45,27.3,212,51,15,3,rain
2025-08-28 16:00:00,26.0,73.0,0.1,0.1,38,24.6,210,51,16,3,rain
2025-08-28 17:00:00,25.4,77.0,0.0,0.0,2,23.3,207,0,17,3,normal
2025-08-28 18:00:00,24.7,80.0,0.0,0.0,2,21.5,203,0,18,3,normal
2025-08-28 19:00:00,24.2,84.0,0.0,0.0,1,18.2,201,0,19,3,normal
2025-08-28 20:00:00,24.1,84.0,0.0,0.0,3,17.7,200,0,20,3,normal
2025-08-28 21:00:00,24.1,84.0,0.0,0.0,8,19.3,196,0,21,3,normal
2025-08-28 22:00:00,24.2,83.0,0.0,0.0,62,19.9,197,2,22,3,normal
2025-08-28 23:00:00,24.3,81.0,0.0,0.0,48,19.4,197,1,23,3,normal
2025-08-29 00:00:00,24.1,84.0,0.0,0.0,52,19.4,197,2,0,4,normal
2025-08-29 01:00:00,24.0,84.0,0.0,0.0,100,19.2,199,3,1,4,cloudy
2025-08-29 02:00:00,23.8,85.0,0.0,0.0,88,18.1,201,3,2,4,cloudy
2025-08-29 03:00:00,23.8,85.0,0.0,0.0,84,17.4,206,3,3,4,cloudy
2025-08-29 04:00:00,23.5,88.0,0.1,0.1,91,16.8,207,51,4,4,rain
2025-08-29 05:00:00,22.9,90.0,0.1,0.1,95,15.0,210,51,5,4,rain
2025-08-29 06:00:00,23.0,88.0,0.2,0.2,93,14.4,216,51,6,4,rain
2025-08-29 07:00:00,23.6,87.0,0.3,0.3,60,15.8,216,51,7,4,rain
2025-08-29 08:00:00,24.6,82.0,0.3,0.3,58,19.3,205,51,8,4,rain
2025-08-29 09:00:00,25.4,76.0,0.2,0.2,57,19.8,200,51,9,4,rain
2025-08-29 10:00:00,26.5,70.0,0.4,0.4,65,23.3,198,51,10,4,rain
2025-08-29 11:00:00,26.7,69.0,0.3,0.3,53,24.3,200,51,11,4,rain
2025-08-29 12:00:00,27.4,66.0,0.1,0.1,18,24.6,198,51,12,4,rain
2025-08-29 13:00:00,27.5,64.0,0.0,0.0,11,26.6,197,0,13,4,normal
2025-08-29 14:00:00,27.3,66.0,0.0,0.0,9,27.7,199,0,14,4,normal
2025-08-29 15:00:00,26.8,67.0,0.0,0.0,10,27.6,201,0,15,4,normal
2025-08-29 16:00:00,26.1,69.0,0.0,0.0,14,24.8,205,0,16,4,normal
2025-08-29 17:00:00,25.2,72.0,0.0,0.0,27,25.5,203,1,17,4,normal
2025-08-29 18:00:00,24.4,77.0,0.0,0.0,12,23.9,203,0,18,4,normal
2025-08-29 19:00:00,24.0,79.0,0.0,0.0,33,22.9,202,1,19,4,normal
2025-08-29 20:00:00,24.0,78.0,0.0,0.0,41,22.4,200,1,20,4,normal
2025-08-29 21:00:00,24.1,78.0,0.0,0.0,37,21.3,199,1,21,4,normal
2025-08-29 22:00:00,24.1,78.0,0.0,0.0,59,20.3,200,2,22,4,normal
2025-08-29 23:00:00,24.0,78.0,0.0,0.0,56,19.2,203,2,23,4,normal
2025-08-30 00:00:00,23.8,80.0,0.0,0.0,99,18.4,205,3,0,5,cloudy
2025-08-30 01:00:00,23.7,80.0,0.0,0.0,98,17.7,208,3,1,5,cloudy
2025-08-30 02:00:00,23.5,80.0,0.0,0.0,99,17.4,210,3,2,5,cloudy
2025-08-30 03:00:00,23.4,79.0,0.0,0.0,100,17.7,205,3,3,5,cloudy
2025-08-30 04:00:00,23.2,77.0,0.0,0.0,100,18.8,199,3,4,5,cloudy
2025-08-30 05:00:00,23.2,76.0,0.0,0.0,56,17.2,203,2,5,5,normal
2025-08-30 06:00:00,23.4,75.0,0.0,0.0,22,15.9,207,1,6,5,normal
2025-08-30 07:00:00,24.4,70.0,0.0,0.0,20,17.6,206,1,7,5,normal
2025-08-30 08:00:00,25.8,62.0,0.0,0.0,30,21.5,203,1,8,5,normal
2025-08-30 09:00:00,26.6,59.0,0.0,0.0,35,24.0,201,1,9,5,normal
2025-08-30 10:00:00,27.2,56.0,0.0,0.0,29,25.2,202,1,10,5,normal
2025-08-30 11:00:00,27.5,55.0,0.0,0.0,42,25.2,208,1,11,5,normal
2025-08-30 12:00:00,27.6,55.0,0.0,0.0,52,25.6,209,2,12,5,normal
2025-08-30 13:00:00,27.3,57.0,0.0,0.0,97,25.1,208,3,13,5,cloudy
2025-08-30 14:00:00,27.0,58.0,0.1,0.1,48,25.3,210,51,14,5,rain
2025-08-30 15:00:00,26.9,59.0,0.0,0.0,70,25.0,209,2,15,5,normal
2025-08-30 16:00:00,26.1,65.0,0.0,0.0,98,21.6,202,3,16,5,cloudy
2025-08-30 17:00:00,25.6,67.0,0.0,0.0,44,21.0,201,1,17,5,normal
2025-08-30 18:00:00,24.9,71.0,0.0,0.0,34,18.8,201,1,18,5,normal
2025-08-30 19:00:00,24.5,74.0,0.0,0.0,27,18.8,202,1,19,5,normal
2025-08-30 20:00:00,24.4,74.0,0.0,0.0,14,19.1,200,0,20,5,normal
2025-08-30 21:00:00,24.2,75.0,0.0,0.0,14,19.7,193,0,21,5,normal
2025-08-30 22:00:00,24.1,77.0,0.0,0.0,28,19.7,192,1,22,5,normal
2025-08-30 23:00:00,23.9,79.0,0.0,0.0,23,18.1,189,1,23,5,normal
2025-08-31 00:00:00,23.9,79.0,0.0,0.0,38,16.8,186,1,0,6,normal
2025-08-31 01:00:00,23.7,80.0,0.0,0.0,100,16.0,183,3,1,6,cloudy
2025-08-31 02:00:00,23.8,80.0,0.0,0.0,100,15.1,188,3,2,6,cloudy
2025-08-31 03:00:00,23.9,81.0,0.0,0.0,100,14.7,194,3,3,6,cloudy
2025-08-31 04:00:00,23.5,83.0,0.0,0.0,61,13.3,188,2,4,6,normal
2025-08-31 05:00:00,23.6,83.0,0.0,0.0,31,14.5,192,1,5,6,normal
2025-08-31 06:00:00,23.5,83.0,0.0,0.0,15,15.9,195,0,6,6,normal
2025-08-31 07:00:00,24.6,77.0,0.0,0.0,21,19.2,195,1,7,6,normal
2025-08-31 08:00:00,25.7,72.0,0.0,0.0,18,20.8,195,0,8,6,normal
2025-08-31 09:00:00,26.6,68.0,0.0,0.0,25,22.7,194,1,9,6,normal
2025-08-31 10:00:00,27.2,65.0,0.0,0.0,37,23.9,195,1,10,6,normal
2025-08-31 11:00:00,27.0,66.0,0.1,0.1,60,24.2,196,51,11,6,rain
2025-08-31 12:00:00,27.0,66.0,0.3,0.3,51,25.0,197,51,12,6,rain
2025-08-31 13:00:00,26.9,67.0,0.2,0.2,35,25.7,199,51,13,6,rain
2025-08-31 14:00:00,26.8,68.0,0.1,0.1,39,25.6,198,51,14,6,rain
2025-08-31 15:00:00,26.3,71.0,0.1,0.1,26,26.5,199,51,15,6,rain
2025-08-31 16:00:00,25.7,72.0,0.1,0.1,86,23.7,200,51,16,6,rain
2025-08-31 17:00:00,25.0,75.0,0.1,0.1,100,23.7,202,51,17,6,rain
2025-08-31 18:00:00,24.2,80.0,0.1,0.1,100,20.7,203,51,18,6,rain
2025-08-31 19:00:00,24.0,81.0,0.1,0.1,100,20.3,202,51,19,6,rain
2025-08-31 20:00:00,23.6,85.0,0.2,0.2,100,19.1,206,51,20,6,rain
2025-08-31 21:00:00,23.6,86.0,0.3,0.3,100,18.9,201,51,21,6,rain
2025-08-31 22:00:00,23.5,86.0,0.1,0.1,100,18.1,200,51,22,6,rain
2025-08-31 23:00:00,23.4,86.0,0.2,0.2,66,20.4,205,51,23,6,rain
2025-09-01 00:00:00,23.4,85.0,0.3,0.3,62,19.9,205,51,0,0,rain
2025-09-01 01:00:00,23.5,86.0,0.1,0.1,20,17.3,209,51,1,0,rain
2025-09-01 02:00:00,23.7,84.0,0.0,0.0,41,16.5,215,1,2,0,normal
2025-09-01 03:00:00,23.7,84.0,0.0,0.0,64,16.8,219,2,3,0,normal
2025-09-01 04:00:00,23.7,82.0,0.0,0.0,45,16.0,216,1,4,0,normal
2025-09-01 05:00:00,23.5,84.0,0.0,0.0,30,15.4,217,1,5,0,normal
2025-09-01 06:00:00,23.4,84.0,0.0,0.0,27,15.7,221,1,6,0,normal
2025-09-01 07:00:00,24.2,81.0,0.0,0.0,39,17.4,220,1,7,0,normal
2025-09-01 08:00:00,25.7,71.0,0.2,0.2,19,21.5,210,51,8,0,rain
2025-09-01 09:00:00,26.6,64.0,0.0,0.0,28,24.4,210,1,9,0,normal
2025-09-01 10:00:00,27.5,60.0,0.0,0.0,12,21.9,211,0,10,0,normal
2025-09-01 11:00:00,28.1,57.0,0.0,0.0,26,23.3,210,1,11,0,normal
2025-09-01 12:00:00,28.1,57.0,0.0,0.0,13,23.2,210,0,12,0,normal
2025-09-01 13:00:00,28.3,55.0,0.0,0.0,44,24.8,211,1,13,0,normal
2025-09-01 14:00:00,27.5,60.0,0.0,0.0,42,24.7,212,1,14,0,normal
2025-09-01 15:00:00,26.8,63.0,0.1,0.1,51,24.2,212,51,15,0,rain
2025-09-01 16:00:00,26.5,66.0,0.0,0.0,10,23.4,203,0,16,0,normal
2025-09-01 17:00:00,25.7,69.0,0.0,0.0,42,24.5,206,1,17,0,normal
2025-09-01 18:00:00,24.9,75.0,0.0,0.0,9,21.6,206,0,18,0,normal
2025-09-01 19:00:00,24.5,77.0,0.0,0.0,9,20.7,205,0,19,0,normal
2025-09-01 20:00:00,24.4,77.0,0.0,0.0,24,20.8,202,1,20,0,normal
2025-09-01 21:00:00,24.6,76.0,0.0,0.0,47,21.3,201,1,21,0,normal
2025-09-01 22:00:00,24.7,76.0,0.0,0.0,50,21.5,200,2,22,0,normal
2025-09-01 23:00:00,24.4,79.0,0.0,0.0,24,21.1,202,1,23,0,normal
2025-09-02 00:00:00,24.1,81.0,0.0,0.0,24,20.0,204,1,0,1,normal
2025-09-02 01:00:00,23.8,83.0,0.0,0.0,24,18.9,207,1,1,1,normal
2025-09-02 02:00:00,23.7,83.0,0.0,0.0,24,17.8,211,1,2,1,normal
2025-09-02 03:00:00,23.9,79.0,0.0,0.0,20,16.9,213,1,3,1,normal
2025-09-02 04:00:00,24.2,76.0,0.0,0.0,13,19.1,208,0,4,1,normal
2025-09-02 05:00:00,24.1,76.0,0.0,0.0,15,19.4,207,0,5,1,normal
2025-09-02 06:00:00,23.9,77.0,0.0,0.0,15,19.3,209,0,6,1,normal
2025-09-02 07:00:00,24.9,71.0,0.0,0.0,15,22.6,209,0,7,1,normal
2025-09-02 08:00:00,26.0,65.0,0.0,0.0,31,24.7,206,1,8,1,normal
2025-09-02 09:00:00,26.9,61.0,0.0,0.0,47,26.1,206,1,9,1,normal
2025-09-02 10:00:00,27.6,57.0,0.0,0.0,46,26.3,207,1,10,1,normal
2025-09-02 11:00:00,28.1,55.0,0.0,0.0,74,27.1,208,2,11,1,normal
2025-09-02 12:00:00,28.3,55.0,0.0,0.0,38,27.6,209,1,12,1,normal
2025-09-02 13:00:00,28.3,55.0,0.0,0.0,27,27.2,208,1,13,1,normal
2025-09-02 14:00:00,27.9,58.0,0.0,0.0,35,27.5,206,1,14,1,normal
2025-09-02 15:00:00,27.4,60.0,0.0,0.0,31,27.6,209,1,15,1,normal
2025-09-02 16:00:00,27.1,61.0,0.0,0.0,36,27.6,209,1,16,1,normal
2025-09-02 17:00:00,26.3,65.0,0.0,0.0,49,28.2,212,1,17,1,normal
2025-09-02 18:00:00,25.5,71.0,0.0,0.0,27,24.2,216,1,18,1,normal
2025-09-02 19:00:00,25.0,75.0,0.0,0.0,32,22.3,218,1,19,1,normal
2025-09-02 20:00:00,25.0,76.0,0.0,0.0,96,21.3,218,3,20,1,cloudy
2025-09-02 21:00:00,24.9,78.0,0.0,0.0,19,22.3,214,0,21,1,normal
2025-09-02 22:00:00,24.1,83.0,0.1,0.1,52,22.8,217,51,22,1,rain
2025-09-02 23:00:00,23.7,87.0,0.1,0.1,95,23.6,216,51,23,1,rain
2025-09-03 00:00:00,23.6,87.0,0.1,0.1,96,24.3,215,51,0,2,rain
2025-09-03 01:00:00,23.5,87.0,0.2,0.2,100,23.1,213,51,1,2,rain
2025-09-03 02:00:00,23.5,87.0,0.3,0.3,100,21.0,212,51,2,2,rain
2025-09-03 03:00:00,23.4,89.0,0.3,0.3,98,22.0,212,51,3,2,rain
2025-09-03 04:00:00,23.3,89.0,0.2,0.2,75,20.3,206,51,4,2,rain
2025-09-03 05:00:00,23.1,90.0,0.1,0.1,69,18.0,209,51,5,2,rain
2025-09-03 06:00:00,22.9,90.0,0.3,0.3,100,18.1,210,51,6,2,rain
2025-09-03 07:00:00,23.7,86.0,0.2,0.2,90,19.9,207,51,7,2,rain
2025-09-03 08:00:00,24.7,79.0,0.4,0.4,87,22.5,204,51,8,2,rain
2025-09-03 09:00:00,25.7,76.0,0.3,0.3,83,23.3,205,51,9,2,rain
2025-09-03 10:00:00,26.7,70.0,0.1,0.1,80,25.1,201,51,10,2,rain
2025-09-03 11:00:00,26.7,70.0,0.4,0.4,49,26.9,203,51,11,2,rain
2025-09-03 12:00:00,27.6,64.0,0.1,0.1,32,27.9,203,51,12,2,rain
2025-09-03 13:00:00,27.9,63.0,0.0,0.0,25,29.9,202,1,13,2,normal
2025-09-03 14:00:00,27.5,64.0,0.0,0.0,52,30.8,201,2,14,2,normal
2025-09-03 15:00:00,26.8,69.0,0.0,0.0,48,28.9,202,1,15,2,normal
2025-09-03 16:00:00,26.3,68.0,0.0,0.0,28,27.9,202,1,16,2,normal
2025-09-03 17:00:00,25.5,71.0,0.0,0.0,28,28.4,201,1,17,2,normal
2025-09-03 18:00:00,24.8,75.0,0.0,0.0,16,23.3,202,0,18,2,normal
2025-09-03 19:00:00,24.7,76.0,0.0,0.0,22,21.8,204,1,19,2,normal
2025-09-03 20:00:00,24.9,74.0,0.0,0.0,41,21.6,204,1,20,2,normal
2025-09-03 21:00:00,24.7,77.0,0.0,0.0,47,22.4,200,1,21,2,normal
2025-09-03 22:00:00,24.3,80.0,0.0,0.0,69,22.3,203,2,22,2,normal
2025-09-03 23:00:00,23.9,83.0,0.0,0.0,37,22.3,205,1,23,2,normal
2025-09-04 00:00:00,23.8,84.0,0.1,0.1,42,21.0,207,51,0,3,rain
2025-09-04 01:00:00,23.5,86.0,0.0,0.0,39,20.5,211,1,1,3,normal
2025-09-04 02:00:00,23.4,86.0,0.1,0.1,58,20.0,208,51,2,3,rain
2025-09-04 03:00:00,23.0,87.0,0.1,0.1,48,21.0,210,51,3,3,rain
2025-09-04 04:00:00,23.2,86.0,0.1,0.1,67,17.6,215,51,4,3,rain
2025-09-04 05:00:00,23.1,87.0,0.1,0.1,34,18.9,213,51,5,3,rain
2025-09-04 06:00:00,23.4,85.0,0.0,0.0,72,18.3,209,2,6,3,normal
2025-09-04 07:00:00,24.4,78.0,0.0,0.0,65,18.5,207,2,7,3,normal
2025-09-04 08:00:00,25.6,73.0,0.0,0.0,51,23.0,204,2,8,3,normal
2025-09-04 09:00:00,26.4,69.0,0.1,0.1,78,23.5,201,51,9,3,rain
2025-09-04 10:00:00,26.8,67.0,0.1,0.1,100,23.8,201,51,10,3,rain
2025-09-04 11:00:00,27.6,62.0,0.0,0.0,92,24.5,200,3,11,3,cloudy
2025-09-04 12:00:00,27.7,61.0,0.1,0.1,91,24.9,201,51,12,3,rain
2025-09-04 13:00:00,27.4,63.0,0.1,0.1,97,24.8,203,51,13,3,rain
2025-09-04 14:00:00,27.1,65.0,0.2,0.2,82,26.2,204,51,14,3,rain
2025-09-04 15:00:00,26.7,66.0,0.1,0.1,32,24.1,204,51,15,3,rain
2025-09-04 16:00:00,26.3,67.0,0.1,0.1,88,24.9,206,51,16,3,rain
2025-09-04 17:00:00,25.6,69.0,0.0,0.0,81,24.2,208,3,17,3,cloudy
2025-09-04 18:00:00,24.8,75.0,0.0,0.0,63,21.5,212,2,18,3,normal
2025-09-04 19:00:00,24.4,78.0,0.0,0.0,57,20.2,213,2,19,3,normal
2025-09-04 20:00:00,24.2,79.0,0.0,0.0,68,20.3,212,2,20,3,normal
2025-09-04 21:00:00,24.1,80.0,0.0,0.0,35,20.6,211,1,21,3,normal
2025-09-04 22:00:00,23.9,81.0,0.0,0.0,87,20.6,213,3,22,3,cloudy
2025-09-04 23:00:00,23.8,82.0,0.0,0.0,100,20.3,212,3,23,3,cloudy
2025-09-05 00:00:00,23.8,82.0,0.0,0.0,100,20.9,211,3,0,4,cloudy
2025-09-05 01:00:00,23.7,82.0,0.0,0.0,99,19.5,211,3,1,4,cloudy
2025-09-05 02:00:00,23.7,82.0,0.0,0.0,97,19.2,214,3,2,4,cloudy
2025-09-05 03:00:00,23.6,82.0,0.0,0.0,78,18.8,214,2,3,4,cloudy
2025-09-05 04:00:00,24.1,77.0,0.0,0.0,34,19.7,208,1,4,4,normal
2025-09-05 05:00:00,23.9,79.0,0.0,0.0,25,20.0,209,1,5,4,normal
2025-09-05 06:00:00,23.9,81.0,0.0,0.0,27,19.4,210,1,6,4,normal
2025-09-05 07:00:00,24.9,76.0,0.0,0.0,25,20.2,212,1,7,4,normal
2025-09-05 08:00:00,26.1,69.0,0.0,0.0,24,21.4,215,1,8,4,normal
2025-09-05 09:00:00,26.9,65.0,0.0,0.0,37,22.5,212,1,9,4,normal
2025-09-05 10:00:00,27.0,67.0,0.1,0.1,26,21.6,211,51,10,4,rain
2025-09-05 11:00:00,27.8,63.0,0.0,0.0,22,22.9,210,1,11,4,normal
2025-09-05 12:00:00,28.0,62.0,0.0,0.0,30,24.2,209,1,12,4,normal
2025-09-05 13:00:00,27.7,64.0,0.0,0.0,25,25.2,209,1,13,4,normal
2025-09-05 14:00:00,27.6,64.0,0.0,0.0,17,24.6,207,0,14,4,normal
2025-09-05 15:00:00,27.0,67.0,0.0,0.0,33,25.8,206,1,15,4,normal
2025-09-05 16:00:00,26.3,71.0,0.0,0.0,23,24.2,208,1,16,4,normal
2025-09-05 17:00:00,25.6,72.0,0.0,0.0,55,25.3,205,2,17,4,normal
2025-09-05 18:00:00,24.9,76.0,0.0,0.0,9,23.8,201,0,18,4,normal
2025-09-05 19:00:00,24.5,80.0,0.0,0.0,10,21.7,199,0,19,4,normal
2025-09-05 20:00:00,24.5,79.0,0.0,0.0,16,22.5,198,0,20,4,normal
2025-09-05 21:00:00,24.5,78.0,0.0,0.0,22,22.4,198,1,21,4,normal
2025-09-05 22:00:00,24.5,78.0,0.0,0.0,42,22.7,198,1,22,4,normal
2025-09-05 23:00:00,24.5,80.0,0.0,0.0,56,23.1,202,2,23,4,normal
2025-09-06 00:00:00,24.2,82.0,0.0,0.0,58,23.0,203,2,0,5,normal
2025-09-06 01:00:00,23.9,84.0,0.0,0.0,69,22.2,203,2,1,5,normal
2025-09-06 02:00:00,23.8,84.0,0.0,0.0,90,20.4,202,3,2,5,cloudy
2025-09-06 03:00:00,23.9,83.0,0.0,0.0,89,18.1,197,3,3,5,cloudy
2025-09-06 04:00:00,23.8,84.0,0.0,0.0,94,17.7,201,3,4,5,cloudy
2025-09-06 05:00:00,23.7,84.0,0.0,0.0,90,17.4,204,3,5,5,cloudy
2025-09-06 06:00:00,23.8,84.0,0.0,0.0,72,17.0,206,2,6,5,normal
2025-09-06 07:00:00,24.8,78.0,0.0,0.0,76,18.1,205,2,7,5,cloudy
2025-09-06 08:00:00,25.9,71.0,0.0,0.0,98,22.4,202,3,8,5,cloudy
2025-09-06 09:00:00,26.7,67.0,0.0,0.0,60,23.6,201,2,9,5,normal
2025-09-06 10:00:00,27.3,64.0,0.0,0.0,56,24.0,201,2,10,5,normal
2025-09-06 11:00:00,27.8,60.0,0.0,0.0,54,24.8,199,2,11,5,normal
2025-09-06 12:00:00,28.2,59.0,0.0,0.0,57,25.3,199,2,12,5,normal
2025-09-06 13:00:00,28.1,58.0,0.0,0.0,58,25.2,199,2,13,5,normal
2025-09-06 14:00:00,27.9,60.0,0.0,0.0,69,25.7,199,2,14,5,normal
2025-09-06 15:00:00,27.4,63.0,0.0,0.0,95,26.5,199,3,15,5,cloudy
2025-09-06 16:00:00,26.6,68.0,0.0,0.0,100,25.0,202,3,16,5,cloudy
2025-09-06 17:00:00,25.8,72.0,0.1,0.1,99,23.8,206,51,17,5,rain
2025-09-06 18:00:00,25.0,78.0,0.0,0.0,51,20.1,211,2,18,5,normal
2025-09-06 19:00:00,24.7,81.0,0.0,0.0,89,19.7,213,3,19,5,cloudy
2025-09-06 20:00:00,24.5,82.0,0.0,0.0,92,19.9,206,3,20,5,cloudy
2025-09-06 21:00:00,24.4,84.0,0.0,0.0,89,19.6,199,3,21,5,cloudy
2025-09-06 22:00:00,24.4,83.0,0.0,0.0,96,20.6,192,3,22,5,cloudy
2025-09-06 23:00:00,24.5,83.0,0.0,0.0,98,21.3,191,3,23,5,cloudy
2025-09-07 00:00:00,24.1,87.0,0.0,0.0,97,20.0,194,3,0,6,cloudy
2025-09-07 01:00:00,24.1,87.0,0.0,0.0,97,18.5,196,3,1,6,cloudy
2025-09-07 02:00:00,23.9,88.0,0.0,0.0,99,18.3,198,3,2,6,cloudy
2025-09-07 03:00:00,23.9,88.0,0.0,0.0,95,17.9,199,3,3,6,cloudy
2025-09-07 04:00:00,23.9,88.0,0.0,0.0,94,16.3,200,3,4,6,cloudy
2025-09-07 05:00:00,23.9,89.0,0.0,0.0,96,16.3,202,3,5,6,cloudy
2025-09-07 06:00:00,23.9,89.0,0.0,0.0,100,14.9,207,3,6,6,cloudy
2025-09-07 07:00:00,24.6,87.0,0.1,0.1,100,19.1,208,51,7,6,rain
2025-09-07 08:00:00,25.9,78.0,0.1,0.1,97,19.8,206,51,8,6,rain
2025-09-07 09:00:00,26.5,76.0,0.3,0.3,74,20.4,206,51,9,6,rain
2025-09-07 10:00:00,27.3,72.0,0.5,0.5,43,21.5,204,53,10,6,rain
2025-09-07 11:00:00,28.0,70.0,0.1,0.1,29,21.7,202,51,11,6,rain
2025-09-07 12:00:00,28.3,68.0,0.1,0.1,29,22.7,201,51,12,6,rain
2025-09-07 13:00:00,28.3,68.0,0.1,0.1,32,23.6,199,51,13,6,rain
2025-09-07 14:00:00,27.9,70.0,0.1,0.1,98,23.8,199,51,14,6,rain
2025-09-07 15:00:00,27.8,70.0,0.0,0.0,37,23.6,199,1,15,6,normal
2025-09-07 16:00:00,26.9,74.0,0.0,0.0,46,22.7,199,1,16,6,normal
2025-09-07 17:00:00,26.0,78.0,0.0,0.0,98,21.5,199,3,17,6,cloudy
2025-09-07 18:00:00,25.0,84.0,0.0,0.0,93,20.3,203,3,18,6,cloudy
2025-09-07 19:00:00,24.7,88.0,0.0,0.0,96,17.9,201,3,19,6,cloudy
2025-09-07 20:00:00,24.6,88.0,0.0,0.0,69,17.7,199,2,20,6,normal
2025-09-07 21:00:00,24.6,88.0,0.0,0.0,49,17.7,199,1,21,6,normal
2025-09-07 22:00:00,24.5,90.0,0.0,0.0,31,17.8,200,1,22,6,normal
2025-09-07 23:00:00,24.2,92.0,0.0,0.0,33,17.2,203,1,23,6,normal
2025-09-08 00:00:00,24.0,94.0,0.2,0.2,37,16.9,202,51,0,0,rain
2025-09-08 01:00:00,23.6,96.0,0.2,0.2,96,16.7,200,51,1,0,rain
2025-09-08 02:00:00,23.5,96.0,0.1,0.1,85,15.2,204,51,2,0,rain
2025-09-08 03:00:00,23.3,94.0,0.2,0.2,76,15.1,208,51,3,0,rain
2025-09-08 04:00:00,23.4,94.0,0.1,0.1,96,13.9,209,51,4,0,rain
2025-09-08 05:00:00,23.4,94.0,0.1,0.1,67,14.8,211,51,5,0,rain
2025-09-08 06:00:00,23.1,95.0,0.1,0.1,42,12.7,212,51,6,0,rain
2025-09-08 07:00:00,24.3,89.0,0.1,0.1,24,14.0,206,51,7,0,rain
2025-09-08 08:00:00,25.7,79.0,0.1,0.1,43,17.0,201,51,8,0,rain
2025-09-08 09:00:00,27.1,72.0,0.1,0.1,76,17.9,199,51,9,0,rain
2025-09-08 10:00:00,27.6,70.0,0.1,0.1,41,18.5,199,51,10,0,rain
2025-09-08 11:00:00,28.2,67.0,0.1,0.1,14,19.0,197,51,11,0,rain
2025-09-08 12:00:00,28.6,64.0,0.0,0.0,8,20.3,194,0,12,0,normal
2025-09-08 13:00:00,28.5,63.0,0.0,0.0,1,20.0,194,0,13,0,normal
2025-09-08 14:00:00,28.3,65.0,0.0,0.0,3,19.5,194,0,14,0,normal
2025-09-08 15:00:00,27.7,70.0,0.0,0.0,19,19.9,192,0,15,0,normal
2025-09-08 16:00:00,26.7,75.0,0.0,0.0,10,17.5,189,0,16,0,normal
2025-09-08 17:00:00,25.8,78.0,0.0,0.0,65,19.1,191,2,17,0,normal
2025-09-08 18:00:00,24.9,83.0,0.0,0.0,91,18.9,191,3,18,0,cloudy
2025-09-08 19:00:00,24.7,86.0,0.0,0.0,47,18.3,193,1,19,0,normal
2025-09-08 20:00:00,24.6,87.0,0.0,0.0,73,17.9,195,2,20,0,normal
2025-09-08 21:00:00,24.7,86.0,0.0,0.0,77,17.7,195,2,21,0,cloudy
2025-09-08 22:00:00,24.5,88.0,0.0,0.0,88,17.2,194,3,22,0,cloudy
2025-09-08 23:00:00,24.2,91.0,0.2,0.2,100,17.8,196,51,23,0,rain
2025-09-09 00:00:00,24.1,92.0,0.2,0.2,100,18.5,195,51,0,1,rain
2025-09-09 01:00:00,23.8,94.0,0.2,0.2,100,17.9,197,51,1,1,rain
2025-09-09 02:00:00,23.7,95.0,0.5,0.5,100,17.9,197,53,2,1,rain
2025-09-09 03:00:00,23.6,95.0,0.3,0.3,100,17.6,194,51,3,1,rain
2025-09-09 04:00:00,23.9,92.0,0.1,0.1,98,17.1,197,51,4,1,rain
2025-09-09 05:00:00,23.7,92.0,0.0,0.0,80,16.4,204,3,5,1,cloudy
2025-09-09 06:00:00,23.4,94.0,0.1,0.1,87,15.6,209,51,6,1,rain
2025-09-09 07:00:00,24.5,88.0,0.1,0.1,71,17.1,212,51,7,1,rain
2025-09-09 08:00:00,26.2,77.0,0.0,0.0,76,17.7,209,2,8,1,cloudy
2025-09-09 09:00:00,27.7,68.0,0.0,0.0,100,19.1,206,3,9,1,cloudy
2025-09-09 10:00:00,28.5,64.0,0.0,0.0,99,21.2,206,3,10,1,cloudy
2025-09-09 11:00:00,28.4,64.0,0.0,0.0,95,23.2,206,3,11,1,cloudy
2025-09-09 12:00:00,27.8,68.0,0.1,0.1,53,23.5,205,51,12,1,rain
2025-09-09 13:00:00,28.2,67.0,0.1,0.1,24,24.7,204,51,13,1,rain
2025-09-09 14:00:00,28.1,68.0,0.0,0.0,14,24.4,201,0,14,1,normal
2025-09-09 15:00:00,27.6,70.0,0.0,0.0,26,24.1,200,1,15,1,normal
2025-09-09 16:00:00,26.8,74.0,0.0,0.0,13,23.0,197,0,16,1,normal
2025-09-09 17:00:00,25.8,78.0,0.0,0.0,36,22.8,200,1,17,1,normal
2025-09-09 18:00:00,24.9,84.0,0.0,0.0,38,21.2,202,1,18,1,normal
2025-09-09 19:00:00,24.6,87.0,0.0,0.0,92,18.7,202,3,19,1,cloudy
2025-09-09 20:00:00,24.6,86.0,0.0,0.0,88,19.8,201,3,20,1,cloudy
2025-09-09 21:00:00,24.7,86.0,0.0,0.0,84,19.8,201,3,21,1,cloudy
2025-09-09 22:00:00,24.5,87.0,0.0,0.0,92,20.6,199,3,22,1,cloudy
2025-09-09 23:00:00,24.5,87.0,0.1,0.1,100,20.5,200,51,23,1,rain
2025-09-10 00:00:00,24.2,89.0,0.2,0.2,100,20.5,202,51,0,2,rain
2025-09-10 01:00:00,23.9,90.0,0.1,0.1,100,19.8,204,51,1,2,rain
2025-09-10 02:00:00,23.4,93.0,0.1,0.1,100,18.5,207,51,2,2,rain
2025-09-10 03:00:00,23.3,92.0,0.2,0.2,100,19.8,208,51,3,2,rain
2025-09-10 04:00:00,23.4,94.0,0.1,0.1,98,16.9,211,51,4,2,rain
2025-09-10 05:00:00,23.3,94.0,0.0,0.0,100,16.5,216,3,5,2,cloudy
2025-09-10 06:00:00,23.4,93.0,0.1,0.1,100,16.2,219,51,6,2,rain
2025-09-10 07:00:00,24.0,89.0,0.1,0.1,100,16.9,225,51,7,2,rain
2025-09-10 08:00:00,25.2,81.0,0.4,0.4,100,22.1,221,51,8,2,rain
2025-09-10 09:00:00,27.1,70.0,0.0,0.0,100,22.3,214,3,9,2,cloudy
2025-09-10 10:00:00,28.0,65.0,0.0,0.0,100,23.4,215,3,10,2,cloudy
2025-09-10 11:00:00,28.5,57.0,0.0,0.0,100,24.6,216,3,11,2,cloudy
2025-09-10 12:00:00,29.0,51.0,0.0,0.0,100,24.9,214,3,12,2,cloudy
2025-09-10 13:00:00,28.8,55.0,0.0,0.0,100,24.5,213,3,13,2,cloudy
2025-09-10 14:00:00,28.3,59.0,0.0,0.0,93,23.7,212,3,14,2,cloudy
2025-09-10 15:00:00,27.9,62.0,0.0,0.0,89,23.1,213,3,15,2,cloudy
2025-09-10 16:00:00,27.0,68.0,0.0,0.0,22,23.1,211,1,16,2,normal
2025-09-10 17:00:00,26.2,71.0,0.0,0.0,38,23.4,210,1,17,2,normal
2025-09-10 18:00:00,25.3,77.0,0.0,0.0,17,21.4,209,0,18,2,normal
2025-09-10 19:00:00,24.7,82.0,0.0,0.0,40,18.1,208,1,19,2,normal
2025-09-10 20:00:00,24.6,82.0,0.0,0.0,8,18.6,200,0,20,2,normal
2025-09-10 21:00:00,24.6,82.0,0.0,0.0,27,20.1,197,1,21,2,normal
2025-09-10 22:00:00,24.3,84.0,0.0,0.0,55,21.4,195,2,22,2,normal
2025-09-10 23:00:00,23.8,89.0,0.0,0.0,91,20.5,195,3,23,2,cloudy
2025-09-11 00:00:00,23.7,89.0,0.0,0.0,91,20.7,200,3,0,3,cloudy
2025-09-11 01:00:00,23.8,87.0,0.0,0.0,95,20.2,200,3,1,3,cloudy
2025-09-11 02:00:00,23.7,88.0,0.0,0.0,94,19.3,204,3,2,3,cloudy
2025-09-11 03:00:00,23.5,90.0,0.0,0.0,47,18.8,210,1,3,3,normal
2025-09-11 04:00:00,23.6,87.0,0.0,0.0,47,18.6,207,1,4,3,normal
2025-09-11 05:00:00,23.5,89.0,0.0,0.0,15,17.5,210,0,5,3,normal
2025-09-11 06:00:00,23.2,90.0,0.0,0.0,23,16.7,218,1,6,3,normal
2025-09-11 07:00:00,24.4,83.0,0.0,0.0,35,18.0,220,1,7,3,normal
2025-09-11 08:00:00,25.7,75.0,0.0,0.0,34,21.4,216,1,8,3,normal
2025-09-11 09:00:00,26.6,69.0,0.1,0.1,39,22.1,215,51,9,3,rain
2025-09-11 10:00:00,27.4,67.0,0.1,0.1,21,23.3,213,51,10,3,rain
2025-09-11 11:00:00,27.9,65.0,0.1,0.1,13,23.7,209,51,11,3,rain
2025-09-11 12:00:00,28.3,63.0,0.0,0.0,19,24.1,208,0,12,3,normal
2025-09-11 13:00:00,28.5,62.0,0.0,0.0,16,24.7,208,0,13,3,normal
2025-09-11 14:00:00,28.2,63.0,0.0,0.0,22,24.7,209,1,14,3,normal
2025-09-11 15:00:00,27.7,65.0,0.0,0.0,21,24.9,209,1,15,3,normal
2025-09-11 16:00:00,27.0,67.0,0.0,0.0,28,24.9,204,1,16,3,normal
2025-09-11 17:00:00,25.9,73.0,0.0,0.0,79,24.3,203,2,17,3,cloudy
2025-09-11 18:00:00,25.2,77.0,0.0,0.0,60,20.8,205,2,18,3,normal
2025-09-11 19:00:00,24.7,82.0,0.0,0.0,30,19.2,205,1,19,3,normal
2025-09-11 20:00:00,24.3,85.0,0.0,0.0,20,18.0,203,1,20,3,normal
2025-09-11 21:00:00,24.3,85.0,0.0,0.0,23,18.8,202,1,21,3,normal
2025-09-11 22:00:00,24.3,85.0,0.0,0.0,19,18.7,203,0,22,3,normal
2025-09-11 23:00:00,24.2,85.0,0.0,0.0,19,18.4,208,0,23,3,normal
2025-09-12 00:00:00,23.7,88.0,0.0,0.0,27,18.0,215,1,0,4,normal
2025-09-12 01:00:00,23.4,90.0,0.2,0.2,26,18.4,217,51,1,4,rain
2025-09-12 02:00:00,23.1,93.0,0.2,0.2,46,17.6,223,51,2,4,rain
2025-09-12 03:00:00,22.9,94.0,0.1,0.1,22,15.9,227,51,3,4,rain
2025-09-12 04:00:00,23.2,91.0,0.0,0.0,21,17.0,219,1,4,4,normal
2025-09-12 05:00:00,23.5,89.0,0.0,0.0,12,17.0,219,0,5,4,normal
2025-09-12 06:00:00,23.5,87.0,0.0,0.0,12,17.9,219,0,6,4,normal
2025-09-12 07:00:00,24.6,82.0,0.0,0.0,23,20.7,220,1,7,4,normal
2025-09-12 08:00:00,25.5,77.0,0.1,0.1,33,23.3,219,51,8,4,rain
2025-09-12 09:00:00,26.5,71.0,0.2,0.2,36,24.6,216,51,9,4,rain
2025-09-12 10:00:00,27.3,68.0,0.4,0.4,41,25.8,212,51,10,4,rain
2025-09-12 11:00:00,27.8,67.0,0.3,0.3,17,25.9,208,51,11,4,rain
2025-09-12 12:00:00,28.0,67.0,0.1,0.1,24,25.4,203,51,12,4,rain
2025-09-12 13:00:00,28.3,66.0,0.0,0.0,84,26.5,200,3,13,4,cloudy
2025-09-12 14:00:00,27.8,68.0,0.0,0.0,92,25.8,201,3,14,4,cloudy
2025-09-12 15:00:00,27.3,69.0,0.1,0.1,82,26.4,200,51,15,4,rain
2025-09-12 16:00:00,26.5,71.0,0.1,0.1,74,25.7,202,51,16,4,rain
2025-09-12 17:00:00,25.6,76.0,0.1,0.1,44,26.0,203,51,17,4,rain
2025-09-12 18:00:00,24.9,80.0,0.0,0.0,41,23.8,204,1,18,4,normal
2025-09-12 19:00:00,24.6,83.0,0.0,0.0,54,21.9,203,2,19,4,normal
2025-09-12 20:00:00,24.5,84.0,0.0,0.0,62,21.9,202,2,20,4,normal
2025-09-12 21:00:00,24.4,85.0,0.1,0.1,88,20.1,201,51,21,4,rain
2025-09-12 22:00:00,24.3,85.0,0.0,0.0,100,19.1,202,3,22,4,cloudy
2025-09-12 23:00:00,24.0,87.0,0.1,0.1,100,18.8,203,51,23,4,rain
2025-09-13 00:00:00,23.7,89.0,0.1,0.1,100,18.1,207,51,0,5,rain
2025-09-13 01:00:00,23.5,90.0,0.2,0.2,100,19.1,211,51,1,5,rain
2025-09-13 02:00:00,23.5,88.0,0.3,0.3,30,19.0,215,51,2,5,rain
2025-09-13 03:00:00,23.0,91.0,0.3,0.3,38,17.7,219,51,3,5,rain
2025-09-13 04:00:00,23.1,92.0,0.3,0.3,45,16.9,215,51,4,5,rain
2025-09-13 05:00:00,23.0,92.0,0.4,0.4,40,17.0,214,51,5,5,rain
2025-09-13 06:00:00,23.0,93.0,0.1,0.1,78,16.9,214,51,6,5,rain
2025-09-13 07:00:00,24.3,87.0,0.1,0.1,95,18.9,212,51,7,5,rain
2025-09-13 08:00:00,26.3,72.0,0.0,0.0,95,20.6,209,3,8,5,cloudy
2025-09-13 09:00:00,27.3,66.0,0.0,0.0,57,22.2,209,2,9,5,normal
2025-09-13 10:00:00,28.0,63.0,0.0,0.0,26,22.6,209,1,10,5,normal
2025-09-13 11:00:00,28.3,63.0,0.0,0.0,21,23.5,207,1,11,5,normal
2025-09-13 12:00:00,28.6,62.0,0.0,0.0,17,25.0,207,0,12,5,normal
2025-09-13 13:00:00,28.5,62.0,0.0,0.0,29,25.9,208,1,13,5,normal
2025-09-13 14:00:00,28.1,63.0,0.0,0.0,34,26.6,211,1,14,5,normal
2025-09-13 15:00:00,27.4,66.0,0.0,0.0,62,26.1,214,2,15,5,normal
2025-09-13 16:00:00,27.0,68.0,0.0,0.0,35,25.0,205,1,16,5,normal
2025-09-13 17:00:00,25.9,75.0,0.0,0.0,37,24.1,202,1,17,5,normal
2025-09-13 18:00:00,24.9,81.0,0.0,0.0,21,22.1,202,1,18,5,normal
2025-09-13 19:00:00,24.8,83.0,0.0,0.0,32,21.1,197,1,19,5,normal
2025-09-13 20:00:00,24.7,83.0,0.0,0.0,35,21.6,195,1,20,5,normal
2025-09-13 21:00:00,24.6,84.0,0.0,0.0,70,20.7,193,2,21,5,normal
2025-09-13 22:00:00,24.5,84.0,0.0,0.0,81,20.5,193,3,22,5,cloudy
2025-09-13 23:00:00,24.3,86.0,0.0,0.0,57,19.8,195,2,23,5,normal
2025-09-14 00:00:00,24.2,87.0,0.0,0.0,40,19.6,199,1,0,6,normal
2025-09-14 01:00:00,24.0,88.0,0.0,0.0,27,19.2,200,1,1,6,normal
2025-09-14 02:00:00,23.9,89.0,0.0,0.0,29,19.0,200,1,2,6,normal
2025-09-14 03:00:00,23.7,89.0,0.0,0.0,34,18.7,200,1,3,6,normal
2025-09-14 04:00:00,24.1,86.0,0.0,0.0,47,17.8,198,1,4,6,normal
2025-09-14 05:00:00,24.1,86.0,0.0,0.0,56,17.7,199,2,5,6,normal
2025-09-14 06:00:00,24.1,87.0,0.0,0.0,40,17.1,199,1,6,6,normal
2025-09-14 07:00:00,25.0,82.0,0.1,0.1,84,20.4,201,51,7,6,rain
2025-09-14 08:00:00,26.1,75.0,0.1,0.1,94,22.1,202,51,8,6,rain
2025-09-14 09:00:00,26.9,70.0,0.1,0.1,70,24.0,199,51,9,6,rain
2025-09-14 10:00:00,27.3,68.0,0.2,0.2,87,25.2,200,51,10,6,rain
2025-09-14 11:00:00,27.5,67.0,0.2,0.2,63,25.8,202,51,11,6,rain
2025-09-14 12:00:00,27.9,65.0,0.2,0.2,75,25.8,205,51,12,6,rain
2025-09-14 13:00:00,27.8,65.0,0.1,0.1,84,26.1,206,51,13,6,rain
2025-09-14 14:00:00,27.5,66.0,0.1,0.1,100,26.2,206,51,14,6,rain
2025-09-14 15:00:00,27.0,69.0,0.0,0.0,92,26.3,207,3,15,6,cloudy
2025-09-14 16:00:00,26.1,72.0,0.1,0.1,62,25.4,208,51,16,6,rain
2025-09-14 17:00:00,25.4,77.0,0.0,0.0,52,23.0,209,2,17,6,normal
2025-09-14 18:00:00,24.5,84.0,0.1,0.1,100,19.3,207,51,18,6,rain
2025-09-14 19:00:00,24.2,85.0,0.0,0.0,73,19.3,201,2,19,6,normal
2025-09-14 20:00:00,24.3,84.0,0.0,0.0,76,18.6,192,2,20,6,cloudy
2025-09-14 21:00:00,24.2,84.0,0.0,0.0,91,18.4,184,3,21,6,cloudy
2025-09-14 22:00:00,24.1,85.0,0.0,0.0,98,18.4,184,3,22,6,cloudy
2025-09-14 23:00:00,24.0,85.0,0.0,0.0,71,17.6,188,2,23,6,normal
2025-09-15 00:00:00,23.8,86.0,0.0,0.0,38,17.3,190,1,0,0,normal
2025-09-15 01:00:00,23.8,85.0,0.0,0.0,99,16.9,194,3,1,0,cloudy
2025-09-15 02:00:00,23.8,85.0,0.0,0.0,95,15.7,193,3,2,0,cloudy
2025-09-15 03:00:00,23.6,86.0,0.0,0.0,20,14.8,193,1,3,0,normal
2025-09-15 04:00:00,23.6,85.0,0.0,0.0,15,13.6,198,0,4,0,normal
2025-09-15 05:00:00,23.5,85.0,0.0,0.0,25,13.6,198,1,5,0,normal
2025-09-15 06:00:00,23.4,86.0,0.0,0.0,24,12.8,199,1,6,0,normal
2025-09-15 07:00:00,24.6,80.0,0.0,0.0,50,15.9,198,2,7,0,normal
2025-09-15 08:00:00,25.8,74.0,0.0,0.0,94,17.5,197,3,8,0,cloudy
2025-09-15 09:00:00,26.9,67.0,0.1,0.1,67,18.8,195,51,9,0,rain
2025-09-15 10:00:00,27.1,67.0,0.2,0.2,74,20.0,194,51,10,0,rain
2025-09-15 11:00:00,27.2,67.0,0.1,0.1,65,20.9,195,51,11,0,rain
2025-09-15 12:00:00,27.4,65.0,0.1,0.1,53,21.9,199,51,12,0,rain
2025-09-15 13:00:00,28.1,62.0,0.0,0.0,100,22.7,198,3,13,0,cloudy
2025-09-15 14:00:00,27.8,62.0,0.0,0.0,18,23.3,198,0,14,0,normal
2025-09-15 15:00:00,27.5,63.0,0.0,0.0,32,24.0,201,1,15,0,normal
2025-09-15 16:00:00,26.8,65.0,0.0,0.0,33,23.6,201,1,16,0,normal
2025-09-15 17:00:00,25.9,69.0,0.1,0.1,28,22.1,208,51,17,0,rain
2025-09-15 18:00:00,25.1,74.0,0.0,0.0,2,17.2,213,0,18,0,normal
2025-09-15 19:00:00,24.6,76.0,0.0,0.0,73,16.2,203,2,19,0,normal
2025-09-15 20:00:00,24.5,77.0,0.0,0.0,95,17.7,195,3,20,0,cloudy
2025-09-15 21:00:00,24.5,77.0,0.0,0.0,96,18.9,196,3,21,0,cloudy
2025-09-15 22:00:00,24.5,81.0,0.0,0.0,58,20.2,193,2,22,0,normal
2025-09-15 23:00:00,24.1,85.0,0.0,0.0,81,18.9,194,3,23,0,cloudy
2025-09-16 00:00:00,24.1,84.0,0.0,0.0,76,18.4,195,2,0,1,cloudy
2025-09-16 01:00:00,23.9,84.0,0.0,0.0,100,18.6,198,3,1,1,cloudy
2025-09-16 02:00:00,23.8,85.0,0.0,0.0,98,17.8,198,3,2,1,cloudy
2025-09-16 03:00:00,23.7,86.0,0.0,0.0,12,17.9,199,0,3,1,normal
2025-09-16 04:00:00,24.0,83.0,0.0,0.0,37,16.0,201,1,4,1,normal
2025-09-16 05:00:00,24.0,82.0,0.0,0.0,13,16.1,202,0,5,1,normal
2025-09-16 06:00:00,23.8,83.0,0.0,0.0,16,15.6,201,0,6,1,normal
2025-09-16 07:00:00,25.1,77.0,0.0,0.0,19,18.2,201,0,7,1,normal
2025-09-16 08:00:00,26.2,71.0,0.0,0.0,13,19.1,202,0,8,1,normal
2025-09-16 09:00:00,27.3,65.0,0.0,0.0,5,19.4,205,0,9,1,normal
2025-09-16 10:00:00,28.2,60.0,0.0,0.0,20,21.1,200,1,10,1,normal
2025-09-16 11:00:00,28.6,58.0,0.0,0.0,40,22.4,200,1,11,1,normal
2025-09-16 12:00:00,28.6,59.0,0.0,0.0,37,22.7,200,1,12,1,normal
2025-09-16 13:00:00,28.7,58.0,0.0,0.0,27,22.4,200,1,13,1,normal
2025-09-16 14:00:00,28.5,59.0,0.0,0.0,39,23.1,199,1,14,1,normal
2025-09-16 15:00:00,28.1,60.0,0.0,0.0,56,23.6,201,2,15,1,normal
2025-09-16 16:00:00,27.2,64.0,0.0,0.0,65,23.5,200,2,16,1,normal
2025-09-16 17:00:00,26.3,70.0,0.0,0.0,73,23.6,203,2,17,1,normal
2025-09-16 18:00:00,25.4,75.0,0.0,0.0,71,20.5,204,2,18,1,normal
2025-09-16 19:00:00,25.4,76.0,0.0,0.0,80,19.5,203,3,19,1,cloudy
2025-09-16 20:00:00,25.3,78.0,0.0,0.0,35,19.1,203,1,20,1,normal
2025-09-16 21:00:00,24.8,83.0,0.0,0.0,13,18.4,206,0,21,1,normal
2025-09-16 22:00:00,24.5,85.0,0.0,0.0,25,16.5,202,1,22,1,normal
2025-09-16 23:00:00,24.5,85.0,0.0,0.0,57,15.1,200,2,23,1,normal
2025-09-17 00:00:00,24.3,88.0,0.0,0.0,34,15.6,202,1,0,2,normal
2025-09-17 01:00:00,23.9,92.0,0.0,0.0,44,15.5,203,1,1,2,normal
2025-09-17 02:00:00,24.0,91.0,0.0,0.0,40,14.9,202,1,2,2,normal
2025-09-17 03:00:00,23.9,92.0,0.0,0.0,34,14.4,204,1,3,2,normal
2025-09-17 04:00:00,23.9,93.0,0.1,0.1,40,11.2,204,51,4,2,rain
2025-09-17 05:00:00,23.7,94.0,0.2,0.2,32,11.2,204,51,5,2,rain
2025-09-17 06:00:00,23.7,95.0,0.0,0.0,33,11.6,204,1,6,2,normal
2025-09-17 07:00:00,24.9,88.0,0.0,0.0,25,12.1,201,1,7,2,normal
2025-09-17 08:00:00,26.2,79.0,0.1,0.1,54,14.7,195,51,8,2,rain
2025-09-17 09:00:00,27.5,71.0,0.1,0.1,54,15.9,194,51,9,2,rain
2025-09-17 10:00:00,28.3,67.0,0.2,0.2,58,17.6,194,51,10,2,rain
2025-09-17 11:00:00,28.4,68.0,0.2,0.2,57,18.4,195,51,11,2,rain
2025-09-17 12:00:00,28.2,69.0,0.1,0.1,63,18.6,192,51,12,2,rain
2025-09-17 13:00:00,28.6,67.0,0.0,0.0,48,20.0,188,1,13,2,normal
2025-09-17 14:00:00,28.7,66.0,0.0,0.0,23,20.7,183,1,14,2,normal
2025-09-17 15:00:00,28.1,69.0,0.0,0.0,23,19.8,182,1,15,2,normal
2025-09-17 16:00:00,27.5,71.0,0.0,0.0,40,17.8,182,1,16,2,normal
2025-09-17 17:00:00,26.4,77.0,0.1,0.1,96,17.5,179,51,17,2,rain
2025-09-17 18:00:00,25.5,83.0,0.0,0.0,62,15.9,177,2,18,2,normal
2025-09-17 19:00:00,25.0,87.0,0.0,0.0,23,14.7,172,1,19,2,normal
2025-09-17 20:00:00,24.8,88.0,0.0,0.0,53,13.7,169,2,20,2,normal
2025-09-17 21:00:00,24.6,89.0,0.0,0.0,81,12.8,171,3,21,2,cloudy
2025-09-17 22:00:00,24.5,89.0,0.0,0.0,71,11.9,170,2,22,2,normal
2025-09-17 23:00:00,24.4,89.0,0.0,0.0,65,11.3,166,2,23,2,normal
2025-09-18 00:00:00,24.2,91.0,0.0,0.0,60,11.9,165,2,0,3,normal
2025-09-18 01:00:00,24.0,92.0,0.0,0.0,63,10.7,168,2,1,3,normal
2025-09-18 02:00:00,24.0,92.0,0.0,0.0,25,9.8,172,1,2,3,normal
2025-09-18 03:00:00,23.8,93.0,0.1,0.1,62,8.0,172,51,3,3,rain
2025-09-18 04:00:00,24.0,91.0,0.0,0.0,61,8.5,167,2,4,3,normal
2025-09-18 05:00:00,23.9,92.0,0.1,0.1,78,8.9,167,51,5,3,rain
2025-09-18 06:00:00,24.0,92.0,0.1,0.1,79,8.8,163,51,6,3,rain
2025-09-18 07:00:00,24.9,86.0,0.1,0.1,90,11.8,164,51,7,3,rain
2025-09-18 08:00:00,26.2,78.0,0.1,0.1,78,13.4,166,51,8,3,rain
2025-09-18 09:00:00,27.4,71.0,0.0,0.0,79,14.5,163,2,9,3,cloudy
2025-09-18 10:00:00,28.3,67.0,0.0,0.0,79,16.5,164,2,10,3,cloudy
2025-09-18 11:00:00,28.4,68.0,0.3,0.3,96,18.0,164,51,11,3,rain
2025-09-18 12:00:00,28.2,69.0,0.4,0.4,87,18.8,166,51,12,3,rain
2025-09-18 13:00:00,28.2,69.0,0.1,0.1,82,19.6,169,51,13,3,rain
2025-09-18 14:00:00,28.2,68.0,0.1,0.1,71,20.3,173,51,14,3,rain
2025-09-18 15:00:00,27.9,71.0,0.0,0.0,15,20.3,173,0,15,3,normal
2025-09-18 16:00:00,27.3,72.0,0.0,0.0,18,20.6,170,0,16,3,normal
2025-09-18 17:00:00,26.3,77.0,0.0,0.0,34,20.8,174,1,17,3,normal
2025-09-18 18:00:00,25.5,82.0,0.0,0.0,18,17.9,174,0,18,3,normal
2025-09-18 19:00:00,25.1,86.0,0.0,0.0,21,16.7,173,1,19,3,normal
2025-09-18 20:00:00,24.9,86.0,0.0,0.0,21,16.2,171,1,20,3,normal
2025-09-18 21:00:00,24.8,86.0,0.0,0.0,94,15.2,174,3,21,3,cloudy
2025-09-18 22:00:00,24.8,85.0,0.0,0.0,63,14.9,173,2,22,3,normal
2025-09-18 23:00:00,24.7,86.0,0.0,0.0,77,14.3,174,2,23,3,cloudy
2025-09-19 00:00:00,24.4,86.0,0.0,0.0,98,14.3,175,3,0,4,cloudy
2025-09-19 01:00:00,24.2,87.0,0.0,0.0,94,13.6,173,3,1,4,cloudy
2025-09-19 02:00:00,24.2,86.0,0.0,0.0,94,13.0,176,3,2,4,cloudy
2025-09-19 03:00:00,24.2,86.0,0.0,0.0,91,12.2,179,3,3,4,cloudy
2025-09-19 04:00:00,24.3,81.0,0.0,0.0,97,12.1,177,3,4,4,cloudy
2025-09-19 05:00:00,24.5,80.0,0.0,0.0,95,13.7,180,3,5,4,cloudy
2025-09-19 06:00:00,24.6,79.0,0.0,0.0,93,14.4,183,3,6,4,cloudy
2025-09-19 07:00:00,26.0,72.0,0.0,0.0,97,16.6,184,3,7,4,cloudy
2025-09-19 08:00:00,26.9,68.0,0.0,0.0,96,18.8,187,3,8,4,cloudy
2025-09-19 09:00:00,27.5,66.0,0.2,0.2,92,19.4,186,51,9,4,rain
2025-09-19 10:00:00,27.8,66.0,0.1,0.1,100,19.9,187,51,10,4,rain
2025-09-19 11:00:00,26.7,73.0,0.1,0.1,100,20.7,191,51,11,4,rain
2025-09-19 12:00:00,28.2,62.0,0.1,0.1,100,24.0,197,51,12,4,rain
2025-09-19 13:00:00,28.6,61.0,0.0,0.0,100,23.9,203,3,13,4,cloudy
2025-09-19 14:00:00,28.5,60.0,0.0,0.0,99,24.1,203,3,14,4,cloudy
2025-09-19 15:00:00,27.8,62.0,0.0,0.0,100,23.1,204,3,15,4,cloudy
2025-09-19 16:00:00,27.2,63.0,0.0,0.0,100,20.8,197,3,16,4,cloudy
2025-09-19 17:00:00,26.4,66.0,0.0,0.0,100,19.2,197,3,17,4,cloudy
2025-09-19 18:00:00,25.6,70.0,0.0,0.0,100,17.9,197,3,18,4,cloudy
2025-09-19 19:00:00,25.1,73.0,0.0,0.0,100,18.4,202,3,19,4,cloudy
2025-09-19 20:00:00,24.5,79.0,0.0,0.0,99,17.2,206,3,20,4,cloudy
2025-09-19 21:00:00,24.3,80.0,0.0,0.0,99,16.2,201,3,21,4,cloudy
2025-09-19 22:00:00,24.3,79.0,0.0,0.0,100,15.5,203,3,22,4,cloudy
2025-09-19 23:00:00,24.1,80.0,0.0,0.0,99,14.6,202,3,23,4,cloudy
2025-09-20 00:00:00,23.8,82.0,0.0,0.0,99,14.8,198,3,0,5,cloudy
2025-09-20 01:00:00,23.7,83.0,0.0,0.0,100,16.1,196,3,1,5,cloudy
2025-09-20 02:00:00,23.8,83.0,0.0,0.0,100,16.7,197,3,2,5,cloudy
2025-09-20 03:00:00,23.7,82.0,0.0,0.0,99,16.6,198,3,3,5,cloudy
2025-09-20 04:00:00,23.4,83.0,0.0,0.0,99,15.0,197,3,4,5,cloudy
2025-09-20 05:00:00,23.4,83.0,0.0,0.0,100,15.1,202,3,5,5,cloudy
2025-09-20 06:00:00,23.3,85.0,0.0,0.0,35,13.8,206,1,6,5,normal
2025-09-20 07:00:00,24.9,77.0,0.0,0.0,24,15.3,208,1,7,5,normal
2025-09-20 08:00:00,26.3,70.0,0.0,0.0,8,16.1,209,0,8,5,normal
2025-09-20 09:00:00,27.5,64.0,0.0,0.0,19,17.6,209,0,9,5,normal
2025-09-20 10:00:00,28.5,58.0,0.0,0.0,93,17.6,218,3,10,5,cloudy
2025-09-20 11:00:00,29.2,56.0,0.0,0.0,95,19.2,209,3,11,5,cloudy
2025-09-20 12:00:00,29.4,55.0,0.0,0.0,100,22.0,206,3,12,5,cloudy
2025-09-20 13:00:00,29.0,58.0,0.0,0.0,98,22.2,212,3,13,5,cloudy
2025-09-20 14:00:00,28.9,59.0,0.0,0.0,100,23.2,212,3,14,5,cloudy
2025-09-20 15:00:00,27.9,64.0,0.0,0.0,85,21.6,212,3,15,5,cloudy
2025-09-20 16:00:00,27.6,65.0,0.0,0.0,12,20.8,214,0,16,5,normal
2025-09-20 17:00:00,26.3,73.0,0.0,0.0,20,20.0,212,1,17,5,normal
2025-09-20 18:00:00,25.3,79.0,0.0,0.0,40,17.3,216,1,18,5,normal
2025-09-20 19:00:00,25.2,80.0,0.0,0.0,10,17.0,216,0,19,5,normal
2025-09-20 20:00:00,25.1,80.0,0.0,0.0,70,18.3,217,2,20,5,normal
2025-09-20 21:00:00,25.2,81.0,0.0,0.0,66,19.3,214,2,21,5,normal
2025-09-20 22:00:00,25.0,85.0,0.0,0.0,60,20.3,213,2,22,5,normal
2025-09-20 23:00:00,24.7,88.0,0.0,0.0,75,19.3,215,2,23,5,cloudy
2025-09-21 00:00:00,24.1,92.0,0.1,0.1,81,18.8,216,51,0,6,rain
2025-09-21 01:00:00,23.9,93.0,0.1,0.1,100,18.6,218,51,1,6,rain
2025-09-21 02:00:00,24.2,89.0,0.0,0.0,100,18.5,221,3,2,6,cloudy
2025-09-21 03:00:00,24.3,89.0,0.1,0.1,95,17.3,222,51,3,6,rain
2025-09-21 04:00:00,24.1,91.0,0.1,0.1,56,16.5,217,51,4,6,rain
2025-09-21 05:00:00,24.1,91.0,0.1,0.1,75,16.6,217,51,5,6,rain
2025-09-21 06:00:00,24.2,91.0,0.1,0.1,100,15.8,217,51,6,6,rain
2025-09-21 07:00:00,24.9,86.0,0.1,0.1,100,16.7,216,51,7,6,rain
2025-09-21 08:00:00,25.9,80.0,0.2,0.2,49,17.9,211,51,8,6,rain
2025-09-21 09:00:00,27.0,74.0,0.5,0.5,67,19.0,206,53,9,6,rain
2025-09-21 10:00:00,27.8,73.0,0.4,0.4,28,20.2,205,51,10,6,rain
2025-09-21 11:00:00,28.4,70.0,0.1,0.1,17,21.7,202,51,11,6,rain
2025-09-21 12:00:00,28.8,68.0,0.1,0.1,24,22.7,201,51,12,6,rain
2025-09-21 13:00:00,28.7,69.0,0.0,0.0,31,24.1,199,1,13,6,normal
2025-09-21 14:00:00,28.2,71.0,0.3,0.3,23,24.0,200,51,14,6,rain
2025-09-21 15:00:00,27.6,72.0,0.2,0.2,39,25.0,198,51,15,6,rain
2025-09-21 16:00:00,26.7,77.0,0.1,0.1,39,24.5,195,51,16,6,rain
2025-09-21 17:00:00,25.8,81.0,0.1,0.1,39,24.0,199,51,17,6,rain
2025-09-21 18:00:00,24.9,87.0,0.1,0.1,32,21.5,202,51,18,6,rain
2025-09-21 19:00:00,24.3,90.0,0.2,0.2,36,19.8,201,51,19,6,rain
2025-09-21 20:00:00,24.5,88.0,0.1,0.1,43,20.5,198,51,20,6,rain
2025-09-21 21:00:00,24.7,87.0,0.1,0.1,29,19.2,197,51,21,6,rain
2025-09-21 22:00:00,24.8,86.0,0.0,0.0,17,18.7,198,0,22,6,normal
2025-09-21 23:00:00,24.6,87.0,0.0,0.0,19,18.6,203,0,23,6,normal
2025-09-22 00:00:00,24.4,88.0,0.1,0.1,24,17.9,206,51,0,0,rain
2025-09-22 01:00:00,24.3,88.0,0.0,0.0,38,17.6,207,1,1,0,normal
2025-09-22 02:00:00,24.1,89.0,0.1,0.1,29,18.0,207,51,2,0,rain
2025-09-22 03:00:00,23.9,91.0,0.2,0.2,19,17.3,209,51,3,0,rain
2025-09-22 04:00:00,24.3,89.0,0.1,0.1,19,17.0,211,51,4,0,rain
2025-09-22 05:00:00,24.0,90.0,0.0,0.0,19,17.4,212,0,5,0,normal
2025-09-22 06:00:00,24.0,88.0,0.0,0.0,43,15.7,214,1,6,0,normal
2025-09-22 07:00:00,25.2,81.0,0.0,0.0,47,17.2,211,1,7,0,normal
2025-09-22 08:00:00,25.9,77.0,0.1,0.1,64,18.9,211,51,8,0,rain
2025-09-22 09:00:00,26.9,71.0,0.1,0.1,62,19.5,205,51,9,0,rain
2025-09-22 10:00:00,27.5,69.0,0.3,0.3,92,21.3,204,51,10,0,rain
2025-09-22 11:00:00,27.7,70.0,0.2,0.2,56,21.4,205,51,11,0,rain
2025-09-22 12:00:00,28.4,66.0,0.0,0.0,65,24.5,202,2,12,0,normal
2025-09-22 13:00:00,28.4,66.0,0.0,0.0,97,26.1,201,3,13,0,cloudy
2025-09-22 14:00:00,28.0,67.0,0.1,0.1,63,26.9,202,51,14,0,rain
2025-09-22 15:00:00,27.6,68.0,0.1,0.1,87,27.7,201,51,15,0,rain
2025-09-22 16:00:00,27.1,69.0,0.0,0.0,91,25.4,201,3,16,0,cloudy
2025-09-22 17:00:00,26.1,74.0,0.0,0.0,96,23.7,197,3,17,0,cloudy
2025-09-22 18:00:00,25.4,77.0,0.0,0.0,100,21.0,196,3,18,0,cloudy
2025-09-22 19:00:00,25.3,78.0,0.0,0.0,97,19.8,196,3,19,0,cloudy
2025-09-22 20:00:00,25.2,77.0,0.0,0.0,99,20.0,195,3,20,0,cloudy
2025-09-22 21:00:00,25.2,77.0,0.0,0.0,99,19.1,194,3,21,0,cloudy
2025-09-22 22:00:00,25.2,77.0,0.0,0.0,97,18.8,193,3,22,0,cloudy
2025-09-22 23:00:00,25.0,78.0,0.0,0.0,97,18.5,193,3,23,0,cloudy
2025-09-23 00:00:00,24.8,78.0,0.0,0.0,99,17.8,200,3,0,1,cloudy
2025-09-23 01:00:00,24.6,79.0,0.0,0.0,98,18.7,199,3,1,1,cloudy
2025-09-23 02:00:00,24.5,79.0,0.0,0.0,98,19.6,197,3,2,1,cloudy
2025-09-23 03:00:00,24.6,80.0,0.0,0.0,99,18.7,198,3,3,1,cloudy
2025-09-23 04:00:00,25.1,74.0,0.0,0.0,100,19.5,192,3,4,1,cloudy
2025-09-23 05:00:00,24.9,75.0,0.0,0.0,99,18.6,195,3,5,1,cloudy
2025-09-23 06:00:00,24.8,76.0,0.0,0.0,100,18.1,199,3,6,1,cloudy
2025-09-23 07:00:00,25.9,70.0,0.0,0.0,39,19.7,198,1,7,1,normal
2025-09-23 08:00:00,26.8,64.0,0.0,0.0,63,23.1,198,2,8,1,normal
2025-09-23 09:00:00,27.5,62.0,0.0,0.0,48,21.7,199,1,9,1,normal
2025-09-23 10:00:00,28.4,59.0,0.0,0.0,44,21.9,201,1,10,1,normal
2025-09-23 11:00:00,27.9,65.0,0.1,0.1,66,23.2,199,51,11,1,rain
2025-09-23 12:00:00,27.3,68.0,0.3,0.3,100,23.5,200,51,12,1,rain
2025-09-23 13:00:00,27.4,68.0,0.3,0.3,98,23.5,201,51,13,1,rain
2025-09-23 14:00:00,27.1,70.0,0.4,0.4,100,24.0,201,51,14,1,rain
2025-09-23 15:00:00,26.8,70.0,0.2,0.2,96,23.5,201,51,15,1,rain
2025-09-23 16:00:00,26.3,72.0,0.1,0.1,99,21.5,197,51,16,1,rain
2025-09-23 17:00:00,25.2,78.0,0.1,0.1,100,21.4,197,51,17,1,rain
2025-09-23 18:00:00,24.3,84.0,0.0,0.0,96,20.8,198,3,18,1,cloudy
2025-09-23 19:00:00,24.0,87.0,0.0,0.0,100,18.3,200,3,19,1,cloudy
2025-09-23 20:00:00,23.9,87.0,0.1,0.1,100,18.8,200,51,20,1,rain
2025-09-23 21:00:00,24.0,86.0,0.0,0.0,99,17.7,201,3,21,1,cloudy
2025-09-23 22:00:00,24.3,83.0,0.0,0.0,100,19.5,202,3,22,1,cloudy
2025-09-23 23:00:00,24.4,80.0,0.0,0.0,100,18.4,203,3,23,1,cloudy
2025-09-24 00:00:00,24.5,78.0,0.0,0.0,100,19.0,202,3,0,2,cloudy
2025-09-24 01:00:00,24.3,78.0,0.0,0.0,100,19.3,204,3,1,2,cloudy
2025-09-24 02:00:00,24.2,78.0,0.0,0.0,93,19.8,203,3,2,2,cloudy
2025-09-24 03:00:00,24.2,77.0,0.0,0.0,97,20.2,200,3,3,2,cloudy
2025-09-24 04:00:00,24.2,76.0,0.0,0.0,99,18.4,201,3,4,2,cloudy
2025-09-24 05:00:00,24.1,75.0,0.0,0.0,100,17.9,206,3,5,2,cloudy
2025-09-24 06:00:00,24.0,75.0,0.0,0.0,71,16.2,210,2,6,2,normal
2025-09-24 07:00:00,25.6,68.0,0.0,0.0,46,17.3,214,1,7,2,normal
2025-09-24 08:00:00,26.9,61.0,0.0,0.0,72,19.1,211,2,8,2,normal
2025-09-24 09:00:00,28.1,56.0,0.0,0.0,90,20.5,208,3,9,2,cloudy
2025-09-24 10:00:00,28.5,54.0,0.0,0.0,91,21.3,212,3,10,2,cloudy
2025-09-24 11:00:00,28.6,55.0,0.0,0.0,94,20.8,208,3,11,2,cloudy
2025-09-24 12:00:00,28.7,54.0,0.0,0.0,98,21.4,207,3,12,2,cloudy
2025-09-24 13:00:00,28.9,52.0,0.0,0.0,94,22.0,207,3,13,2,cloudy
2025-09-24 14:00:00,28.5,57.0,0.0,0.0,56,23.4,204,2,14,2,normal
2025-09-24 15:00:00,27.8,60.0,0.0,0.0,55,25.5,207,2,15,2,normal
2025-09-24 16:00:00,26.5,71.0,0.0,0.0,80,24.4,206,3,16,2,cloudy
2025-09-24 17:00:00,25.6,74.0,0.0,0.0,16,22.0,203,0,17,2,normal
2025-09-24 18:00:00,24.9,77.0,0.0,0.0,12,20.9,197,0,18,2,normal
2025-09-24 19:00:00,24.7,77.0,0.0,0.0,4,20.7,198,0,19,2,normal
2025-09-24 20:00:00,24.5,78.0,0.0,0.0,11,20.9,199,0,20,2,normal
2025-09-24 21:00:00,24.6,78.0,0.0,0.0,51,21.8,200,2,21,2,normal
2025-09-24 22:00:00,24.6,78.0,0.0,0.0,37,21.7,199,1,22,2,normal
2025-09-24 23:00:00,24.5,78.0,0.0,0.0,61,20.6,200,2,23,2,normal
2025-09-25 00:00:00,24.4,78.0,0.0,0.0,76,20.0,201,2,0,3,cloudy
2025-09-25 01:00:00,24.3,78.0,0.0,0.0,38,18.2,203,1,1,3,normal
2025-09-25 02:00:00,24.0,79.0,0.0,0.0,53,17.5,206,2,2,3,normal
2025-09-25 03:00:00,23.9,79.0,0.0,0.0,96,17.8,208,3,3,3,cloudy
2025-09-25 04:00:00,24.2,77.0,0.0,0.0,58,18.4,205,2,4,3,normal
2025-09-25 05:00:00,24.1,78.0,0.0,0.0,32,18.4,206,1,5,3,normal
2025-09-25 06:00:00,24.1,79.0,0.0,0.0,41,18.6,208,1,6,3,normal
2025-09-25 07:00:00,25.0,74.0,0.0,0.0,42,21.9,210,1,7,3,normal
2025-09-25 08:00:00,26.1,68.0,0.0,0.0,33,24.2,209,1,8,3,normal
2025-09-25 09:00:00,27.0,63.0,0.0,0.0,24,25.4,206,1,9,3,normal
2025-09-25 10:00:00,27.8,59.0,0.0,0.0,39,26.8,204,1,10,3,normal
2025-09-25 11:00:00,28.2,56.0,0.0,0.0,99,27.9,206,3,11,3,cloudy
2025-09-25 12:00:00,28.0,57.0,0.1,0.1,68,28.3,208,51,12,3,rain
2025-09-25 13:00:00,28.1,55.0,0.0,0.0,49,28.6,208,1,13,3,normal
2025-09-25 14:00:00,27.9,59.0,0.0,0.0,60,30.0,207,2,14,3,normal
2025-09-25 15:00:00,27.2,63.0,0.0,0.0,63,29.6,209,2,15,3,normal
2025-09-25 16:00:00,26.9,64.0,0.0,0.0,46,27.0,209,1,16,3,normal
2025-09-25 17:00:00,26.3,67.0,0.0,0.0,35,26.4,209,1,17,3,normal
2025-09-25 18:00:00,25.4,72.0,0.0,0.0,28,23.4,211,1,18,3,normal
2025-09-25 19:00:00,25.1,75.0,0.0,0.0,24,22.5,207,1,19,3,normal
2025-09-25 20:00:00,25.0,75.0,0.0,0.0,26,21.7,207,1,20,3,normal
2025-09-25 21:00:00,24.9,76.0,0.0,0.0,23,21.6,201,1,21,3,normal
2025-09-25 22:00:00,25.0,75.0,0.0,0.0,40,21.4,200,1,22,3,normal
2025-09-25 23:00:00,24.9,76.0,0.0,0.0,11,20.7,198,0,23,3,normal
2025-09-26 00:00:00,24.7,77.0,0.0,0.0,20,19.6,197,1,0,4,normal
2025-09-26 01:00:00,24.5,78.0,0.0,0.0,18,19.0,198,0,1,4,normal
2025-09-26 02:00:00,24.2,80.0,0.0,0.0,72,18.5,201,2,2,4,normal
2025-09-26 03:00:00,24.0,81.0,0.0,0.0,77,17.2,208,2,3,4,cloudy
2025-09-26 04:00:00,23.9,80.0,0.0,0.0,76,16.8,209,2,4,4,cloudy
2025-09-26 05:00:00,24.0,80.0,0.0,0.0,92,17.9,211,3,5,4,cloudy
2025-09-26 06:00:00,23.9,80.0,0.0,0.0,81,18.2,213,3,6,4,cloudy
2025-09-26 07:00:00,25.0,74.0,0.0,0.0,84,21.8,211,3,7,4,cloudy
2025-09-26 08:00:00,26.2,65.0,0.0,0.0,53,24.1,206,2,8,4,normal
2025-09-26 09:00:00,27.2,60.0,0.0,0.0,75,25.2,205,2,9,4,cloudy
2025-09-26 10:00:00,27.5,59.0,0.0,0.0,95,24.9,202,3,10,4,cloudy
2025-09-26 11:00:00,28.2,55.0,0.0,0.0,93,27.5,204,3,11,4,cloudy
2025-09-26 12:00:00,28.2,56.0,0.0,0.0,99,28.9,205,3,12,4,cloudy
2025-09-26 13:00:00,28.2,56.0,0.0,0.0,89,28.2,207,3,13,4,cloudy
2025-09-26 14:00:00,28.1,56.0,0.0,0.0,97,26.8,205,3,14,4,cloudy
2025-09-26 15:00:00,27.9,57.0,0.0,0.0,99,25.8,205,3,15,4,cloudy
2025-09-26 16:00:00,27.5,59.0,0.0,0.0,98,25.0,207,3,16,4,cloudy
2025-09-26 17:00:00,26.5,66.0,0.0,0.0,98,25.5,204,3,17,4,cloudy
2025-09-26 18:00:00,25.6,76.0,0.0,0.0,99,22.9,210,3,18,4,cloudy
2025-09-26 19:00:00,24.9,83.0,0.0,0.0,93,20.7,211,3,19,4,cloudy
2025-09-26 20:00:00,24.9,81.0,0.0,0.0,96,19.7,205,3,20,4,cloudy
2025-09-26 21:00:00,24.7,82.0,0.0,0.0,95,22.1,203,3,21,4,cloudy
2025-09-26 22:00:00,24.7,83.0,0.0,0.0,97,21.8,200,3,22,4,cloudy
2025-09-26 23:00:00,24.5,85.0,0.0,0.0,98,21.5,196,3,23,4,cloudy
2025-09-27 00:00:00,24.3,86.0,0.0,0.0,98,21.0,194,3,0,5,cloudy
2025-09-27 01:00:00,24.2,86.0,0.0,0.0,98,20.8,197,3,1,5,cloudy
2025-09-27 02:00:00,24.2,85.0,0.0,0.0,98,20.1,198,3,2,5,cloudy
2025-09-27 03:00:00,24.2,84.0,0.0,0.0,96,18.6,200,3,3,5,cloudy
2025-09-27 04:00:00,24.2,80.0,0.0,0.0,97,19.5,203,3,4,5,cloudy
2025-09-27 05:00:00,24.3,79.0,0.0,0.0,100,19.8,202,3,5,5,cloudy
2025-09-27 06:00:00,24.5,78.0,0.0,0.0,96,19.5,205,3,6,5,cloudy
2025-09-27 07:00:00,25.6,72.0,0.0,0.0,99,23.4,204,3,7,5,cloudy
2025-09-27 08:00:00,26.2,70.0,0.1,0.1,100,25.5,203,51,8,5,rain
2025-09-27 09:00:00,26.6,69.0,0.1,0.1,60,24.9,203,51,9,5,rain
2025-09-27 10:00:00,27.5,65.0,0.1,0.1,59,25.0,203,51,10,5,rain
2025-09-27 11:00:00,27.9,64.0,0.2,0.2,75,26.7,202,51,11,5,rain
2025-09-27 12:00:00,27.5,65.0,0.2,0.2,62,28.0,204,51,12,5,rain
2025-09-27 13:00:00,28.0,62.0,0.1,0.1,52,26.9,207,51,13,5,rain
2025-09-27 14:00:00,28.1,60.0,0.0,0.0,28,26.3,209,1,14,5,normal
2025-09-27 15:00:00,27.7,61.0,0.0,0.0,38,26.7,208,1,15,5,normal
2025-09-27 16:00:00,26.5,67.0,0.0,0.0,53,25.5,207,2,16,5,normal
2025-09-27 17:00:00,25.7,73.0,0.1,0.1,14,24.7,209,51,17,5,rain
2025-09-27 18:00:00,25.0,77.0,0.0,0.0,9,22.3,209,0,18,5,normal
2025-09-27 19:00:00,24.6,79.0,0.0,0.0,11,20.8,206,0,19,5,normal
2025-09-27 20:00:00,24.7,77.0,0.0,0.0,7,23.2,198,0,20,5,normal
2025-09-27 21:00:00,24.8,76.0,0.0,0.0,3,22.9,195,0,21,5,normal
2025-09-27 22:00:00,24.8,74.0,0.0,0.0,4,23.3,197,0,22,5,normal
2025-09-27 23:00:00,24.7,75.0,0.0,0.0,0,21.4,195,0,23,5,normal
2025-09-28 00:00:00,24.5,78.0,0.0,0.0,5,20.3,192,0,0,6,normal
2025-09-28 01:00:00,24.3,80.0,0.0,0.0,11,20.2,192,0,1,6,normal
2025-09-28 02:00:00,24.6,79.0,0.0,0.0,11,20.2,191,0,2,6,normal
2025-09-28 03:00:00,24.8,77.0,0.0,0.0,56,21.3,194,2,3,6,normal
2025-09-28 04:00:00,25.1,78.0,0.0,0.0,27,18.6,195,1,4,6,normal
2025-09-28 05:00:00,25.0,80.0,0.0,0.0,52,17.9,195,2,5,6,normal
2025-09-28 06:00:00,24.6,83.0,0.0,0.0,56,15.1,202,2,6,6,normal
2025-09-28 07:00:00,25.0,83.0,0.2,0.2,27,16.7,206,51,7,6,rain
2025-09-28 08:00:00,26.1,77.0,0.2,0.2,96,16.8,210,51,8,6,rain
2025-09-28 09:00:00,26.9,73.0,0.2,0.2,47,16.7,206,51,9,6,rain
2025-09-28 10:00:00,27.8,69.0,0.2,0.2,33,18.5,199,51,10,6,rain
2025-09-28 11:00:00,28.3,67.0,0.1,0.1,39,21.2,192,51,11,6,rain
2025-09-28 12:00:00,28.6,66.0,0.1,0.1,27,21.5,192,51,12,6,rain
2025-09-28 13:00:00,28.7,65.0,0.1,0.1,25,22.1,194,51,13,6,rain
2025-09-28 14:00:00,28.1,69.0,0.0,0.0,32,21.6,196,1,14,6,normal
2025-09-28 15:00:00,27.6,70.0,0.1,0.1,47,20.8,198,51,15,6,rain
2025-09-28 16:00:00,27.2,71.0,0.0,0.0,44,18.7,197,1,16,6,normal
2025-09-28 17:00:00,26.3,75.0,0.0,0.0,55,17.8,198,2,17,6,normal
2025-09-28 18:00:00,25.3,81.0,0.0,0.0,20,15.7,202,1,18,6,normal
2025-09-28 19:00:00,25.0,84.0,0.0,0.0,21,15.2,199,1,19,6,normal
2025-09-28 20:00:00,24.9,85.0,0.0,0.0,28,14.5,194,1,20,6,normal
2025-09-28 21:00:00,24.7,86.0,0.0,0.0,23,14.7,194,1,21,6,normal
2025-09-28 22:00:00,24.7,86.0,0.0,0.0,29,15.4,194,1,22,6,normal
2025-09-28 23:00:00,24.6,87.0,0.0,0.0,31,15.8,192,1,23,6,normal
2025-09-29 00:00:00,24.4,88.0,0.0,0.0,38,15.9,194,1,0,0,normal
2025-09-29 01:00:00,24.3,89.0,0.0,0.0,42,14.6,196,1,1,0,normal
2025-09-29 02:00:00,24.1,90.0,0.1,0.1,35,14.6,198,51,2,0,rain
2025-09-29 03:00:00,24.1,91.0,0.1,0.1,49,13.8,201,51,3,0,rain
2025-09-29 04:00:00,23.9,94.0,0.1,0.1,43,13.0,202,51,4,0,rain
2025-09-29 05:00:00,23.8,94.0,0.2,0.2,89,12.9,208,51,5,0,rain
2025-09-29 06:00:00,23.9,94.0,0.2,0.2,98,12.8,211,51,6,0,rain
2025-09-29 07:00:00,24.7,90.0,0.1,0.1,39,13.4,206,51,7,0,rain
2025-09-29 08:00:00,26.3,78.0,0.2,0.2,61,17.7,199,51,8,0,rain
2025-09-29 09:00:00,27.5,71.0,0.1,0.1,32,18.0,194,51,9,0,rain
2025-09-29 10:00:00,28.3,66.0,0.2,0.2,49,18.4,195,51,10,0,rain
2025-09-29 11:00:00,28.6,65.0,0.2,0.2,55,19.4,195,51,11,0,rain
2025-09-29 12:00:00,28.4,65.0,0.1,0.1,50,19.4,196,51,12,0,rain
2025-09-29 13:00:00,28.6,64.0,0.0,0.0,16,19.5,196,0,13,0,normal
2025-09-29 14:00:00,28.7,63.0,0.0,0.0,29,21.2,194,1,14,0,normal
2025-09-29 15:00:00,27.9,68.0,0.0,0.0,21,20.3,193,1,15,0,normal
2025-09-29 16:00:00,27.3,70.0,0.0,0.0,26,19.4,193,1,16,0,normal
2025-09-29 17:00:00,26.4,74.0,0.0,0.0,39,19.5,194,1,17,0,normal
2025-09-29 18:00:00,25.4,81.0,0.0,0.0,54,17.4,194,2,18,0,normal
2025-09-29 19:00:00,25.1,85.0,0.1,0.1,34,15.6,191,51,19,0,rain
2025-09-29 20:00:00,24.9,85.0,0.0,0.0,42,14.6,190,1,20,0,normal
2025-09-29 21:00:00,24.9,84.0,0.0,0.0,62,14.3,190,2,21,0,normal
2025-09-29 22:00:00,24.7,84.0,0.0,0.0,68,14.9,189,2,22,0,normal
2025-09-29 23:00:00,24.5,86.0,0.0,0.0,41,14.5,186,1,23,0,normal
2025-09-30 00:00:00,24.2,87.0,0.0,0.0,27,14.0,187,1,0,1,normal
2025-09-30 01:00:00,24.0,88.0,0.0,0.0,18,13.4,188,0,1,1,normal
2025-09-30 02:00:00,23.9,88.0,0.0,0.0,25,13.0,183,1,2,1,normal
2025-09-30 03:00:00,23.8,89.0,0.0,0.0,25,13.5,182,1,3,1,normal
2025-09-30 04:00:00,24.0,88.0,0.0,0.0,24,11.9,183,1,4,1,normal
2025-09-30 05:00:00,24.0,87.0,0.0,0.0,96,12.8,186,3,5,1,cloudy
2025-09-30 06:00:00,24.0,88.0,0.0,0.0,90,12.9,188,3,6,1,cloudy
2025-09-30 07:00:00,25.5,79.0,0.0,0.0,70,15.3,189,2,7,1,normal
2025-09-30 08:00:00,26.7,73.0,0.0,0.0,91,15.9,190,3,8,1,cloudy
2025-09-30 09:00:00,27.6,67.0,0.0,0.0,94,17.7,189,3,9,1,cloudy
2025-09-30 10:00:00,28.4,63.0,0.0,0.0,98,19.4,190,3,10,1,cloudy
2025-09-30 11:00:00,28.6,62.0,0.0,0.0,98,19.8,192,3,11,1,cloudy
2025-09-30 12:00:00,28.6,61.0,0.1,0.1,97,20.6,194,51,12,1,rain
2025-09-30 13:00:00,28.3,62.0,0.1,0.1,98,21.7,197,51,13,1,rain
2025-09-30 14:00:00,28.1,64.0,0.1,0.1,100,22.4,200,51,14,1,rain
2025-09-30 15:00:00,27.5,67.0,0.2,0.2,100,23.6,199,51,15,1,rain
2025-09-30 16:00:00,26.7,71.0,0.1,0.1,99,22.9,199,51,16,1,rain
2025-09-30 17:00:00,25.8,77.0,0.1,0.1,98,23.1,196,51,17,1,rain
2025-09-30 18:00:00,25.3,81.0,0.2,0.2,96,19.3,192,51,18,1,rain
2025-09-30 19:00:00,25.1,79.0,0.0,0.0,96,20.2,189,3,19,1,cloudy
2025-09-30 20:00:00,25.0,80.0,0.0,0.0,89,20.1,189,3,20,1,cloudy
2025-09-30 21:00:00,24.9,81.0,0.0,0.0,89,19.4,186,3,21,1,cloudy
2025-09-30 22:00:00,24.7,82.0,0.0,0.0,88,19.1,184,3,22,1,cloudy
2025-09-30 23:00:00,24.6,82.0,0.0,0.0,95,18.0,184,3,23,1,cloudy
2025-10-01 00:00:00,24.4,82.0,0.0,0.0,87,17.9,183,3,0,2,cloudy
2025-10-01 01:00:00,24.4,81.0,0.0,0.0,88,17.9,183,3,1,2,cloudy
2025-10-01 02:00:00,24.4,81.0,0.0,0.0,81,17.4,185,3,2,2,cloudy
2025-10-01 03:00:00,24.4,83.0,0.0,0.0,59,16.4,193,2,3,2,normal
2025-10-01 04:00:00,24.4,82.0,0.0,0.0,96,15.8,201,3,4,2,cloudy
2025-10-01 05:00:00,24.3,83.0,0.0,0.0,74,15.2,204,2,5,2,normal
2025-10-01 06:00:00,24.1,84.0,0.0,0.0,66,13.8,209,2,6,2,normal
2025-10-01 07:00:00,25.3,78.0,0.0,0.0,80,17.1,209,3,7,2,cloudy
2025-10-01 08:00:00,26.5,71.0,0.0,0.0,95,20.8,205,3,8,2,cloudy
2025-10-01 09:00:00,27.4,69.0,0.1,0.1,100,22.4,202,51,9,2,rain
2025-10-01 10:00:00,28.3,64.0,0.2,0.2,90,22.9,203,51,10,2,rain
2025-10-01 11:00:00,28.4,64.0,0.2,0.2,61,23.8,205,51,11,2,rain
2025-10-01 12:00:00,28.7,63.0,0.0,0.0,41,23.8,203,1,12,2,normal
2025-10-01 13:00:00,29.1,62.0,0.0,0.0,26,22.0,203,1,13,2,normal
2025-10-01 14:00:00,28.8,61.0,0.0,0.0,52,24.9,204,2,14,2,normal
2025-10-01 15:00:00,28.3,64.0,0.0,0.0,69,26.3,205,2,15,2,normal
2025-10-01 16:00:00,26.9,71.0,0.1,0.1,99,26.4,204,51,16,2,rain
2025-10-01 17:00:00,25.5,80.0,0.1,0.1,80,25.6,203,51,17,2,rain
2025-10-01 18:00:00,24.8,84.0,0.1,0.1,66,22.3,200,51,18,2,rain
2025-10-01 19:00:00,24.7,86.0,0.0,0.0,34,19.6,200,1,19,2,normal
2025-10-01 20:00:00,24.9,83.0,0.0,0.0,88,19.4,202,3,20,2,cloudy
2025-10-01 21:00:00,25.1,80.0,0.0,0.0,100,23.0,195,3,21,2,cloudy
2025-10-01 22:00:00,25.1,78.0,0.0,0.0,99,23.1,195,3,22,2,cloudy
2025-10-01 23:00:00,25.1,77.0,0.0,0.0,99,23.0,197,3,23,2,cloudy
2025-10-02 00:00:00,24.9,78.0,0.0,0.0,100,22.0,199,3,0,3,cloudy
2025-10-02 01:00:00,25.1,77.0,0.0,0.0,100,21.7,199,3,1,3,cloudy
2025-10-02 02:00:00,25.1,78.0,0.0,0.0,100,21.2,201,3,2,3,cloudy
2025-10-02 03:00:00,25.2,78.0,0.0,0.0,99,19.5,201,3,3,3,cloudy
2025-10-02 04:00:00,25.1,78.0,0.0,0.0,95,20.4,205,3,4,3,cloudy
2025-10-02 05:00:00,24.9,80.0,0.0,0.0,55,21.2,204,2,5,3,normal
2025-10-02 06:00:00,24.9,81.0,0.0,0.0,34,20.8,205,1,6,3,normal
2025-10-02 07:00:00,25.8,74.0,0.0,0.0,33,23.3,204,1,7,3,normal
2025-10-02 08:00:00,26.8,68.0,0.0,0.0,41,25.1,200,1,8,3,normal
2025-10-02 09:00:00,27.8,62.0,0.1,0.1,27,24.9,200,51,9,3,rain
2025-10-02 10:00:00,28.5,58.0,0.0,0.0,23,24.7,204,1,10,3,normal
2025-10-02 11:00:00,28.9,55.0,0.0,0.0,46,26.2,207,1,11,3,normal
2025-10-02 12:00:00,28.9,55.0,0.0,0.0,25,25.7,209,1,12,3,normal
2025-10-02 13:00:00,29.0,54.0,0.0,0.0,29,26.6,211,1,13,3,normal
2025-10-02 14:00:00,28.7,55.0,0.0,0.0,35,26.4,214,1,14,3,normal
2025-10-02 15:00:00,28.4,57.0,0.0,0.0,15,23.4,216,0,15,3,normal
2025-10-02 16:00:00,27.6,61.0,0.0,0.0,22,23.1,214,1,16,3,normal
2025-10-02 17:00:00,26.4,67.0,0.0,0.0,4,22.7,213,0,17,3,normal
2025-10-02 18:00:00,25.6,72.0,0.0,0.0,5,21.2,205,0,18,3,normal
2025-10-02 19:00:00,25.4,74.0,0.0,0.0,59,20.8,199,2,19,3,normal
2025-10-02 20:00:00,25.5,74.0,0.0,0.0,19,20.9,198,0,20,3,normal
2025-10-02 21:00:00,25.4,74.0,0.0,0.0,2,20.5,197,0,21,3,normal
2025-10-02 22:00:00,25.2,77.0,0.0,0.0,74,21.4,193,2,22,3,normal
2025-10-02 23:00:00,25.0,80.0,0.0,0.0,91,22.0,193,3,23,3,cloudy
2025-10-03 00:00:00,24.9,80.0,0.0,0.0,76,22.1,194,2,0,4,cloudy
2025-10-03 01:00:00,24.8,82.0,0.0,0.0,83,20.7,195,3,1,4,cloudy
2025-10-03 02:00:00,24.7,82.0,0.0,0.0,22,18.6,197,1,2,4,normal
2025-10-03 03:00:00,24.6,81.0,0.0,0.0,12,17.6,195,0,3,4,normal
2025-10-03 04:00:00,24.5,81.0,0.0,0.0,19,17.1,198,0,4,4,normal
2025-10-03 05:00:00,24.7,79.0,0.0,0.0,16,18.7,199,0,5,4,normal
2025-10-03 06:00:00,24.9,77.0,0.0,0.0,92,20.8,198,3,6,4,cloudy
2025-10-03 07:00:00,26.1,70.0,0.0,0.0,98,24.4,197,3,7,4,cloudy
2025-10-03 08:00:00,27.1,66.0,0.0,0.0,100,23.5,198,3,8,4,cloudy
2025-10-03 09:00:00,28.1,61.0,0.0,0.0,92,21.1,204,3,9,4,cloudy
2025-10-03 10:00:00,28.8,59.0,0.0,0.0,82,21.3,203,3,10,4,cloudy
2025-10-03 11:00:00,29.0,58.0,0.0,0.0,55,21.9,203,2,11,4,normal
2025-10-03 12:00:00,29.2,57.0,0.0,0.0,64,22.7,201,2,12,4,normal
2025-10-03 13:00:00,29.2,57.0,0.0,0.0,42,22.9,200,1,13,4,normal
2025-10-03 14:00:00,29.0,58.0,0.0,0.0,73,24.1,200,2,14,4,normal
2025-10-03 15:00:00,28.7,60.0,0.0,0.0,99,24.1,202,3,15,4,cloudy
2025-10-03 16:00:00,27.5,68.0,0.0,0.0,99,22.7,202,3,16,4,cloudy
2025-10-03 17:00:00,26.9,70.0,0.0,0.0,98,22.0,202,3,17,4,cloudy
2025-10-03 18:00:00,26.0,78.0,0.0,0.0,99,18.1,199,3,18,4,cloudy
2025-10-03 19:00:00,25.6,81.0,0.0,0.0,98,15.1,200,3,19,4,cloudy
2025-10-03 20:00:00,25.2,83.0,0.0,0.0,100,15.6,199,3,20,4,cloudy
2025-10-03 21:00:00,25.3,83.0,0.0,0.0,96,14.9,195,3,21,4,cloudy
2025-10-03 22:00:00,25.0,86.0,0.0,0.0,100,16.1,190,3,22,4,cloudy
2025-10-03 23:00:00,24.7,89.0,0.0,0.0,100,15.9,186,3,23,4,cloudy
2025-10-04 00:00:00,24.9,87.0,0.0,0.0,96,15.9,186,3,0,5,cloudy
2025-10-04 01:00:00,24.9,83.0,0.0,0.0,98,16.1,186,3,1,5,cloudy
2025-10-04 02:00:00,24.9,81.0,0.0,0.0,98,16.3,187,3,2,5,cloudy
2025-10-04 03:00:00,24.5,85.0,0.0,0.0,100,15.8,187,3,3,5,cloudy
2025-10-04 04:00:00,24.5,85.0,0.0,0.0,97,15.5,189,3,4,5,cloudy
2025-10-04 05:00:00,24.4,85.0,0.0,0.0,99,14.0,195,3,5,5,cloudy
2025-10-04 06:00:00,24.5,85.0,0.0,0.0,100,11.1,207,3,6,5,cloudy
2025-10-04 07:00:00,25.9,76.0,0.0,0.0,99,14.0,203,3,7,5,cloudy
2025-10-04 08:00:00,27.0,70.0,0.0,0.0,96,18.1,197,3,8,5,cloudy
2025-10-04 09:00:00,27.7,68.0,0.0,0.0,95,20.2,196,3,9,5,cloudy
2025-10-04 10:00:00,28.3,66.0,0.1,0.1,81,19.9,197,51,10,5,rain
2025-10-04 11:00:00,28.8,64.0,0.1,0.1,98,20.0,196,51,11,5,rain
2025-10-04 12:00:00,28.8,64.0,0.1,0.1,98,20.6,196,51,12,5,rain
2025-10-04 13:00:00,29.1,62.0,0.1,0.1,98,20.3,197,51,13,5,rain
2025-10-04 14:00:00,28.3,64.0,0.0,0.0,80,20.9,199,3,14,5,cloudy
2025-10-04 15:00:00,28.3,65.0,0.0,0.0,98,20.7,203,3,15,5,cloudy
2025-10-04 16:00:00,27.4,70.0,0.0,0.0,98,19.5,203,3,16,5,cloudy
2025-10-04 17:00:00,26.2,77.0,0.0,0.0,98,19.4,200,3,17,5,cloudy
2025-10-04 18:00:00,25.0,86.0,0.1,0.1,84,18.3,195,51,18,5,rain
2025-10-04 19:00:00,24.7,89.0,0.2,0.2,86,16.6,193,51,19,5,rain
2025-10-04 20:00:00,24.6,90.0,0.0,0.0,54,14.5,187,2,20,5,normal
2025-10-04 21:00:00,24.5,91.0,0.0,0.0,28,14.8,183,1,21,5,normal
2025-10-04 22:00:00,24.6,90.0,0.0,0.0,46,14.6,189,1,22,5,normal
2025-10-04 23:00:00,24.6,90.0,0.0,0.0,22,15.5,193,1,23,5,normal
2025-10-05 00:00:00,24.7,86.0,0.0,0.0,45,14.9,192,1,0,6,normal
2025-10-05 01:00:00,24.5,87.0,0.0,0.0,38,14.6,196,1,1,6,normal
2025-10-05 02:00:00,24.3,89.0,0.0,0.0,16,14.5,201,0,2,6,normal
2025-10-05 03:00:00,24.3,88.0,0.0,0.0,65,14.4,200,2,3,6,normal
2025-10-05 04:00:00,24.2,89.0,0.0,0.0,80,13.6,200,3,4,6,cloudy
2025-10-05 05:00:00,24.0,90.0,0.0,0.0,95,14.6,200,3,5,6,cloudy
2025-10-05 06:00:00,24.4,88.0,0.0,0.0,95,14.7,198,3,6,6,cloudy
2025-10-05 07:00:00,25.5,82.0,0.1,0.1,96,18.2,194,51,7,6,rain
2025-10-05 08:00:00,26.7,74.0,0.1,0.1,16,17.9,195,51,8,6,rain
2025-10-05 09:00:00,28.1,67.0,0.0,0.0,73,19.3,188,2,9,6,normal
2025-10-05 10:00:00,28.5,64.0,0.0,0.0,99,20.1,187,3,10,6,cloudy
2025-10-05 11:00:00,29.2,59.0,0.0,0.0,100,20.8,189,3,11,6,cloudy
2025-10-05 12:00:00,29.2,57.0,0.0,0.0,65,21.0,192,2,12,6,normal
2025-10-05 13:00:00,29.1,57.0,0.0,0.0,58,22.8,191,2,13,6,normal
2025-10-05 14:00:00,28.8,58.0,0.0,0.0,32,21.6,190,1,14,6,normal
2025-10-05 15:00:00,28.4,62.0,0.0,0.0,30,20.3,190,1,15,6,normal
2025-10-05 16:00:00,27.5,65.0,0.0,0.0,87,19.4,190,3,16,6,cloudy
2025-10-05 17:00:00,26.6,69.0,0.0,0.0,96,17.7,190,3,17,6,cloudy
2025-10-05 18:00:00,25.7,73.0,0.0,0.0,96,15.5,185,3,18,6,cloudy
2025-10-05 19:00:00,25.3,77.0,0.0,0.0,95,14.9,182,3,19,6,cloudy
2025-10-05 20:00:00,25.0,79.0,0.0,0.0,97,15.5,185,3,20,6,cloudy
2025-10-05 21:00:00,25.1,81.0,0.0,0.0,93,15.1,188,3,21,6,cloudy
2025-10-05 22:00:00,24.9,82.0,0.0,0.0,98,14.4,189,3,22,6,cloudy
2025-10-05 23:00:00,25.0,81.0,0.0,0.0,98,13.5,194,3,23,6,cloudy
2025-10-06 00:00:00,24.6,82.0,0.0,0.0,100,14.1,194,3,0,0,cloudy
2025-10-06 01:00:00,24.6,82.0,0.0,0.0,98,13.9,190,3,1,0,cloudy
2025-10-06 02:00:00,24.5,82.0,0.0,0.0,99,13.6,191,3,2,0,cloudy
2025-10-06 03:00:00,24.8,80.0,0.0,0.0,98,13.4,191,3,3,0,cloudy
2025-10-06 04:00:00,24.4,82.0,0.0,0.0,100,13.2,194,3,4,0,cloudy
2025-10-06 05:00:00,24.3,84.0,0.0,0.0,100,13.3,193,3,5,0,cloudy
2025-10-06 06:00:00,24.2,85.0,0.0,0.0,85,13.8,192,3,6,0,cloudy
2025-10-06 07:00:00,25.0,82.0,0.1,0.1,98,16.6,189,51,7,0,rain
2025-10-06 08:00:00,25.8,76.0,0.1,0.1,99,14.7,186,51,8,0,rain
2025-10-06 09:00:00,27.7,69.0,0.1,0.1,81,16.5,166,51,9,0,rain
2025-10-06 10:00:00,28.5,65.0,0.1,0.1,38,17.7,168,51,10,0,rain
2025-10-06 11:00:00,28.4,66.0,0.1,0.1,36,18.3,170,51,11,0,rain
2025-10-06 12:00:00,28.8,63.0,0.1,0.1,78,19.1,172,51,12,0,rain
2025-10-06 13:00:00,28.8,62.0,0.0,0.0,97,18.7,172,3,13,0,cloudy
2025-10-06 14:00:00,28.7,61.0,0.0,0.0,98,19.0,173,3,14,0,cloudy
2025-10-06 15:00:00,28.2,64.0,0.0,0.0,95,18.1,174,3,15,0,cloudy
2025-10-06 16:00:00,27.5,68.0,0.0,0.0,92,18.0,173,3,16,0,cloudy
2025-10-06 17:00:00,26.3,75.0,0.0,0.0,83,15.3,172,3,17,0,cloudy
2025-10-06 18:00:00,25.7,77.0,0.0,0.0,43,13.9,174,1,18,0,normal
2025-10-06 19:00:00,25.5,79.0,0.0,0.0,16,14.1,170,0,19,0,normal
2025-10-06 20:00:00,25.4,80.0,0.0,0.0,21,13.0,162,1,20,0,normal
2025-10-06 21:00:00,25.3,83.0,0.0,0.0,2,11.6,172,0,21,0,normal
2025-10-06 22:00:00,24.9,86.0,0.0,0.0,87,10.1,170,3,22,0,cloudy
2025-10-06 23:00:00,24.6,88.0,0.0,0.0,15,9.5,181,0,23,0,normal
2025-10-07 00:00:00,24.2,90.0,0.0,0.0,4,8.3,186,0,0,1,normal
2025-10-07 01:00:00,24.3,88.0,0.0,0.0,31,9.7,182,1,1,1,normal
2025-10-07 02:00:00,24.2,87.0,0.0,0.0,13,9.6,185,0,2,1,normal
2025-10-07 03:00:00,24.2,87.0,0.0,0.0,27,10.5,186,1,3,1,normal
2025-10-07 04:00:00,24.3,87.0,0.0,0.0,30,10.0,186,1,4,1,normal
2025-10-07 05:00:00,24.2,88.0,0.0,0.0,46,8.6,195,1,5,1,normal
2025-10-07 06:00:00,24.2,89.0,0.0,0.0,34,9.3,189,1,6,1,normal
2025-10-07 07:00:00,25.4,83.0,0.1,0.1,60,14.1,190,51,7,1,rain
2025-10-07 08:00:00,26.2,78.0,0.1,0.1,61,15.3,183,51,8,1,rain
2025-10-07 09:00:00,27.3,74.0,0.2,0.2,55,14.4,167,51,9,1,rain
2025-10-07 10:00:00,28.2,68.0,0.3,0.3,56,15.8,161,51,10,1,rain
2025-10-07 11:00:00,28.9,66.0,0.3,0.3,33,17.2,164,51,11,1,rain
2025-10-07 12:00:00,29.4,62.0,0.1,0.1,10,17.5,170,51,12,1,rain
2025-10-07 13:00:00,29.4,59.0,0.0,0.0,2,17.6,174,0,13,1,normal
2025-10-07 14:00:00,29.2,59.0,0.0,0.0,21,17.9,174,1,14,1,normal
2025-10-07 15:00:00,28.5,64.0,0.0,0.0,32,16.9,169,1,15,1,normal
2025-10-07 16:00:00,27.6,70.0,0.0,0.0,5,16.5,167,0,16,1,normal
2025-10-07 17:00:00,26.7,74.0,0.0,0.0,5,15.1,168,0,17,1,normal
2025-10-07 18:00:00,25.9,78.0,0.0,0.0,11,13.3,164,0,18,1,normal
2025-10-07 19:00:00,25.7,80.0,0.0,0.0,6,12.5,159,0,19,1,normal
2025-10-07 20:00:00,25.6,80.0,0.0,0.0,7,12.0,164,0,20,1,normal
2025-10-07 21:00:00,25.5,83.0,0.0,0.0,7,12.0,172,0,21,1,normal
2025-10-07 22:00:00,25.3,85.0,0.0,0.0,9,12.2,172,0,22,1,normal
2025-10-07 23:00:00,25.1,87.0,0.0,0.0,16,11.6,176,0,23,1,normal
2025-10-08 00:00:00,24.8,89.0,0.0,0.0,21,12.1,177,1,0,2,normal
2025-10-08 01:00:00,24.5,90.0,0.0,0.0,27,12.4,180,1,1,2,normal
2025-10-08 02:00:00,24.2,93.0,0.0,0.0,29,12.1,185,1,2,2,normal
2025-10-08 03:00:00,24.3,91.0,0.0,0.0,16,11.0,184,0,3,2,normal
2025-10-08 04:00:00,24.1,93.0,0.0,0.0,26,9.5,190,1,4,2,normal
2025-10-08 05:00:00,23.9,95.0,0.0,0.0,24,9.1,190,1,5,2,normal
2025-10-08 06:00:00,23.7,95.0,0.1,0.1,30,9.8,194,51,6,2,rain
2025-10-08 07:00:00,25.3,85.0,0.1,0.1,30,11.7,197,51,7,2,rain
2025-10-08 08:00:00,26.3,79.0,0.1,0.1,58,12.5,185,51,8,2,rain
2025-10-08 09:00:00,27.2,74.0,0.1,0.1,80,13.8,189,51,9,2,rain
2025-10-08 10:00:00,27.6,72.0,0.1,0.1,65,14.9,181,51,10,2,rain
2025-10-08 11:00:00,28.3,68.0,0.2,0.2,39,16.6,178,51,11,2,rain
2025-10-08 12:00:00,28.6,68.0,0.1,0.1,19,15.7,175,51,12,2,rain
2025-10-08 13:00:00,29.0,66.0,0.0,0.0,22,17.5,175,1,13,2,normal
2025-10-08 14:00:00,28.5,68.0,0.0,0.0,19,17.7,175,0,14,2,normal
2025-10-08 15:00:00,28.1,69.0,0.0,0.0,7,15.7,167,0,15,2,normal
2025-10-08 16:00:00,27.6,71.0,0.0,0.0,27,15.5,168,1,16,2,normal
2025-10-08 17:00:00,26.7,74.0,0.0,0.0,44,15.3,177,1,17,2,normal
2025-10-08 18:00:00,25.7,80.0,0.0,0.0,41,13.3,178,1,18,2,normal
2025-10-08 19:00:00,25.8,80.0,0.0,0.0,95,13.9,176,3,19,2,cloudy
2025-10-08 20:00:00,25.6,81.0,0.0,0.0,54,14.2,181,2,20,2,normal
2025-10-08 21:00:00,25.5,85.0,0.0,0.0,13,12.6,183,0,21,2,normal
2025-10-08 22:00:00,25.3,85.0,0.0,0.0,12,12.4,179,0,22,2,normal
2025-10-08 23:00:00,25.1,86.0,0.0,0.0,13,11.3,180,0,23,2,normal
2025-10-09 00:00:00,24.8,87.0,0.0,0.0,22,11.0,180,1,0,3,normal
2025-10-09 01:00:00,24.7,88.0,0.0,0.0,26,10.3,184,1,1,3,normal
2025-10-09 02:00:00,24.5,89.0,0.0,0.0,23,9.9,184,1,2,3,normal
2025-10-09 03:00:00,24.6,86.0,0.0,0.0,20,9.9,178,1,3,3,normal
2025-10-09 04:00:00,24.6,85.0,0.0,0.0,39,10.6,182,1,4,3,normal
2025-10-09 05:00:00,24.5,87.0,0.0,0.0,31,10.4,189,1,5,3,normal
2025-10-09 06:00:00,24.5,88.0,0.0,0.0,36,10.4,198,1,6,3,normal
2025-10-09 07:00:00,25.6,82.0,0.1,0.1,59,13.6,191,51,7,3,rain
2025-10-09 08:00:00,26.8,75.0,0.2,0.2,48,14.9,187,51,8,3,rain
2025-10-09 09:00:00,27.5,71.0,0.2,0.2,54,16.8,176,51,9,3,rain
2025-10-09 10:00:00,28.6,66.0,0.2,0.2,32,16.8,176,51,10,3,rain
2025-10-09 11:00:00,29.3,63.0,0.1,0.1,21,17.3,179,51,11,3,rain
2025-10-09 12:00:00,29.6,61.0,0.0,0.0,13,17.8,180,0,12,3,normal
2025-10-09 13:00:00,29.4,61.0,0.0,0.0,10,18.0,178,0,13,3,normal
2025-10-09 14:00:00,29.1,63.0,0.1,0.1,13,18.6,176,51,14,3,rain
2025-10-09 15:00:00,28.3,67.0,0.0,0.0,8,17.5,176,0,15,3,normal
2025-10-09 16:00:00,27.7,69.0,0.0,0.0,19,17.3,175,0,16,3,normal
2025-10-09 17:00:00,26.5,75.0,0.0,0.0,30,17.6,174,1,17,3,normal
2025-10-09 18:00:00,25.5,81.0,0.0,0.0,30,15.9,174,1,18,3,normal
2025-10-09 19:00:00,25.3,83.0,0.0,0.0,51,15.7,175,2,19,3,normal
2025-10-09 20:00:00,25.1,85.0,0.0,0.0,84,13.9,170,3,20,3,cloudy
2025-10-09 21:00:00,25.4,83.0,0.0,0.0,94,13.8,169,3,21,3,cloudy
2025-10-09 22:00:00,25.2,84.0,0.0,0.0,94,13.2,168,3,22,3,cloudy
2025-10-09 23:00:00,25.0,86.0,0.0,0.0,85,11.8,167,3,23,3,cloudy
2025-10-10 00:00:00,24.8,87.0,0.0,0.0,95,11.8,167,3,0,4,cloudy
2025-10-10 01:00:00,24.8,87.0,0.0,0.0,95,11.8,168,3,1,4,cloudy
2025-10-10 02:00:00,24.7,88.0,0.0,0.0,97,11.6,172,3,2,4,cloudy
2025-10-10 03:00:00,24.7,85.0,0.0,0.0,94,11.6,173,3,3,4,cloudy
2025-10-10 04:00:00,24.6,85.0,0.0,0.0,89,10.7,172,3,4,4,cloudy
2025-10-10 05:00:00,24.5,86.0,0.0,0.0,83,10.1,174,3,5,4,cloudy
2025-10-10 06:00:00,24.4,86.0,0.0,0.0,81,9.3,172,3,6,4,cloudy
2025-10-10 07:00:00,26.0,77.0,0.0,0.0,84,12.0,167,3,7,4,cloudy
2025-10-10 08:00:00,27.1,71.0,0.1,0.1,96,12.7,162,51,8,4,rain
2025-10-10 09:00:00,28.4,66.0,0.1,0.1,35,13.3,164,51,9,4,rain
2025-10-10 10:00:00,29.3,61.0,0.0,0.0,9,13.8,166,0,10,4,normal
2025-10-10 11:00:00,29.8,58.0,0.0,0.0,13,14.9,167,0,11,4,normal
2025-10-10 12:00:00,29.7,59.0,0.0,0.0,20,16.9,169,1,12,4,normal
2025-10-10 13:00:00,29.3,60.0,0.6,0.6,45,18.0,169,53,13,4,rain
2025-10-10 14:00:00,28.6,66.0,0.4,0.4,26,17.5,168,51,14,4,rain
2025-10-10 15:00:00,28.6,65.0,0.0,0.0,23,16.6,174,1,15,4,normal
2025-10-10 16:00:00,27.9,68.0,0.0,0.0,21,17.5,177,1,16,4,normal
2025-10-10 17:00:00,26.9,72.0,0.0,0.0,35,16.9,181,1,17,4,normal
2025-10-10 18:00:00,26.0,76.0,0.0,0.0,91,16.6,182,3,18,4,cloudy
2025-10-10 19:00:00,25.9,77.0,0.0,0.0,76,14.8,186,2,19,4,cloudy
2025-10-10 20:00:00,25.6,80.0,0.0,0.0,89,14.0,187,3,20,4,cloudy
2025-10-10 21:00:00,25.5,84.0,0.0,0.0,72,13.9,191,2,21,4,normal
2025-10-10 22:00:00,25.3,85.0,0.0,0.0,93,14.4,189,3,22,4,cloudy
2025-10-10 23:00:00,25.2,84.0,0.0,0.0,96,13.6,188,3,23,4,cloudy
2025-10-11 00:00:00,25.1,84.0,0.0,0.0,59,13.5,190,2,0,5,normal
2025-10-11 01:00:00,24.6,87.0,0.0,0.0,12,13.0,190,0,1,5,normal
2025-10-11 02:00:00,24.1,91.0,0.0,0.0,20,12.8,186,1,2,5,normal
2025-10-11 03:00:00,24.0,92.0,0.2,0.2,63,12.2,180,51,3,5,rain
2025-10-11 04:00:00,24.0,92.0,0.1,0.1,25,11.9,175,51,4,5,rain
2025-10-11 05:00:00,23.9,94.0,0.0,0.0,14,11.1,173,0,5,5,normal
2025-10-11 06:00:00,23.9,93.0,0.0,0.0,16,10.5,177,0,6,5,normal
2025-10-11 07:00:00,25.1,87.0,0.2,0.2,28,13.9,176,51,7,5,rain
2025-10-11 08:00:00,26.5,77.0,0.2,0.2,29,15.9,174,51,8,5,rain
2025-10-11 09:00:00,27.3,72.0,0.1,0.1,38,16.4,171,51,9,5,rain
2025-10-11 10:00:00,27.9,69.0,0.3,0.3,37,17.1,173,51,10,5,rain
2025-10-11 11:00:00,28.1,71.0,0.2,0.2,57,17.0,176,51,11,5,rain
2025-10-11 12:00:00,28.4,70.0,0.2,0.2,34,16.9,187,51,12,5,rain
2025-10-11 13:00:00,28.1,69.0,0.2,0.2,34,17.6,186,51,13,5,rain
2025-10-11 14:00:00,27.7,70.0,0.3,0.3,42,18.4,186,51,14,5,rain
2025-10-11 15:00:00,27.0,75.0,0.1,0.1,38,20.4,184,51,15,5,rain
2025-10-11 16:00:00,26.6,76.0,0.1,0.1,91,22.0,184,51,16,5,rain
2025-10-11 17:00:00,26.2,78.0,0.0,0.0,77,19.2,188,2,17,5,cloudy
2025-10-11 18:00:00,25.3,82.0,0.0,0.0,34,16.6,189,1,18,5,normal
2025-10-11 19:00:00,25.2,83.0,0.0,0.0,40,15.6,187,1,19,5,normal
2025-10-11 20:00:00,25.1,83.0,0.0,0.0,37,15.2,190,1,20,5,normal
2025-10-11 21:00:00,25.2,82.0,0.0,0.0,34,14.4,182,1,21,5,normal
2025-10-11 22:00:00,25.2,81.0,0.0,0.0,46,13.9,181,1,22,5,normal
2025-10-11 23:00:00,25.1,81.0,0.0,0.0,48,12.8,178,1,23,5,normal
2025-10-12 00:00:00,24.9,82.0,0.0,0.0,83,10.4,178,3,0,6,cloudy
2025-10-12 01:00:00,24.9,82.0,0.0,0.0,60,8.3,180,2,1,6,normal
2025-10-12 02:00:00,24.7,82.0,0.0,0.0,100,9.2,178,3,2,6,cloudy
2025-10-12 03:00:00,24.5,83.0,0.0,0.0,60,7.5,169,2,3,6,normal
2025-10-12 04:00:00,24.3,85.0,0.0,0.0,42,6.2,170,1,4,6,normal
2025-10-12 05:00:00,24.1,86.0,0.0,0.0,91,5.6,176,3,5,6,cloudy
2025-10-12 06:00:00,24.1,86.0,0.0,0.0,100,4.3,195,3,6,6,cloudy
2025-10-12 07:00:00,25.5,78.0,0.0,0.0,100,6.7,189,3,7,6,cloudy
2025-10-12 08:00:00,26.2,74.0,0.0,0.0,100,7.3,189,3,8,6,cloudy
2025-10-12 09:00:00,27.4,69.0,0.0,0.0,95,9.7,168,3,9,6,cloudy
2025-10-12 10:00:00,27.8,67.0,0.2,0.2,100,9.2,173,51,10,6,rain
2025-10-12 11:00:00,27.2,70.0,0.1,0.1,100,9.4,179,51,11,6,rain
2025-10-12 12:00:00,27.6,69.0,0.2,0.2,100,11.0,184,51,12,6,rain
2025-10-12 13:00:00,27.3,71.0,0.1,0.1,100,11.7,181,51,13,6,rain
2025-10-12 14:00:00,27.3,70.0,0.0,0.0,100,13.5,178,3,14,6,cloudy
2025-10-12 15:00:00,27.2,68.0,0.0,0.0,100,14.7,198,3,15,6,cloudy
2025-10-12 16:00:00,26.8,70.0,0.0,0.0,100,16.1,200,3,16,6,cloudy
2025-10-12 17:00:00,26.4,72.0,0.0,0.0,98,15.1,200,3,17,6,cloudy
2025-10-12 18:00:00,25.7,76.0,0.0,0.0,95,11.6,195,3,18,6,cloudy
2025-10-12 19:00:00,25.4,78.0,0.0,0.0,97,11.7,197,3,19,6,cloudy
2025-10-12 20:00:00,25.1,80.0,0.0,0.0,93,11.2,199,3,20,6,cloudy
2025-10-12 21:00:00,25.4,81.0,0.0,0.0,99,10.0,198,3,21,6,cloudy
2025-10-12 22:00:00,25.3,83.0,0.0,0.0,99,12.7,209,3,22,6,cloudy
2025-10-12 23:00:00,25.1,84.0,0.0,0.0,85,11.8,205,3,23,6,cloudy
2025-10-13 00:00:00,25.1,82.0,0.0,0.0,99,11.8,201,3,0,0,cloudy
2025-10-13 01:00:00,25.0,82.0,0.0,0.0,97,11.9,194,3,1,0,cloudy
2025-10-13 02:00:00,24.8,82.0,0.0,0.0,88,12.4,188,3,2,0,cloudy
2025-10-13 03:00:00,24.7,84.0,0.0,0.0,82,10.1,175,3,3,0,cloudy
2025-10-13 04:00:00,24.5,85.0,0.0,0.0,95,8.9,172,3,4,0,cloudy
2025-10-13 05:00:00,24.4,85.0,0.0,0.0,87,8.0,175,3,5,0,cloudy
2025-10-13 06:00:00,24.4,85.0,0.0,0.0,26,8.1,175,1,6,0,normal
2025-10-13 07:00:00,26.2,75.0,0.0,0.0,69,11.3,173,2,7,0,normal
2025-10-13 08:00:00,27.5,69.0,0.0,0.0,55,12.5,173,2,8,0,normal
2025-10-13 09:00:00,28.3,68.0,0.1,0.1,23,13.7,163,51,9,0,rain
2025-10-13 10:00:00,29.2,65.0,0.1,0.1,26,14.5,163,51,10,0,rain
2025-10-13 11:00:00,29.1,67.0,0.0,0.0,30,15.3,160,1,11,0,normal
2025-10-13 12:00:00,28.0,70.0,1.8,1.8,73,15.0,166,61,12,0,rain
2025-10-13 13:00:00,28.2,72.0,0.4,0.4,100,14.0,173,51,13,0,rain
2025-10-13 14:00:00,28.6,69.0,0.1,0.1,86,15.0,175,51,14,0,rain
2025-10-13 15:00:00,26.8,74.0,1.0,1.0,90,14.7,169,55,15,0,rain
2025-10-13 16:00:00,27.1,76.0,0.6,0.6,94,14.9,169,53,16,0,rain
2025-10-13 17:00:00,26.1,81.0,0.1,0.1,98,13.5,176,51,17,0,rain
2025-10-13 18:00:00,25.1,87.0,0.0,0.0,97,11.2,183,3,18,0,cloudy
2025-10-13 19:00:00,24.9,87.0,0.0,0.0,97,9.9,183,3,19,0,cloudy
2025-10-13 20:00:00,25.0,87.0,0.0,0.0,97,9.5,181,3,20,0,cloudy
2025-10-13 21:00:00,25.3,86.0,0.0,0.0,76,9.8,167,2,21,0,cloudy
2025-10-13 22:00:00,25.2,87.0,0.0,0.0,30,11.2,164,1,22,0,normal
2025-10-13 23:00:00,25.1,87.0,0.0,0.0,64,10.9,167,2,23,0,normal
2025-10-14 00:00:00,25.0,87.0,0.0,0.0,88,11.2,165,3,0,1,cloudy
2025-10-14 01:00:00,24.6,89.0,0.0,0.0,97,11.1,166,3,1,1,cloudy
2025-10-14 02:00:00,24.5,90.0,0.0,0.0,98,11.4,165,3,2,1,cloudy
2025-10-14 03:00:00,24.5,89.0,0.0,0.0,100,10.1,158,3,3,1,cloudy
2025-10-14 04:00:00,24.6,89.0,0.0,0.0,100,9.2,157,3,4,1,cloudy
2025-10-14 05:00:00,24.5,89.0,0.0,0.0,99,8.6,160,3,5,1,cloudy
2025-10-14 06:00:00,24.6,88.0,0.1,0.1,99,9.6,159,51,6,1,rain
2025-10-14 07:00:00,25.8,82.0,0.0,0.0,100,10.7,157,3,7,1,cloudy
2025-10-14 08:00:00,26.6,76.0,0.1,0.1,100,11.3,153,51,8,1,rain
2025-10-14 09:00:00,27.7,70.0,0.1,0.1,98,12.6,163,51,9,1,rain
2025-10-14 10:00:00,28.8,66.0,0.1,0.1,74,12.3,166,51,10,1,rain
2025-10-14 11:00:00,29.6,62.0,0.0,0.0,27,13.1,173,1,11,1,normal
2025-10-14 12:00:00,29.6,62.0,0.0,0.0,65,14.2,180,2,12,1,normal
2025-10-14 13:00:00,29.4,60.0,0.3,0.3,99,14.7,188,51,13,1,rain
2025-10-14 14:00:00,28.9,64.0,0.1,0.1,95,15.8,187,51,14,1,rain
2025-10-14 15:00:00,28.4,66.0,0.0,0.0,96,16.6,193,3,15,1,cloudy
2025-10-14 16:00:00,28.0,69.0,0.0,0.0,95,16.3,193,3,16,1,cloudy
2025-10-14 17:00:00,27.0,74.0,0.0,0.0,99,14.3,200,3,17,1,cloudy
2025-10-14 18:00:00,26.0,80.0,0.0,0.0,99,13.0,197,3,18,1,cloudy
2025-10-14 19:00:00,25.7,83.0,0.0,0.0,99,12.8,196,3,19,1,cloudy
2025-10-14 20:00:00,25.5,84.0,0.0,0.0,99,12.1,191,3,20,1,cloudy
2025-10-14 21:00:00,26.0,83.0,0.0,0.0,100,12.4,179,3,21,1,cloudy
2025-10-14 22:00:00,25.9,83.0,0.0,0.0,100,13.9,181,3,22,1,cloudy
2025-10-14 23:00:00,25.8,82.0,0.0,0.0,98,15.1,181,3,23,1,cloudy
2025-10-15 00:00:00,25.5,82.0,0.0,0.0,100,14.8,178,3,0,2,cloudy
2025-10-15 01:00:00,25.4,82.0,0.0,0.0,98,13.9,179,3,1,2,cloudy
2025-10-15 02:00:00,25.2,83.0,0.0,0.0,91,13.7,178,3,2,2,cloudy
2025-10-15 03:00:00,24.5,86.0,0.0,0.0,42,10.9,171,1,3,2,normal
2025-10-15 04:00:00,24.5,85.0,0.0,0.0,41,10.0,166,1,4,2,normal
2025-10-15 05:00:00,24.7,85.0,0.0,0.0,27,9.7,170,1,5,2,normal
2025-10-15 06:00:00,25.0,83.0,0.0,0.0,32,11.1,172,1,6,2,normal
2025-10-15 07:00:00,26.4,77.0,0.0,0.0,22,13.3,178,1,7,2,normal
2025-10-15 08:00:00,27.4,73.0,0.0,0.0,16,14.2,181,0,8,2,normal
2025-10-15 09:00:00,28.4,69.0,0.0,0.0,18,15.0,183,0,9,2,normal
2025-10-15 10:00:00,29.0,67.0,0.0,0.0,25,15.7,184,1,10,2,normal
2025-10-15 11:00:00,29.4,66.0,0.0,0.0,41,16.6,184,1,11,2,normal
2025-10-15 12:00:00,28.8,69.0,0.1,0.1,70,15.9,185,51,12,2,rain
2025-10-15 13:00:00,28.8,67.0,0.1,0.1,34,17.7,189,51,13,2,rain
2025-10-15 14:00:00,29.3,64.0,0.1,0.1,95,18.3,190,51,14,2,rain
2025-10-15 15:00:00,28.2,68.0,0.7,0.7,100,19.8,199,53,15,2,rain
2025-10-15 16:00:00,27.7,70.0,0.0,0.0,82,20.0,199,3,16,2,cloudy
2025-10-15 17:00:00,26.7,75.0,0.0,0.0,73,18.2,201,2,17,2,normal
2025-10-15 18:00:00,25.8,80.0,0.0,0.0,80,16.7,200,3,18,2,cloudy
2025-10-15 19:00:00,25.8,81.0,0.0,0.0,81,16.6,195,3,19,2,cloudy
2025-10-15 20:00:00,25.6,82.0,0.0,0.0,98,16.2,193,3,20,2,cloudy
2025-10-15 21:00:00,25.7,81.0,0.0,0.0,96,16.1,187,3,21,2,cloudy
2025-10-15 22:00:00,25.6,81.0,0.0,0.0,93,14.7,187,3,22,2,cloudy
2025-10-15 23:00:00,25.5,81.0,0.0,0.0,99,15.2,186,3,23,2,cloudy
2025-10-16 00:00:00,25.4,82.0,0.0,0.0,100,15.0,186,3,0,3,cloudy
2025-10-16 01:00:00,25.2,83.0,0.0,0.0,98,14.7,188,3,1,3,cloudy
2025-10-16 02:00:00,24.9,84.0,0.0,0.0,97,13.5,188,3,2,3,cloudy
2025-10-16 03:00:00,24.1,86.0,0.0,0.0,99,7.9,191,3,3,3,cloudy
2025-10-16 04:00:00,24.1,86.0,0.1,0.1,98,6.5,194,51,4,3,rain
2025-10-16 05:00:00,23.8,88.0,0.1,0.1,97,5.3,213,51,5,3,rain
2025-10-16 06:00:00,23.9,89.0,0.2,0.2,67,7.2,207,51,6,3,rain
2025-10-16 07:00:00,25.0,86.0,0.1,0.1,91,7.0,206,51,7,3,rain
2025-10-16 08:00:00,26.8,74.0,0.2,0.2,100,9.3,199,51,8,3,rain
2025-10-16 09:00:00,28.5,69.0,0.1,0.1,100,12.7,198,51,9,3,rain
2025-10-16 10:00:00,29.5,65.0,0.1,0.1,98,15.0,191,51,10,3,rain
2025-10-16 11:00:00,29.9,63.0,0.1,0.1,95,14.3,200,51,11,3,rain
2025-10-16 12:00:00,30.5,60.0,0.0,0.0,94,16.6,201,3,12,3,cloudy
2025-10-16 13:00:00,29.4,63.0,0.4,0.4,97,16.8,204,51,13,3,rain
2025-10-16 14:00:00,29.0,64.0,0.6,0.6,95,18.3,199,53,14,3,rain
2025-10-16 15:00:00,28.9,65.0,0.2,0.2,100,17.6,198,51,15,3,rain
2025-10-16 16:00:00,27.8,69.0,0.0,0.0,95,19.5,194,3,16,3,cloudy
2025-10-16 17:00:00,27.0,73.0,0.0,0.0,66,20.6,189,2,17,3,normal
2025-10-16 18:00:00,26.2,77.0,0.0,0.0,91,16.1,186,3,18,3,cloudy
2025-10-16 19:00:00,26.1,78.0,0.0,0.0,89,14.4,184,3,19,3,cloudy
2025-10-16 20:00:00,25.8,80.0,0.0,0.0,63,8.9,188,2,20,3,normal
2025-10-16 21:00:00,25.4,81.0,0.0,0.0,28,7.8,206,1,21,3,normal
2025-10-16 22:00:00,24.9,83.0,0.0,0.0,38,4.8,195,1,22,3,normal
2025-10-16 23:00:00,24.3,87.0,0.0,0.0,46,4.1,221,1,23,3,normal
2025-10-17 00:00:00,24.5,86.0,0.0,0.0,98,4.4,218,3,0,4,cloudy
2025-10-17 01:00:00,24.6,85.0,0.1,0.1,100,6.9,197,51,1,4,rain
2025-10-17 02:00:00,24.3,86.0,0.0,0.0,31,8.6,196,1,2,4,normal
2025-10-17 03:00:00,23.8,92.0,0.0,0.0,84,10.9,199,3,3,4,cloudy
2025-10-17 04:00:00,23.8,91.0,0.0,0.0,73,7.4,223,2,4,4,normal
2025-10-17 05:00:00,23.7,92.0,0.0,0.0,91,7.4,223,3,5,4,cloudy
2025-10-17 06:00:00,23.5,94.0,0.0,0.0,97,4.4,263,3,6,4,cloudy
2025-10-17 07:00:00,25.4,83.0,0.0,0.0,64,10.5,213,2,7,4,normal
2025-10-17 08:00:00,26.9,74.0,0.0,0.0,55,11.3,200,2,8,4,normal
2025-10-17 09:00:00,28.2,69.0,0.1,0.1,33,13.8,186,51,9,4,rain
2025-10-17 10:00:00,29.1,65.0,0.1,0.1,19,14.6,189,51,10,4,rain
2025-10-17 11:00:00,29.4,65.0,0.1,0.1,38,13.8,187,51,11,4,rain
2025-10-17 12:00:00,30.0,63.0,0.1,0.1,37,14.6,194,51,12,4,rain
2025-10-17 13:00:00,28.5,66.0,0.8,0.8,68,16.4,201,53,13,4,rain
2025-10-17 14:00:00,28.7,67.0,0.5,0.5,45,13.0,190,53,14,4,rain
2025-10-17 15:00:00,28.3,67.0,0.3,0.3,35,13.3,179,51,15,4,rain
2025-10-17 16:00:00,28.0,72.0,0.0,0.0,60,14.6,179,2,16,4,normal
2025-10-17 17:00:00,26.8,78.0,0.0,0.0,88,14.8,183,3,17,4,cloudy
2025-10-17 18:00:00,26.0,82.0,0.0,0.0,90,14.8,184,3,18,4,cloudy
2025-10-17 19:00:00,25.7,84.0,0.0,0.0,56,13.0,179,2,19,4,normal
2025-10-17 20:00:00,25.5,85.0,0.0,0.0,37,12.2,178,1,20,4,normal
2025-10-17 21:00:00,25.6,86.0,0.0,0.0,24,11.0,177,1,21,4,normal
2025-10-17 22:00:00,25.4,86.0,0.0,0.0,17,11.0,183,0,22,4,normal
2025-10-17 23:00:00,25.3,87.0,0.0,0.0,15,12.4,179,0,23,4,normal
2025-10-18 00:00:00,25.2,87.0,0.0,0.0,17,12.1,175,0,0,5,normal
2025-10-18 01:00:00,25.0,87.0,0.0,0.0,20,11.2,174,1,1,5,normal
2025-10-18 02:00:00,24.8,88.0,0.0,0.0,29,9.7,177,1,2,5,normal
2025-10-18 03:00:00,24.8,87.0,0.0,0.0,15,9.7,177,0,3,5,normal
2025-10-18 04:00:00,24.9,87.0,0.0,0.0,21,10.2,172,1,4,5,normal
2025-10-18 05:00:00,24.9,87.0,0.0,0.0,27,9.9,178,1,5,5,normal
2025-10-18 06:00:00,24.9,87.0,0.0,0.0,25,9.4,185,1,6,5,normal
2025-10-18 07:00:00,26.3,79.0,0.0,0.0,16,13.2,185,0,7,5,normal
2025-10-18 08:00:00,27.6,72.0,0.0,0.0,18,14.4,189,0,8,5,normal
2025-10-18 09:00:00,28.4,68.0,0.0,0.0,20,16.1,186,1,9,5,normal
2025-10-18 10:00:00,29.2,63.0,0.0,0.0,24,16.7,186,1,10,5,normal
2025-10-18 11:00:00,29.4,63.0,0.0,0.0,19,17.5,190,0,11,5,normal
2025-10-18 12:00:00,29.4,64.0,0.1,0.1,28,18.3,195,51,12,5,rain
2025-10-18 13:00:00,29.3,64.0,0.1,0.1,35,17.4,193,51,13,5,rain
2025-10-18 14:00:00,28.5,68.0,0.0,0.0,24,18.2,194,1,14,5,normal
2025-10-18 15:00:00,28.2,66.0,0.0,0.0,42,18.3,195,1,15,5,normal
2025-10-18 16:00:00,27.7,70.0,0.2,0.2,29,19.9,198,51,16,5,rain
2025-10-18 17:00:00,26.9,74.0,0.0,0.0,66,19.1,198,2,17,5,normal
2025-10-18 18:00:00,26.0,80.0,0.0,0.0,26,15.5,198,1,18,5,normal
2025-10-18 19:00:00,25.5,83.0,0.0,0.0,27,15.8,199,1,19,5,normal
2025-10-18 20:00:00,25.3,85.0,0.0,0.0,21,14.0,200,1,20,5,normal
2025-10-18 21:00:00,25.4,85.0,0.0,0.0,20,14.0,189,1,21,5,normal
2025-10-18 22:00:00,25.3,86.0,0.0,0.0,14,14.4,189,0,22,5,normal
2025-10-18 23:00:00,24.9,86.0,0.1,0.1,47,13.9,197,51,23,5,rain
2025-10-19 00:00:00,24.4,88.0,0.1,0.1,48,13.5,196,51,0,6,rain
2025-10-19 01:00:00,23.6,90.0,0.1,0.1,30,13.9,204,51,1,6,rain
2025-10-19 02:00:00,23.7,90.0,0.0,0.0,22,9.4,183,1,2,6,normal
2025-10-19 03:00:00,23.9,89.0,0.0,0.0,30,9.9,183,1,3,6,normal
2025-10-19 04:00:00,24.5,85.0,0.0,0.0,26,11.1,196,1,4,6,normal
2025-10-19 05:00:00,24.7,82.0,0.0,0.0,30,12.6,199,1,5,6,normal
2025-10-19 06:00:00,24.6,84.0,0.0,0.0,31,13.4,206,1,6,6,normal
2025-10-19 07:00:00,25.3,81.0,0.0,0.0,6,12.5,212,0,7,6,normal
2025-10-19 08:00:00,26.9,73.0,0.0,0.0,21,16.2,195,1,8,6,normal
2025-10-19 09:00:00,27.7,68.0,0.1,0.1,34,19.6,195,51,9,6,rain
2025-10-19 10:00:00,28.3,65.0,0.5,0.5,51,20.9,199,53,10,6,rain
2025-10-19 11:00:00,28.7,64.0,0.3,0.3,47,21.5,203,51,11,6,rain
2025-10-19 12:00:00,28.9,63.0,0.1,0.1,36,22.2,204,51,12,6,rain
2025-10-19 13:00:00,28.7,65.0,0.3,0.3,30,23.1,204,51,13,6,rain
2025-10-19 14:00:00,28.5,65.0,0.2,0.2,30,23.4,204,51,14,6,rain
2025-10-19 15:00:00,28.1,68.0,0.1,0.1,23,23.4,204,51,15,6,rain
2025-10-19 16:00:00,27.6,68.0,0.0,0.0,58,22.9,204,2,16,6,normal
2025-10-19 17:00:00,26.5,74.0,0.0,0.0,60,21.9,206,2,17,6,normal
2025-10-19 18:00:00,26.1,77.0,0.0,0.0,53,19.6,208,2,18,6,normal
2025-10-19 19:00:00,25.6,81.0,0.0,0.0,44,17.1,208,1,19,6,normal
2025-10-19 20:00:00,25.3,82.0,0.0,0.0,35,16.3,202,1,20,6,normal
2025-10-19 21:00:00,25.5,79.0,0.0,0.0,44,15.4,201,1,21,6,normal
2025-10-19 22:00:00,25.5,79.0,0.0,0.0,32,16.0,203,1,22,6,normal
2025-10-19 23:00:00,25.4,78.0,0.0,0.0,47,14.9,202,1,23,6,normal
2025-10-20 00:00:00,25.4,77.0,0.0,0.0,89,14.8,202,3,0,0,cloudy
2025-10-20 01:00:00,25.3,77.0,0.0,0.0,30,13.4,204,1,1,0,normal
2025-10-20 02:00:00,25.1,78.0,0.0,0.0,18,13.9,200,0,2,0,normal
2025-10-20 03:00:00,25.3,78.0,0.0,0.0,27,14.2,187,1,3,0,normal
2025-10-20 04:00:00,25.0,83.0,0.0,0.0,12,13.7,194,0,4,0,normal
2025-10-20 05:00:00,24.6,87.0,0.0,0.0,10,11.0,199,0,5,0,normal
2025-10-20 06:00:00,24.6,86.0,0.0,0.0,31,11.2,208,1,6,0,normal
2025-10-20 07:00:00,26.0,78.0,0.0,0.0,41,15.4,204,1,7,0,normal
2025-10-20 08:00:00,27.2,72.0,0.0,0.0,45,16.9,201,1,8,0,normal
2025-10-20 09:00:00,28.4,66.0,0.0,0.0,47,17.6,205,1,9,0,normal
2025-10-20 10:00:00,29.4,61.0,0.0,0.0,41,18.4,205,1,10,0,normal
2025-10-20 11:00:00,29.8,59.0,0.0,0.0,40,19.3,207,1,11,0,normal
2025-10-20 12:00:00,29.8,60.0,0.0,0.0,26,20.7,207,1,12,0,normal
2025-10-20 13:00:00,29.7,60.0,0.0,0.0,31,20.8,209,1,13,0,normal
2025-10-20 14:00:00,29.3,61.0,0.0,0.0,37,20.9,209,1,14,0,normal
2025-10-20 15:00:00,28.8,64.0,0.0,0.0,38,19.5,210,1,15,0,normal
2025-10-20 16:00:00,27.7,68.0,0.0,0.0,50,18.8,207,2,16,0,normal
2025-10-20 17:00:00,27.0,72.0,0.0,0.0,50,18.8,204,2,17,0,normal
2025-10-20 18:00:00,26.0,78.0,0.0,0.0,54,16.9,202,2,18,0,normal
2025-10-20 19:00:00,25.9,79.0,0.0,0.0,34,17.1,201,1,19,0,normal
2025-10-20 20:00:00,25.8,80.0,0.0,0.0,100,16.1,198,3,20,0,cloudy
2025-10-20 21:00:00,25.8,80.0,0.0,0.0,100,16.1,193,3,21,0,cloudy
2025-10-20 22:00:00,25.8,80.0,0.0,0.0,78,16.5,194,2,22,0,cloudy
2025-10-20 23:00:00,25.7,80.0,0.0,0.0,36,16.2,194,1,23,0,normal
2025-10-21 00:00:00,25.6,80.0,0.0,0.0,49,16.6,198,1,0,1,normal
2025-10-21 01:00:00,25.4,82.0,0.0,0.0,53,16.7,196,2,1,1,normal
2025-10-21 02:00:00,25.2,84.0,0.0,0.0,77,16.4,195,2,2,1,cloudy
2025-10-21 03:00:00,25.5,82.0,0.0,0.0,100,16.6,193,3,3,1,cloudy
2025-10-21 04:00:00,25.4,83.0,0.0,0.0,99,16.2,192,3,4,1,cloudy
2025-10-21 05:00:00,25.2,84.0,0.0,0.0,98,16.2,192,3,5,1,cloudy
2025-10-21 06:00:00,25.2,84.0,0.0,0.0,66,16.2,193,2,6,1,normal
2025-10-21 07:00:00,26.3,78.0,0.0,0.0,92,19.3,194,3,7,1,cloudy
2025-10-21 08:00:00,27.3,72.0,0.0,0.0,88,21.6,197,3,8,1,cloudy
2025-10-21 09:00:00,28.2,66.0,0.1,0.1,99,21.8,204,51,9,1,rain
2025-10-21 10:00:00,28.7,64.0,0.2,0.2,100,20.6,205,51,10,1,rain
2025-10-21 11:00:00,28.7,65.0,0.1,0.1,55,20.9,201,51,11,1,rain
2025-10-21 12:00:00,29.2,64.0,0.1,0.1,30,21.9,201,51,12,1,rain
2025-10-21 13:00:00,28.1,69.0,0.8,0.8,74,19.8,212,53,13,1,rain
2025-10-21 14:00:00,28.2,69.0,0.1,0.1,19,20.0,199,51,14,1,rain
2025-10-21 15:00:00,28.0,67.0,0.0,0.0,53,21.5,202,2,15,1,normal
2025-10-21 16:00:00,27.5,70.0,0.0,0.0,23,18.7,205,1,16,1,normal
2025-10-21 17:00:00,26.6,74.0,0.0,0.0,17,17.6,203,0,17,1,normal
2025-10-21 18:00:00,25.8,77.0,0.0,0.0,72,14.7,205,2,18,1,normal
2025-10-21 19:00:00,25.8,77.0,0.0,0.0,66,14.7,191,2,19,1,normal
2025-10-21 20:00:00,25.7,78.0,0.0,0.0,100,14.8,193,3,20,1,cloudy
2025-10-21 21:00:00,25.6,77.0,0.0,0.0,71,14.2,192,2,21,1,normal
2025-10-21 22:00:00,25.5,77.0,0.0,0.0,98,13.2,184,3,22,1,cloudy
2025-10-21 23:00:00,25.4,78.0,0.0,0.0,98,13.0,183,3,23,1,cloudy
2025-10-22 00:00:00,25.1,78.0,0.0,0.0,100,12.9,187,3,0,2,cloudy
2025-10-22 01:00:00,24.9,79.0,0.0,0.0,100,13.1,192,3,1,2,cloudy
2025-10-22 02:00:00,24.9,79.0,0.0,0.0,100,13.9,191,3,2,2,cloudy
2025-10-22 03:00:00,25.1,78.0,0.0,0.0,100,11.9,177,3,3,2,cloudy
2025-10-22 04:00:00,25.1,78.0,0.0,0.0,100,13.4,174,3,4,2,cloudy
2025-10-22 05:00:00,25.1,78.0,0.0,0.0,100,12.6,176,3,5,2,cloudy
2025-10-22 06:00:00,25.2,77.0,0.0,0.0,99,13.4,184,3,6,2,cloudy
2025-10-22 07:00:00,26.6,70.0,0.0,0.0,99,15.9,196,3,7,2,cloudy
2025-10-22 08:00:00,27.7,65.0,0.0,0.0,70,17.3,202,2,8,2,normal
2025-10-22 09:00:00,28.2,62.0,0.0,0.0,99,19.5,204,3,9,2,cloudy
2025-10-22 10:00:00,29.2,59.0,0.0,0.0,59,15.9,207,2,10,2,normal
2025-10-22 11:00:00,30.0,56.0,0.0,0.0,16,14.7,209,0,11,2,normal
2025-10-22 12:00:00,30.5,53.0,0.0,0.0,26,13.4,206,1,12,2,normal
2025-10-22 13:00:00,30.7,52.0,0.0,0.0,63,12.9,195,2,13,2,normal
2025-10-22 14:00:00,29.4,58.0,0.0,0.0,39,18.9,181,1,14,2,normal
2025-10-22 15:00:00,28.8,59.0,0.0,0.0,26,16.3,186,1,15,2,normal
2025-10-22 16:00:00,27.8,63.0,0.0,0.0,39,17.6,191,1,16,2,normal
2025-10-22 17:00:00,26.8,67.0,0.0,0.0,30,13.9,191,1,17,2,normal
2025-10-22 18:00:00,26.0,72.0,0.0,0.0,15,10.0,187,0,18,2,normal
2025-10-22 19:00:00,25.8,74.0,0.0,0.0,20,10.8,177,1,19,2,normal
2025-10-22 20:00:00,25.6,75.0,0.0,0.0,10,11.0,176,0,20,2,normal
2025-10-22 21:00:00,25.5,78.0,0.0,0.0,14,10.3,177,0,21,2,normal
2025-10-22 22:00:00,25.3,79.0,0.0,0.0,19,11.7,180,0,22,2,normal
2025-10-22 23:00:00,25.1,80.0,0.0,0.0,14,12.6,183,0,23,2,normal
2025-10-23 00:00:00,25.0,81.0,0.0,0.0,18,11.4,187,0,0,3,normal
2025-10-23 01:00:00,24.8,81.0,0.0,0.0,45,11.6,198,1,1,3,normal
2025-10-23 02:00:00,24.9,81.0,0.0,0.0,74,12.9,205,2,2,3,normal
2025-10-23 03:00:00,24.9,79.0,0.0,0.0,42,8.3,219,1,3,3,normal
2025-10-23 04:00:00,24.5,81.0,0.0,0.0,91,9.3,243,3,4,3,cloudy
2025-10-23 05:00:00,24.6,81.0,0.0,0.0,100,11.6,233,3,5,3,cloudy
2025-10-23 06:00:00,25.0,80.0,0.0,0.0,100,16.0,220,3,6,3,cloudy
2025-10-23 07:00:00,25.5,78.0,0.0,0.0,100,22.1,219,3,7,3,cloudy
2025-10-23 08:00:00,26.3,76.0,0.0,0.0,100,22.7,218,3,8,3,cloudy
2025-10-23 09:00:00,27.2,72.0,0.0,0.0,100,15.7,214,3,9,3,cloudy
2025-10-23 10:00:00,29.2,63.0,0.0,0.0,98,11.8,213,3,10,3,cloudy
2025-10-23 11:00:00,30.5,57.0,0.0,0.0,18,11.3,207,0,11,3,normal
2025-10-23 12:00:00,31.0,56.0,0.0,0.0,90,13.2,194,3,12,3,cloudy
2025-10-23 13:00:00,30.1,60.0,0.0,0.0,100,16.1,191,3,13,3,cloudy
2025-10-23 14:00:00,29.0,63.0,0.0,0.0,100,15.7,193,3,14,3,cloudy
2025-10-23 15:00:00,28.3,68.0,0.0,0.0,100,17.8,196,3,15,3,cloudy
2025-10-23 16:00:00,27.8,69.0,0.0,0.0,92,17.5,199,3,16,3,cloudy
2025-10-23 17:00:00,26.6,76.0,0.0,0.0,39,17.7,192,1,17,3,normal
2025-10-23 18:00:00,25.7,83.0,0.0,0.0,35,16.1,194,1,18,3,normal
2025-10-23 19:00:00,25.6,82.0,0.0,0.0,48,17.4,191,1,19,3,normal
2025-10-23 20:00:00,25.6,83.0,0.0,0.0,59,17.2,190,2,20,3,normal
2025-10-23 21:00:00,25.6,82.0,0.0,0.0,100,16.9,191,3,21,3,cloudy
2025-10-23 22:00:00,25.5,84.0,0.0,0.0,100,16.7,188,3,22,3,cloudy
2025-10-23 23:00:00,25.5,83.0,0.0,0.0,100,15.8,188,3,23,3,cloudy
2025-10-24 00:00:00,25.4,83.0,0.0,0.0,100,15.4,187,3,0,4,cloudy
2025-10-24 01:00:00,25.3,83.0,0.0,0.0,98,14.7,188,3,1,4,cloudy
2025-10-24 02:00:00,25.2,83.0,0.0,0.0,92,15.3,188,3,2,4,cloudy
2025-10-24 03:00:00,25.3,80.0,0.0,0.0,98,14.9,192,3,3,4,cloudy
2025-10-24 04:00:00,25.3,79.0,0.0,0.0,98,15.5,195,3,4,4,cloudy
2025-10-24 05:00:00,25.1,80.0,0.0,0.0,100,15.0,196,3,5,4,cloudy
2025-10-24 06:00:00,25.2,79.0,0.0,0.0,83,14.5,199,3,6,4,cloudy
2025-10-24 07:00:00,26.5,72.0,0.0,0.0,59,15.3,198,2,7,4,normal
2025-10-24 08:00:00,27.7,65.0,0.0,0.0,59,12.6,193,2,8,4,normal
2025-10-24 09:00:00,29.0,60.0,0.0,0.0,79,13.7,190,2,9,4,cloudy
2025-10-24 10:00:00,29.7,59.0,0.0,0.0,82,12.7,187,3,10,4,cloudy
2025-10-24 11:00:00,30.0,58.0,0.0,0.0,53,13.1,189,2,11,4,normal
2025-10-24 12:00:00,30.5,55.0,0.0,0.0,38,14.6,194,1,12,4,normal
2025-10-24 13:00:00,30.3,55.0,0.0,0.0,60,14.2,196,2,13,4,normal
2025-10-24 14:00:00,29.6,58.0,0.1,0.1,47,15.6,191,51,14,4,rain
2025-10-24 15:00:00,28.9,60.0,0.0,0.0,43,16.1,186,1,15,4,normal
2025-10-24 16:00:00,27.9,66.0,0.0,0.0,93,16.6,189,3,16,4,cloudy
2025-10-24 17:00:00,26.9,71.0,0.0,0.0,94,16.3,191,3,17,4,cloudy
2025-10-24 18:00:00,26.1,76.0,0.0,0.0,95,16.1,186,3,18,4,cloudy
2025-10-24 19:00:00,25.9,78.0,0.0,0.0,87,16.5,186,3,19,4,cloudy
2025-10-24 20:00:00,25.8,78.0,0.0,0.0,77,16.8,189,2,20,4,cloudy
2025-10-24 21:00:00,25.6,80.0,0.0,0.0,85,15.4,186,3,21,4,cloudy
2025-10-24 22:00:00,25.4,81.0,0.0,0.0,73,14.3,187,2,22,4,normal
2025-10-24 23:00:00,25.3,82.0,0.0,0.0,33,12.8,189,1,23,4,normal
2025-10-25 00:00:00,25.0,83.0,0.0,0.0,28,11.4,193,1,0,5,normal
2025-10-25 01:00:00,24.8,84.0,0.0,0.0,25,11.2,192,1,1,5,normal
2025-10-25 02:00:00,24.7,85.0,0.0,0.0,99,10.7,197,3,2,5,cloudy
2025-10-25 03:00:00,24.6,87.0,0.0,0.0,22,9.7,207,1,3,5,normal
2025-10-25 04:00:00,24.5,87.0,0.0,0.0,16,10.0,206,0,4,5,normal
2025-10-25 05:00:00,24.5,86.0,0.0,0.0,33,11.1,202,1,5,5,normal
2025-10-25 06:00:00,24.7,85.0,0.0,0.0,81,11.9,202,3,6,5,cloudy
2025-10-25 07:00:00,26.3,77.0,0.0,0.0,88,14.5,199,3,7,5,cloudy
2025-10-25 08:00:00,27.6,69.0,0.0,0.0,47,16.0,203,1,8,5,normal
2025-10-25 09:00:00,28.9,65.0,0.0,0.0,52,15.1,206,2,9,5,normal
2025-10-25 10:00:00,29.8,60.0,0.0,0.0,98,14.9,207,3,10,5,cloudy
2025-10-25 11:00:00,30.3,58.0,0.0,0.0,100,15.5,211,3,11,5,cloudy
2025-10-25 12:00:00,30.2,60.0,0.0,0.0,99,16.8,204,3,12,5,cloudy
2025-10-25 13:00:00,29.7,63.0,0.1,0.1,72,17.4,204,51,13,5,rain
2025-10-25 14:00:00,29.6,62.0,0.0,0.0,45,17.4,198,1,14,5,normal
2025-10-25 15:00:00,29.1,62.0,0.0,0.0,28,17.2,200,1,15,5,normal
2025-10-25 16:00:00,27.9,69.0,0.0,0.0,28,18.5,198,1,16,5,normal
2025-10-25 17:00:00,26.7,74.0,0.0,0.0,39,16.6,202,1,17,5,normal
2025-10-25 18:00:00,26.3,76.0,0.0,0.0,30,18.1,197,1,18,5,normal
2025-10-25 19:00:00,26.1,77.0,0.0,0.0,14,18.1,197,0,19,5,normal
2025-10-25 20:00:00,26.0,79.0,0.0,0.0,89,17.7,195,3,20,5,cloudy
2025-10-25 21:00:00,26.1,80.0,0.0,0.0,100,17.8,192,3,21,5,cloudy
2025-10-25 22:00:00,26.1,80.0,0.0,0.0,100,17.4,191,3,22,5,cloudy
2025-10-25 23:00:00,25.9,81.0,0.0,0.0,49,16.7,191,1,23,5,normal
2025-10-26 00:00:00,25.6,82.0,0.0,0.0,22,15.5,189,1,0,6,normal
2025-10-26 01:00:00,25.4,83.0,0.0,0.0,74,14.3,186,2,1,6,normal
2025-10-26 02:00:00,25.3,84.0,0.0,0.0,38,13.1,188,1,2,6,normal
2025-10-26 03:00:00,25.1,85.0,0.0,0.0,77,13.4,192,2,3,6,cloudy
2025-10-26 04:00:00,25.2,84.0,0.0,0.0,98,14.0,195,3,4,6,cloudy
2025-10-26 05:00:00,25.1,84.0,0.0,0.0,98,13.4,197,3,5,6,cloudy
2025-10-26 06:00:00,25.3,84.0,0.0,0.0,77,12.4,199,2,6,6,cloudy
2025-10-26 07:00:00,26.8,75.0,0.0,0.0,75,15.4,203,2,7,6,cloudy
2025-10-26 08:00:00,28.0,69.0,0.0,0.0,81,16.9,203,3,8,6,cloudy
2025-10-26 09:00:00,28.9,64.0,0.0,0.0,98,16.7,206,3,9,6,cloudy
2025-10-26 10:00:00,30.2,59.0,0.0,0.0,73,17.4,208,2,10,6,normal
2025-10-26 11:00:00,30.7,58.0,0.0,0.0,27,18.2,212,1,11,6,normal
2025-10-26 12:00:00,31.4,55.0,0.0,0.0,70,17.6,207,2,12,6,normal
2025-10-26 13:00:00,30.9,58.0,0.0,0.0,84,17.4,196,3,13,6,cloudy
2025-10-26 14:00:00,29.3,65.0,0.1,0.1,40,18.5,188,51,14,6,rain
2025-10-26 15:00:00,28.9,69.0,0.0,0.0,66,15.3,183,2,15,6,normal
2025-10-26 16:00:00,28.2,71.0,0.0,0.0,33,15.0,185,1,16,6,normal
2025-10-26 17:00:00,26.8,79.0,0.0,0.0,23,15.0,175,1,17,6,normal
2025-10-26 18:00:00,26.2,83.0,0.0,0.0,30,13.3,171,1,18,6,normal
2025-10-26 19:00:00,26.1,84.0,0.0,0.0,34,13.7,167,1,19,6,normal
2025-10-26 20:00:00,25.9,85.0,0.0,0.0,87,14.1,175,3,20,6,cloudy
2025-10-26 21:00:00,25.9,85.0,0.0,0.0,80,13.5,175,3,21,6,cloudy
2025-10-26 22:00:00,25.8,86.0,0.0,0.0,91,13.7,176,3,22,6,cloudy
2025-10-26 23:00:00,25.6,86.0,0.0,0.0,87,13.0,179,3,23,6,cloudy
2025-10-27 00:00:00,25.6,86.0,0.0,0.0,90,12.8,180,3,0,0,cloudy
2025-10-27 01:00:00,25.6,87.0,0.0,0.0,35,12.0,172,1,1,0,normal
2025-10-27 02:00:00,25.3,88.0,0.0,0.0,20,9.9,170,1,2,0,normal
2025-10-27 03:00:00,25.1,89.0,0.0,0.0,30,8.5,162,1,3,0,normal
2025-10-27 04:00:00,25.0,89.0,0.0,0.0,38,8.2,165,1,4,0,normal
2025-10-27 05:00:00,25.0,89.0,0.0,0.0,45,9.1,159,1,5,0,normal
2025-10-27 06:00:00,25.2,88.0,0.0,0.0,48,10.1,163,1,6,0,normal
2025-10-27 07:00:00,26.5,81.0,0.0,0.0,34,12.5,162,1,7,0,normal
2025-10-27 08:00:00,27.8,73.0,0.0,0.0,58,11.8,159,2,8,0,normal
2025-10-27 09:00:00,29.1,67.0,0.1,0.1,84,10.9,144,51,9,0,rain
2025-10-27 10:00:00,29.8,63.0,0.0,0.0,100,10.7,136,3,10,0,cloudy
2025-10-27 11:00:00,30.4,62.0,0.0,0.0,83,10.6,133,3,11,0,cloudy
2025-10-27 12:00:00,30.2,62.0,0.8,0.8,88,12.4,140,53,12,0,rain
2025-10-27 13:00:00,29.3,68.0,0.6,0.6,45,13.5,150,53,13,0,rain
2025-10-27 14:00:00,29.4,67.0,0.1,0.1,55,13.6,144,51,14,0,rain
2025-10-27 15:00:00,28.7,68.0,0.1,0.1,22,13.9,143,51,15,0,rain
2025-10-27 16:00:00,28.1,72.0,0.0,0.0,27,12.1,139,1,16,0,normal
2025-10-27 17:00:00,27.2,76.0,0.0,0.0,37,12.0,147,1,17,0,normal
2025-10-27 18:00:00,26.4,79.0,0.0,0.0,87,12.0,145,3,18,0,cloudy
2025-10-27 19:00:00,26.4,81.0,0.0,0.0,42,12.1,137,1,19,0,normal
2025-10-27 20:00:00,26.1,83.0,0.0,0.0,30,11.1,143,1,20,0,normal
2025-10-27 21:00:00,26.1,85.0,0.0,0.0,17,11.1,136,0,21,0,normal
2025-10-27 22:00:00,25.9,87.0,0.0,0.0,30,10.9,129,1,22,0,normal
2025-10-27 23:00:00,25.7,87.0,0.0,0.0,23,11.4,125,1,23,0,normal
2025-10-28 00:00:00,25.5,88.0,0.0,0.0,18,10.7,120,0,0,1,normal
2025-10-28 01:00:00,25.3,88.0,0.0,0.0,21,10.3,125,1,1,1,normal
2025-10-28 02:00:00,25.2,89.0,0.0,0.0,16,10.2,132,0,2,1,normal
2025-10-28 03:00:00,25.0,88.0,0.0,0.0,11,9.3,140,0,3,1,normal
2025-10-28 04:00:00,24.9,88.0,0.0,0.0,10,9.9,145,0,4,1,normal
2025-10-28 05:00:00,24.9,88.0,0.0,0.0,18,10.2,138,0,5,1,normal
2025-10-28 06:00:00,25.0,87.0,0.0,0.0,23,10.4,135,1,6,1,normal
2025-10-28 07:00:00,26.5,79.0,0.0,0.0,24,13.1,137,1,7,1,normal
2025-10-28 08:00:00,27.7,72.0,0.0,0.0,30,13.6,136,1,8,1,normal
2025-10-28 09:00:00,28.9,67.0,0.0,0.0,5,13.5,123,0,9,1,normal
2025-10-28 10:00:00,29.7,63.0,0.0,0.0,2,13.1,117,0,10,1,normal
2025-10-28 11:00:00,30.2,61.0,0.0,0.0,13,13.5,113,0,11,1,normal
2025-10-28 12:00:00,30.3,61.0,0.0,0.0,5,14.2,116,0,12,1,normal
2025-10-28 13:00:00,30.1,61.0,0.0,0.0,11,14.7,117,0,13,1,normal
2025-10-28 14:00:00,29.6,63.0,0.0,0.0,15,16.0,117,0,14,1,normal
2025-10-28 15:00:00,28.9,65.0,0.0,0.0,5,16.0,119,0,15,1,normal
2025-10-28 16:00:00,27.9,70.0,0.0,0.0,71,16.5,115,2,16,1,normal
2025-10-28 17:00:00,27.0,73.0,0.0,0.0,76,16.1,114,2,17,1,cloudy
2025-10-28 18:00:00,26.2,76.0,0.0,0.0,68,15.9,113,2,18,1,normal
2025-10-28 19:00:00,26.0,78.0,0.0,0.0,87,15.4,120,3,19,1,cloudy
2025-10-28 20:00:00,25.6,81.0,0.0,0.0,80,14.4,121,3,20,1,cloudy
2025-10-28 21:00:00,25.8,80.0,0.0,0.0,70,15.2,120,2,21,1,normal
2025-10-28 22:00:00,25.7,80.0,0.0,0.0,84,15.0,119,3,22,1,cloudy
2025-10-28 23:00:00,25.7,79.0,0.0,0.0,84,15.1,119,3,23,1,cloudy
2025-10-29 00:00:00,25.7,79.0,0.0,0.0,88,14.4,127,3,0,2,cloudy
2025-10-29 01:00:00,25.5,80.0,0.0,0.0,100,13.9,130,3,1,2,cloudy
2025-10-29 02:00:00,25.4,81.0,0.0,0.0,86,13.6,129,3,2,2,cloudy
2025-10-29 03:00:00,25.5,80.0,0.0,0.0,78,13.6,127,2,3,2,cloudy
2025-10-29 04:00:00,25.5,80.0,0.0,0.0,41,12.9,130,1,4,2,normal
2025-10-29 05:00:00,25.5,79.0,0.0,0.0,11,11.9,132,0,5,2,normal
2025-10-29 06:00:00,25.6,78.0,0.0,0.0,19,11.6,129,0,6,2,normal
2025-10-29 07:00:00,27.1,71.0,0.0,0.0,27,15.0,128,1,7,2,normal
2025-10-29 08:00:00,28.2,65.0,0.0,0.0,41,15.4,127,1,8,2,normal
2025-10-29 09:00:00,29.4,61.0,0.0,0.0,16,14.8,119,0,9,2,normal
2025-10-29 10:00:00,29.8,59.0,0.0,0.0,22,14.5,117,1,10,2,normal
2025-10-29 11:00:00,30.1,58.0,0.1,0.1,21,14.1,117,51,11,2,rain
2025-10-29 12:00:00,30.4,57.0,0.1,0.1,25,13.9,117,51,12,2,rain
2025-10-29 13:00:00,30.3,58.0,0.1,0.1,19,13.4,116,51,13,2,rain
2025-10-29 14:00:00,30.0,59.0,0.0,0.0,16,13.0,118,0,14,2,normal
2025-10-29 15:00:00,29.4,60.0,0.0,0.0,73,12.6,116,2,15,2,normal
2025-10-29 16:00:00,28.6,64.0,0.0,0.0,76,11.7,121,2,16,2,cloudy
2025-10-29 17:00:00,27.4,70.0,0.0,0.0,89,12.1,132,3,17,2,cloudy
2025-10-29 18:00:00,26.5,76.0,0.0,0.0,97,11.8,137,3,18,2,cloudy
2025-10-29 19:00:00,26.1,78.0,0.0,0.0,95,11.8,130,3,19,2,cloudy
2025-10-29 20:00:00,25.8,80.0,0.0,0.0,92,12.4,132,3,20,2,cloudy
2025-10-29 21:00:00,25.9,80.0,0.0,0.0,96,13.2,136,3,21,2,cloudy
2025-10-29 22:00:00,25.7,81.0,0.0,0.0,98,13.2,137,3,22,2,cloudy
2025-10-29 23:00:00,25.5,82.0,0.0,0.0,100,13.1,144,3,23,2,cloudy
2025-10-30 00:00:00,25.3,83.0,0.0,0.0,100,12.6,147,3,0,3,cloudy
2025-10-30 01:00:00,25.1,84.0,0.0,0.0,100,12.1,147,3,1,3,cloudy
2025-10-30 02:00:00,24.9,85.0,0.0,0.0,98,11.4,143,3,2,3,cloudy
2025-10-30 03:00:00,24.9,84.0,0.0,0.0,86,12.3,134,3,3,3,cloudy
2025-10-30 04:00:00,24.7,84.0,0.0,0.0,59,12.1,140,2,4,3,normal
2025-10-30 05:00:00,24.7,84.0,0.0,0.0,39,11.4,142,1,5,3,normal
2025-10-30 06:00:00,24.6,84.0,0.0,0.0,34,10.2,141,1,6,3,normal
2025-10-30 07:00:00,26.1,76.0,0.0,0.0,77,11.9,139,2,7,3,cloudy
2025-10-30 08:00:00,27.3,69.0,0.0,0.0,73,12.3,141,2,8,3,normal
2025-10-30 09:00:00,28.0,66.0,0.0,0.0,87,12.5,131,3,9,3,cloudy
2025-10-30 10:00:00,28.9,61.0,0.0,0.0,69,12.2,128,2,10,3,normal
2025-10-30 11:00:00,29.3,60.0,0.1,0.1,69,13.2,129,51,11,3,rain
2025-10-30 12:00:00,29.3,60.0,0.1,0.1,83,12.8,130,51,12,3,rain
2025-10-30 13:00:00,29.1,62.0,0.1,0.1,84,12.4,130,51,13,3,rain
2025-10-30 14:00:00,29.0,62.0,0.0,0.0,99,13.4,127,3,14,3,cloudy
2025-10-30 15:00:00,28.4,60.0,0.0,0.0,100,12.5,134,3,15,3,cloudy
2025-10-30 16:00:00,28.1,61.0,0.0,0.0,100,11.2,135,3,16,3,cloudy
2025-10-30 17:00:00,26.8,68.0,0.0,0.0,78,12.5,148,2,17,3,cloudy
2025-10-30 18:00:00,25.8,74.0,0.0,0.0,2,11.2,150,0,18,3,normal
2025-10-30 19:00:00,25.5,76.0,0.0,0.0,0,11.6,158,0,19,3,normal
2025-10-30 20:00:00,25.4,77.0,0.0,0.0,1,11.0,146,0,20,3,normal
2025-10-30 21:00:00,25.3,76.0,0.0,0.0,0,12.2,155,0,21,3,normal
2025-10-30 22:00:00,25.0,78.0,0.0,0.0,0,11.1,155,0,22,3,normal
2025-10-30 23:00:00,24.8,79.0,0.0,0.0,1,10.5,156,0,23,3,normal
2025-10-31 00:00:00,24.4,81.0,0.0,0.0,1,9.8,156,0,0,4,normal
2025-10-31 01:00:00,24.2,81.0,0.0,0.0,2,9.7,161,0,1,4,normal
2025-10-31 02:00:00,24.0,83.0,0.0,0.0,4,9.6,163,0,2,4,normal
2025-10-31 03:00:00,24.4,85.0,0.0,0.0,10,9.7,156,0,3,4,normal
2025-10-31 04:00:00,24.1,87.0,0.0,0.0,18,8.9,152,0,4,4,normal
2025-10-31 05:00:00,24.2,86.0,0.0,0.0,27,8.5,159,1,5,4,normal
2025-10-31 06:00:00,24.4,85.0,0.0,0.0,16,9.4,162,0,6,4,normal
2025-10-31 07:00:00,26.2,75.0,0.0,0.0,24,12.4,152,1,7,4,normal
2025-10-31 08:00:00,27.4,68.0,0.0,0.0,30,13.5,147,1,8,4,normal
2025-10-31 09:00:00,28.4,64.0,0.0,0.0,34,14.8,150,1,9,4,normal
2025-10-31 10:00:00,29.2,59.0,0.0,0.0,47,14.3,149,1,10,4,normal
2025-10-31 11:00:00,29.8,56.0,0.0,0.0,54,13.9,144,2,11,4,normal
2025-10-31 12:00:00,29.9,55.0,0.0,0.0,43,14.1,143,1,12,4,normal
2025-10-31 13:00:00,29.6,57.0,0.0,0.0,21,14.4,142,1,13,4,normal
2025-10-31 14:00:00,29.4,57.0,0.0,0.0,9,13.2,143,0,14,4,normal
2025-10-31 15:00:00,28.9,60.0,0.0,0.0,17,13.9,149,0,15,4,normal
2025-10-31 16:00:00,28.1,62.0,0.0,0.0,16,12.0,148,0,16,4,normal
2025-10-31 17:00:00,27.0,67.0,0.0,0.0,16,10.4,148,0,17,4,normal
2025-10-31 18:00:00,26.0,74.0,0.0,0.0,2,7.7,149,0,18,4,normal
2025-10-31 19:00:00,25.5,78.0,0.0,0.0,2,8.8,145,0,19,4,normal
2025-10-31 20:00:00,25.1,80.0,0.0,0.0,80,10.5,145,3,20,4,cloudy
2025-10-31 21:00:00,25.1,78.0,0.0,0.0,91,12.6,146,3,21,4,cloudy
2025-10-31 22:00:00,25.1,78.0,0.0,0.0,84,13.3,147,3,22,4,cloudy
2025-10-31 23:00:00,24.9,79.0,0.0,0.0,93,13.3,153,3,23,4,cloudy
2025-11-01 00:00:00,24.8,79.0,0.0,0.0,91,12.7,159,3,0,5,cloudy
2025-11-01 01:00:00,24.5,80.0,0.0,0.0,29,12.4,161,1,1,5,normal
2025-11-01 02:00:00,24.3,79.0,0.0,0.0,5,11.6,164,0,2,5,normal
2025-11-01 03:00:00,24.6,81.0,0.0,0.0,14,12.4,161,0,3,5,normal
2025-11-01 04:00:00,24.4,82.0,0.0,0.0,17,12.0,162,0,4,5,normal
2025-11-01 05:00:00,24.5,82.0,0.0,0.0,27,11.7,162,1,5,5,normal
2025-11-01 06:00:00,24.7,81.0,0.0,0.0,30,12.3,159,1,6,5,normal
2025-11-01 07:00:00,26.2,73.0,0.0,0.0,34,14.9,157,1,7,5,normal
2025-11-01 08:00:00,27.3,66.0,0.0,0.0,38,15.4,157,1,8,5,normal
2025-11-01 09:00:00,28.5,63.0,0.0,0.0,39,14.9,153,1,9,5,normal
2025-11-01 10:00:00,29.2,59.0,0.0,0.0,45,13.8,154,1,10,5,normal
2025-11-01 11:00:00,29.7,57.0,0.0,0.0,36,13.7,155,1,11,5,normal
2025-11-01 12:00:00,29.5,59.0,0.0,0.0,28,13.9,155,1,12,5,normal
2025-11-01 13:00:00,29.6,57.0,0.0,0.0,17,13.3,159,0,13,5,normal
2025-11-01 14:00:00,29.3,59.0,0.0,0.0,48,12.8,158,1,14,5,normal
2025-11-01 15:00:00,28.7,59.0,0.0,0.0,12,12.8,158,0,15,5,normal
2025-11-01 16:00:00,27.8,64.0,0.0,0.0,18,12.5,162,0,16,5,normal
2025-11-01 17:00:00,26.8,69.0,0.0,0.0,20,12.0,161,1,17,5,normal
2025-11-01 18:00:00,26.1,73.0,0.0,0.0,34,10.5,156,1,18,5,normal
2025-11-01 19:00:00,25.7,75.0,0.0,0.0,66,9.4,154,2,19,5,normal
2025-11-01 20:00:00,25.5,76.0,0.0,0.0,63,10.0,162,2,20,5,normal
2025-11-01 21:00:00,25.4,77.0,0.0,0.0,8,10.1,161,0,21,5,normal
2025-11-01 22:00:00,25.3,79.0,0.0,0.0,5,11.4,157,0,22,5,normal
2025-11-01 23:00:00,25.1,79.0,0.0,0.0,9,12.1,153,0,23,5,normal
2025-11-02 00:00:00,24.8,81.0,0.0,0.0,13,11.9,153,0,0,6,normal
2025-11-02 01:00:00,24.5,83.0,0.0,0.0,21,11.0,156,1,1,6,normal
2025-11-02 02:00:00,24.3,84.0,0.0,0.0,21,10.3,161,1,2,6,normal
2025-11-02 03:00:00,24.4,85.0,0.0,0.0,7,10.5,164,0,3,6,normal
2025-11-02 04:00:00,24.1,85.0,0.0,0.0,7,9.3,167,0,4,6,normal
2025-11-02 05:00:00,24.0,85.0,0.0,0.0,11,9.4,169,0,5,6,normal
2025-11-02 06:00:00,24.1,86.0,0.0,0.0,19,10.0,174,0,6,6,normal
2025-11-02 07:00:00,25.8,77.0,0.0,0.0,19,12.5,175,0,7,6,normal
2025-11-02 08:00:00,27.0,71.0,0.0,0.0,20,12.9,174,1,8,6,normal
2025-11-02 09:00:00,28.2,66.0,0.0,0.0,13,11.9,166,0,9,6,normal
2025-11-02 10:00:00,29.1,61.0,0.0,0.0,5,10.7,166,0,10,6,normal
2025-11-02 11:00:00,29.8,57.0,0.0,0.0,4,11.0,161,0,11,6,normal
2025-11-02 12:00:00,30.1,55.0,0.0,0.0,2,12.7,157,0,12,6,normal
2025-11-02 13:00:00,29.9,55.0,0.0,0.0,27,13.8,156,1,13,6,normal
2025-11-02 14:00:00,29.3,58.0,0.0,0.0,43,14.0,158,1,14,6,normal
2025-11-02 15:00:00,28.9,62.0,0.0,0.0,13,13.6,160,0,15,6,normal
2025-11-02 16:00:00,27.8,66.0,0.0,0.0,13,13.8,160,0,16,6,normal
2025-11-02 17:00:00,26.9,70.0,0.0,0.0,16,13.8,158,0,17,6,normal
2025-11-02 18:00:00,26.2,74.0,0.0,0.0,9,14.3,155,0,18,6,normal
2025-11-02 19:00:00,25.9,75.0,0.0,0.0,5,15.8,151,0,19,6,normal
2025-11-02 20:00:00,25.8,76.0,0.0,0.0,9,16.2,148,0,20,6,normal
2025-11-02 21:00:00,25.8,76.0,0.0,0.0,6,15.1,142,0,21,6,normal
2025-11-02 22:00:00,25.5,79.0,0.0,0.0,14,14.7,144,0,22,6,normal
2025-11-02 23:00:00,25.3,80.0,0.0,0.0,27,15.0,147,1,23,6,normal
2025-11-03 00:00:00,25.2,79.0,0.0,0.0,41,14.7,151,1,0,0,normal
2025-11-03 01:00:00,25.1,79.0,0.0,0.0,42,14.0,154,1,1,0,normal
2025-11-03 02:00:00,25.0,79.0,0.0,0.0,84,13.2,160,3,2,0,cloudy
2025-11-03 03:00:00,24.8,82.0,0.0,0.0,28,11.5,158,1,3,0,normal
2025-11-03 04:00:00,24.6,83.0,0.0,0.0,27,9.4,156,1,4,0,normal
2025-11-03 05:00:00,24.3,84.0,0.0,0.0,36,7.3,160,1,5,0,normal
2025-11-03 06:00:00,24.4,83.0,0.0,0.0,41,7.2,167,1,6,0,normal
2025-11-03 07:00:00,26.1,73.0,0.0,0.0,26,9.1,170,1,7,0,normal
2025-11-03 08:00:00,27.3,67.0,0.0,0.0,12,10.0,173,0,8,0,normal
2025-11-03 09:00:00,28.6,62.0,0.0,0.0,2,10.1,174,0,9,0,normal
2025-11-03 10:00:00,29.4,58.0,0.0,0.0,2,11.9,166,0,10,0,normal
2025-11-03 11:00:00,29.7,58.0,0.0,0.0,7,13.8,164,0,11,0,normal
2025-11-03 12:00:00,29.7,58.0,0.0,0.0,13,15.0,162,0,12,0,normal
2025-11-03 13:00:00,29.6,60.0,0.0,0.0,34,14.6,160,1,13,0,normal
2025-11-03 14:00:00,29.2,61.0,0.0,0.0,36,14.1,157,1,14,0,normal
2025-11-03 15:00:00,28.9,61.0,0.0,0.0,19,14.6,156,0,15,0,normal
2025-11-03 16:00:00,28.1,63.0,0.0,0.0,19,14.3,152,0,16,0,normal
2025-11-03 17:00:00,27.1,67.0,0.0,0.0,15,13.8,154,0,17,0,normal
2025-11-03 18:00:00,26.4,70.0,0.0,0.0,44,14.3,149,1,18,0,normal
2025-11-03 19:00:00,26.0,72.0,0.0,0.0,20,12.0,144,1,19,0,normal
2025-11-03 20:00:00,25.8,73.0,0.0,0.0,5,13.1,143,0,20,0,normal
2025-11-03 21:00:00,25.9,76.0,0.0,0.0,1,13.8,137,0,21,0,normal
2025-11-03 22:00:00,25.7,76.0,0.0,0.0,7,14.4,138,0,22,0,normal
2025-11-03 23:00:00,25.5,78.0,0.0,0.0,17,13.6,139,0,23,0,normal
2025-11-04 00:00:00,25.3,78.0,0.0,0.0,30,13.9,143,1,0,1,normal
2025-11-04 01:00:00,25.1,79.0,0.0,0.0,29,13.0,146,1,1,1,normal
2025-11-04 02:00:00,24.9,80.0,0.0,0.0,42,11.5,149,1,2,1,normal
2025-11-04 03:00:00,25.0,78.0,0.0,0.0,88,9.5,151,3,3,1,cloudy
2025-11-04 04:00:00,24.8,79.0,0.0,0.0,55,6.5,156,2,4,1,normal
2025-11-04 05:00:00,24.0,83.0,0.0,0.0,16,4.5,157,0,5,1,normal
2025-11-04 06:00:00,23.9,85.0,0.0,0.0,63,4.3,158,2,6,1,normal
2025-11-04 07:00:00,26.3,74.0,0.0,0.0,16,5.1,157,0,7,1,normal
2025-11-04 08:00:00,27.7,68.0,0.0,0.0,0,6.6,171,0,8,1,normal
2025-11-04 09:00:00,29.1,62.0,0.0,0.0,0,8.6,172,0,9,1,normal
2025-11-04 10:00:00,30.0,59.0,0.0,0.0,0,10.6,171,0,10,1,normal
2025-11-04 11:00:00,30.4,58.0,0.0,0.0,0,12.9,172,0,11,1,normal
2025-11-04 12:00:00,30.2,59.0,0.0,0.0,1,14.8,175,0,12,1,normal
2025-11-04 13:00:00,30.0,61.0,0.0,0.0,10,15.1,179,0,13,1,normal
2025-11-04 14:00:00,29.2,65.0,0.0,0.0,18,15.8,173,0,14,1,normal
2025-11-04 15:00:00,29.7,61.0,0.0,0.0,30,15.3,168,1,15,1,normal
2025-11-04 16:00:00,28.1,68.0,0.0,0.0,14,17.7,163,0,16,1,normal
2025-11-04 17:00:00,27.6,68.0,0.0,0.0,81,16.9,160,3,17,1,cloudy
2025-11-04 18:00:00,26.7,75.0,0.0,0.0,67,15.8,159,2,18,1,normal
2025-11-04 19:00:00,26.6,75.0,0.0,0.0,67,16.3,158,2,19,1,normal
2025-11-04 20:00:00,26.2,78.0,0.0,0.0,50,16.8,155,2,20,1,normal
2025-11-04 21:00:00,26.3,79.0,0.0,0.0,28,15.1,151,1,21,1,normal
2025-11-04 22:00:00,26.0,79.0,0.0,0.0,21,15.2,151,1,22,1,normal
2025-11-04 23:00:00,25.8,81.0,0.0,0.0,100,13.8,151,3,23,1,cloudy
2025-11-05 00:00:00,25.6,81.0,0.0,0.0,77,12.2,155,2,0,2,cloudy
2025-11-05 01:00:00,25.3,80.0,0.0,0.0,55,10.5,153,2,1,2,normal
2025-11-05 02:00:00,25.0,81.0,0.0,0.0,52,9.3,151,2,2,2,normal
2025-11-05 03:00:00,25.0,83.0,0.0,0.0,31,7.8,140,1,3,2,normal
2025-11-05 04:00:00,24.8,84.0,0.0,0.0,22,5.0,136,1,4,2,normal
2025-11-05 05:00:00,24.5,85.0,0.0,0.0,20,2.7,132,1,5,2,normal
2025-11-05 06:00:00,24.5,86.0,0.0,0.0,23,1.8,169,1,6,2,normal
2025-11-05 07:00:00,26.6,74.0,0.0,0.0,23,5.3,156,1,7,2,normal
2025-11-05 08:00:00,28.0,67.0,0.0,0.0,24,9.8,162,1,8,2,normal
2025-11-05 09:00:00,29.5,62.0,0.0,0.0,49,10.4,165,1,9,2,normal
2025-11-05 10:00:00,30.2,60.0,0.0,0.0,77,11.9,166,2,10,2,cloudy
2025-11-05 11:00:00,30.5,61.0,0.0,0.0,33,12.3,170,1,11,2,normal
2025-11-05 12:00:00,30.8,59.0,0.0,0.0,20,12.9,172,1,12,2,normal
2025-11-05 13:00:00,30.7,59.0,0.0,0.0,10,14.0,171,0,13,2,normal
2025-11-05 14:00:00,29.9,62.0,0.0,0.0,19,14.2,168,0,14,2,normal
2025-11-05 15:00:00,29.2,62.0,0.0,0.0,16,15.5,170,0,15,2,normal
2025-11-05 16:00:00,28.3,67.0,0.0,0.0,23,15.5,170,1,16,2,normal
2025-11-05 17:00:00,27.6,70.0,0.0,0.0,38,15.7,162,1,17,2,normal
2025-11-05 18:00:00,26.4,77.0,0.0,0.0,22,13.9,153,1,18,2,normal
2025-11-05 19:00:00,26.3,76.0,0.0,0.0,59,12.5,150,2,19,2,normal
2025-11-05 20:00:00,26.4,76.0,0.0,0.0,35,13.5,146,1,20,2,normal
2025-11-05 21:00:00,26.3,80.0,0.0,0.0,20,11.4,131,1,21,2,normal
2025-11-05 22:00:00,26.2,81.0,0.0,0.0,26,11.1,130,1,22,2,normal
2025-11-05 23:00:00,25.9,82.0,0.0,0.0,16,10.7,134,0,23,2,normal
2025-11-06 00:00:00,25.5,84.0,0.0,0.0,30,9.8,142,1,0,3,normal
2025-11-06 01:00:00,24.8,87.0,0.0,0.0,27,9.3,158,1,1,3,normal
2025-11-06 02:00:00,24.4,89.0,0.0,0.0,26,7.0,170,1,2,3,normal
2025-11-06 03:00:00,25.0,87.0,0.0,0.0,27,8.6,127,1,3,3,normal
2025-11-06 04:00:00,25.0,85.0,0.0,0.0,27,8.4,125,1,4,3,normal
2025-11-06 05:00:00,25.0,86.0,0.0,0.0,27,9.2,130,1,5,3,normal
2025-11-06 06:00:00,25.2,85.0,0.0,0.0,32,8.9,140,1,6,3,normal
2025-11-06 07:00:00,26.5,78.0,0.0,0.0,41,10.9,142,1,7,3,normal
2025-11-06 08:00:00,27.8,71.0,0.0,0.0,44,11.3,143,1,8,3,normal
2025-11-06 09:00:00,29.3,66.0,0.0,0.0,31,11.4,141,1,9,3,normal
2025-11-06 10:00:00,29.8,64.0,0.0,0.0,23,11.1,137,1,10,3,normal
2025-11-06 11:00:00,30.5,61.0,0.0,0.0,24,11.5,136,1,11,3,normal
2025-11-06 12:00:00,29.7,65.0,0.0,0.0,29,11.6,132,1,12,3,normal
2025-11-06 13:00:00,29.6,63.0,0.1,0.1,77,13.6,138,51,13,3,rain
2025-11-06 14:00:00,28.5,70.0,0.8,0.8,59,12.1,130,53,14,3,rain
2025-11-06 15:00:00,27.8,70.0,0.2,0.2,48,12.1,125,51,15,3,rain
2025-11-06 16:00:00,28.2,69.0,0.1,0.1,38,12.0,134,51,16,3,rain
2025-11-06 17:00:00,27.0,75.0,0.0,0.0,29,12.7,130,1,17,3,normal
2025-11-06 18:00:00,26.1,81.0,0.0,0.0,41,9.9,127,1,18,3,normal
2025-11-06 19:00:00,25.9,82.0,0.0,0.0,46,10.3,123,1,19,3,normal
2025-11-06 20:00:00,25.6,84.0,0.0,0.0,26,8.5,115,1,20,3,normal
2025-11-06 21:00:00,25.7,85.0,0.0,0.0,52,8.4,125,2,21,3,normal
2025-11-06 22:00:00,25.6,86.0,0.0,0.0,20,8.3,120,1,22,3,normal
2025-11-06 23:00:00,25.3,87.0,0.0,0.0,17,8.1,127,0,23,3,normal
2025-11-07 00:00:00,25.1,88.0,0.0,0.0,57,8.7,127,2,0,4,normal
2025-11-07 01:00:00,25.0,88.0,0.0,0.0,66,8.6,106,2,1,4,normal
2025-11-07 02:00:00,24.8,88.0,0.0,0.0,48,7.8,95,1,2,4,normal
2025-11-07 03:00:00,24.6,87.0,0.0,0.0,29,9.6,99,1,3,4,normal
2025-11-07 04:00:00,24.5,88.0,0.0,0.0,27,9.0,96,1,4,4,normal
2025-11-07 05:00:00,24.3,88.0,0.0,0.0,20,8.5,92,1,5,4,normal
2025-11-07 06:00:00,24.3,88.0,0.0,0.0,24,8.6,90,1,6,4,normal
2025-11-07 07:00:00,26.1,77.0,0.0,0.0,11,12.1,94,0,7,4,normal
2025-11-07 08:00:00,27.3,71.0,0.0,0.0,8,13.0,100,0,8,4,normal
2025-11-07 09:00:00,28.5,66.0,0.0,0.0,2,14.9,92,0,9,4,normal
2025-11-07 10:00:00,29.7,60.0,0.0,0.0,1,15.5,86,0,10,4,normal
2025-11-07 11:00:00,30.6,55.0,0.0,0.0,0,16.2,86,0,11,4,normal
2025-11-07 12:00:00,31.0,54.0,0.0,0.0,2,17.3,92,0,12,4,normal
2025-11-07 13:00:00,30.3,60.0,0.4,0.4,27,18.8,95,51,13,4,rain
2025-11-07 14:00:00,29.3,63.0,0.7,0.7,34,19.2,96,53,14,4,rain
2025-11-07 15:00:00,28.5,63.0,0.0,0.0,21,19.5,95,1,15,4,normal
2025-11-07 16:00:00,28.3,65.0,0.0,0.0,9,18.3,96,0,16,4,normal
2025-11-07 17:00:00,27.0,71.0,0.0,0.0,6,18.0,97,0,17,4,normal
2025-11-07 18:00:00,25.9,76.0,0.0,0.0,3,16.2,93,0,18,4,normal
2025-11-07 19:00:00,25.7,80.0,0.0,0.0,2,17.1,99,0,19,4,normal
2025-11-07 20:00:00,25.5,81.0,0.0,0.0,0,15.6,98,0,20,4,normal
2025-11-07 21:00:00,25.8,80.0,0.0,0.0,0,16.8,96,0,21,4,normal
2025-11-07 22:00:00,25.7,81.0,0.0,0.0,0,17.5,98,0,22,4,normal
2025-11-07 23:00:00,25.5,83.0,0.0,0.0,9,17.3,95,0,23,4,normal
2025-11-08 00:00:00,25.3,84.0,0.0,0.0,14,17.1,86,0,0,5,normal
2025-11-08 01:00:00,25.2,84.0,0.0,0.0,10,16.8,86,0,1,5,normal
2025-11-08 02:00:00,25.1,84.0,0.0,0.0,15,15.9,86,0,2,5,normal
2025-11-08 03:00:00,25.0,80.0,0.0,0.0,40,14.4,86,1,3,5,normal
2025-11-08 04:00:00,25.0,80.0,0.0,0.0,38,13.3,88,1,4,5,normal
2025-11-08 05:00:00,25.0,81.0,0.0,0.0,25,12.1,88,1,5,5,normal
2025-11-08 06:00:00,24.9,81.0,0.0,0.0,15,11.4,85,0,6,5,normal
2025-11-08 07:00:00,26.4,73.0,0.0,0.0,21,15.7,81,1,7,5,normal
2025-11-08 08:00:00,27.7,66.0,0.0,0.0,23,16.6,86,1,8,5,normal
2025-11-08 09:00:00,29.0,60.0,0.0,0.0,41,18.7,90,1,9,5,normal
2025-11-08 10:00:00,29.9,55.0,0.0,0.0,67,18.9,89,2,10,5,normal
2025-11-08 11:00:00,29.9,56.0,0.0,0.0,49,18.7,90,1,11,5,normal
2025-11-08 12:00:00,29.4,58.0,0.3,0.3,42,17.6,82,51,12,5,rain
2025-11-08 13:00:00,29.7,58.0,0.3,0.3,29,18.1,84,51,13,5,rain
2025-11-08 14:00:00,29.9,56.0,0.1,0.1,50,18.8,86,51,14,5,rain
2025-11-08 15:00:00,29.6,58.0,0.0,0.0,52,18.5,88,2,15,5,normal
2025-11-08 16:00:00,28.1,64.0,0.0,0.0,21,18.1,95,1,16,5,normal
2025-11-08 17:00:00,27.5,66.0,0.0,0.0,2,17.5,91,0,17,5,normal
2025-11-08 18:00:00,26.3,73.0,0.0,0.0,1,15.4,95,0,18,5,normal
2025-11-08 19:00:00,26.1,75.0,0.0,0.0,0,15.3,93,0,19,5,normal
2025-11-08 20:00:00,26.0,78.0,0.0,0.0,0,16.1,94,0,20,5,normal
2025-11-08 21:00:00,26.1,79.0,0.0,0.0,0,16.0,102,0,21,5,normal
2025-11-08 22:00:00,25.9,80.0,0.0,0.0,0,16.0,101,0,22,5,normal
2025-11-08 23:00:00,25.8,80.0,0.0,0.0,0,15.4,101,0,23,5,normal
2025-11-09 00:00:00,25.7,80.0,0.0,0.0,0,14.4,98,0,0,6,normal
2025-11-09 01:00:00,25.7,79.0,0.0,0.0,2,14.0,97,0,1,6,normal
2025-11-09 02:00:00,25.5,79.0,0.0,0.0,9,13.4,95,0,2,6,normal
2025-11-09 03:00:00,25.2,79.0,0.0,0.0,18,13.9,87,0,3,6,normal
2025-11-09 04:00:00,25.1,79.0,0.0,0.0,17,12.6,89,0,4,6,normal
2025-11-09 05:00:00,25.1,78.0,0.0,0.0,12,12.2,92,0,5,6,normal
2025-11-09 06:00:00,25.0,78.0,0.0,0.0,15,12.6,90,0,6,6,normal
2025-11-09 07:00:00,26.5,71.0,0.0,0.0,22,16.4,86,1,7,6,normal
2025-11-09 08:00:00,27.6,65.0,0.0,0.0,57,17.1,83,2,8,6,normal
2025-11-09 09:00:00,28.8,60.0,0.1,0.1,30,16.4,88,51,9,6,rain
2025-11-09 10:00:00,29.5,57.0,0.1,0.1,30,16.0,89,51,10,6,rain
2025-11-09 11:00:00,29.9,56.0,0.1,0.1,38,15.1,87,51,11,6,rain
2025-11-09 12:00:00,30.0,55.0,0.2,0.2,49,14.4,86,51,12,6,rain
2025-11-09 13:00:00,29.7,57.0,0.4,0.4,38,14.8,93,51,13,6,rain
2025-11-09 14:00:00,29.5,59.0,0.4,0.4,37,14.7,98,51,14,6,rain
2025-11-09 15:00:00,29.1,59.0,0.2,0.2,58,15.7,99,51,15,6,rain
2025-11-09 16:00:00,27.7,64.0,0.0,0.0,5,15.6,102,0,16,6,normal
2025-11-09 17:00:00,26.9,70.0,0.0,0.0,85,15.9,105,3,17,6,cloudy
2025-11-09 18:00:00,25.8,77.0,0.0,0.0,97,13.6,102,3,18,6,cloudy
2025-11-09 19:00:00,25.6,80.0,0.0,0.0,77,13.6,105,2,19,6,cloudy
2025-11-09 20:00:00,25.4,81.0,0.0,0.0,97,13.8,106,3,20,6,cloudy
2025-11-09 21:00:00,25.3,81.0,0.0,0.0,92,14.1,109,3,21,6,cloudy
2025-11-09 22:00:00,25.1,82.0,0.0,0.0,94,13.8,110,3,22,6,cloudy
2025-11-09 23:00:00,25.0,84.0,0.0,0.0,33,14.3,115,1,23,6,normal
2025-11-10 00:00:00,24.8,85.0,0.0,0.0,41,14.5,109,1,0,0,normal
2025-11-10 01:00:00,24.7,87.0,0.0,0.0,35,14.8,103,1,1,0,normal
2025-11-10 02:00:00,24.7,87.0,0.0,0.0,15,14.3,100,0,2,0,normal
2025-11-10 03:00:00,24.9,85.0,0.0,0.0,56,12.8,89,2,3,0,normal
2025-11-10 04:00:00,25.0,84.0,0.0,0.0,55,11.2,88,2,4,0,normal
2025-11-10 05:00:00,24.9,85.0,0.0,0.0,41,10.0,84,1,5,0,normal
2025-11-10 06:00:00,24.8,85.0,0.0,0.0,26,8.2,75,1,6,0,normal
2025-11-10 07:00:00,26.5,75.0,0.0,0.0,19,10.4,82,0,7,0,normal
2025-11-10 08:00:00,28.0,66.0,0.0,0.0,38,14.2,90,1,8,0,normal
2025-11-10 09:00:00,29.5,60.0,0.0,0.0,18,15.2,94,0,9,0,normal
2025-11-10 10:00:00,29.9,58.0,0.1,0.1,27,15.5,91,51,10,0,rain
2025-11-10 11:00:00,30.1,57.0,0.3,0.3,46,15.5,91,51,11,0,rain
2025-11-10 12:00:00,29.9,60.0,0.2,0.2,43,14.6,95,51,12,0,rain
2025-11-10 13:00:00,29.6,62.0,1.2,1.2,66,15.2,100,55,13,0,rain
2025-11-10 14:00:00,29.0,66.0,0.6,0.6,37,15.5,105,53,14,0,rain
2025-11-10 15:00:00,28.3,69.0,0.0,0.0,32,16.1,104,1,15,0,normal
2025-11-10 16:00:00,28.1,69.0,0.1,0.1,35,16.3,107,51,16,0,rain
2025-11-10 17:00:00,27.0,75.0,0.1,0.1,29,15.7,106,51,17,0,rain
2025-11-10 18:00:00,26.3,79.0,0.0,0.0,11,14.0,110,0,18,0,normal
2025-11-10 19:00:00,26.0,82.0,0.0,0.0,95,13.3,103,3,19,0,cloudy
2025-11-10 20:00:00,25.8,84.0,0.0,0.0,85,14.0,98,3,20,0,cloudy
2025-11-10 21:00:00,26.0,84.0,0.0,0.0,100,14.0,105,3,21,0,cloudy
2025-11-10 22:00:00,25.8,85.0,0.0,0.0,87,13.7,103,3,22,0,cloudy
2025-11-10 23:00:00,25.5,85.0,0.0,0.0,98,13.7,101,3,23,0,cloudy
2025-11-11 00:00:00,25.4,86.0,0.0,0.0,100,13.3,103,3,0,1,cloudy
2025-11-11 01:00:00,25.1,88.0,0.0,0.0,95,13.4,105,3,1,1,cloudy
2025-11-11 02:00:00,25.0,89.0,0.0,0.0,94,13.4,105,3,2,1,cloudy
2025-11-11 03:00:00,25.2,88.0,0.0,0.0,74,11.7,99,2,3,1,normal
2025-11-11 04:00:00,25.1,88.0,0.0,0.0,34,10.3,96,1,4,1,normal
2025-11-11 05:00:00,25.1,87.0,0.0,0.0,58,9.2,86,2,5,1,normal
2025-11-11 06:00:00,24.7,89.0,0.0,0.0,68,8.8,71,2,6,1,normal
2025-11-11 07:00:00,26.0,82.0,0.0,0.0,78,13.1,78,2,7,1,cloudy
2025-11-11 08:00:00,27.3,75.0,0.1,0.1,79,13.9,88,51,8,1,rain
2025-11-11 09:00:00,28.8,67.0,0.1,0.1,67,14.7,105,51,9,1,rain
2025-11-11 10:00:00,29.4,64.0,0.1,0.1,76,15.7,107,51,10,1,rain
2025-11-11 11:00:00,29.8,63.0,0.1,0.1,94,16.8,109,51,11,1,rain
2025-11-11 12:00:00,29.7,64.0,0.6,0.6,95,16.7,114,53,12,1,rain
2025-11-11 13:00:00,28.7,71.0,0.2,0.2,93,17.5,114,51,13,1,rain
2025-11-11 14:00:00,28.9,70.0,0.1,0.1,84,17.5,117,51,14,1,rain
2025-11-11 15:00:00,28.3,72.0,0.0,0.0,30,18.5,112,1,15,1,normal
2025-11-11 16:00:00,28.0,72.0,0.0,0.0,30,17.2,106,1,16,1,normal
2025-11-11 17:00:00,27.0,77.0,0.0,0.0,89,18.2,108,3,17,1,cloudy
2025-11-11 18:00:00,26.3,81.0,0.1,0.1,53,16.3,104,51,18,1,rain
2025-11-11 19:00:00,25.8,86.0,0.0,0.0,30,14.5,101,1,19,1,normal
2025-11-11 20:00:00,25.6,87.0,0.1,0.1,16,13.9,94,51,20,1,rain
2025-11-11 21:00:00,25.6,87.0,0.0,0.0,20,13.8,102,1,21,1,normal
2025-11-11 22:00:00,25.5,87.0,0.0,0.0,23,14.8,103,1,22,1,normal
2025-11-11 23:00:00,25.4,87.0,0.0,0.0,21,15.6,107,1,23,1,normal
2025-11-12 00:00:00,25.0,90.0,0.0,0.0,30,15.0,104,1,0,2,normal
2025-11-12 01:00:00,24.8,91.0,0.1,0.1,34,12.8,100,51,1,2,rain
2025-11-12 02:00:00,24.8,89.0,0.0,0.0,30,12.6,100,1,2,2,normal
2025-11-12 03:00:00,25.0,88.0,0.0,0.0,32,14.2,99,1,3,2,normal
2025-11-12 04:00:00,25.1,87.0,0.0,0.0,35,13.6,97,1,4,2,normal
2025-11-12 05:00:00,25.0,88.0,0.0,0.0,43,12.5,95,1,5,2,normal
2025-11-12 06:00:00,25.0,89.0,0.0,0.0,16,11.0,94,0,6,2,normal
2025-11-12 07:00:00,26.1,82.0,0.1,0.1,26,13.2,93,51,7,2,rain
2025-11-12 08:00:00,27.2,74.0,0.0,0.0,36,14.9,97,1,8,2,normal
2025-11-12 09:00:00,28.3,67.0,0.1,0.1,26,15.0,100,51,9,2,rain
2025-11-12 10:00:00,29.1,64.0,0.2,0.2,27,16.2,102,51,10,2,rain
2025-11-12 11:00:00,29.1,64.0,0.3,0.3,50,16.8,106,51,11,2,rain
2025-11-12 12:00:00,28.5,70.0,1.3,1.3,40,17.2,101,61,12,2,rain
2025-11-12 13:00:00,29.6,65.0,0.1,0.1,23,17.9,109,51,13,2,rain
2025-11-12 14:00:00,28.8,67.0,0.8,0.8,28,18.1,103,53,14,2,rain
2025-11-12 15:00:00,28.4,68.0,0.1,0.1,34,18.2,106,51,15,2,rain
2025-11-12 16:00:00,27.8,71.0,0.0,0.0,30,18.4,102,1,16,2,normal
2025-11-12 17:00:00,27.1,73.0,0.0,0.0,100,18.2,97,3,17,2,cloudy
2025-11-12 18:00:00,26.0,82.0,0.0,0.0,16,15.7,94,0,18,2,normal
2025-11-12 19:00:00,25.8,83.0,0.0,0.0,20,15.0,87,1,19,2,normal
2025-11-12 20:00:00,25.7,84.0,0.0,0.0,22,14.3,85,1,20,2,normal
2025-11-12 21:00:00,25.8,83.0,0.0,0.0,24,14.6,86,1,21,2,normal
2025-11-12 22:00:00,25.6,84.0,0.0,0.0,25,14.6,86,1,22,2,normal
2025-11-12 23:00:00,25.4,85.0,0.0,0.0,38,14.2,90,1,23,2,normal
2025-11-13 00:00:00,25.5,85.0,0.0,0.0,9,13.8,104,0,0,3,normal
2025-11-13 01:00:00,25.4,85.0,0.0,0.0,15,13.7,103,0,1,3,normal
2025-11-13 02:00:00,25.4,83.0,0.0,0.0,21,14.6,99,1,2,3,normal
2025-11-13 03:00:00,25.2,85.0,0.0,0.0,30,14.1,96,1,3,3,normal
2025-11-13 04:00:00,25.1,86.0,0.0,0.0,48,13.9,94,1,4,3,normal
2025-11-13 05:00:00,25.1,85.0,0.0,0.0,49,13.4,97,1,5,3,normal
2025-11-13 06:00:00,25.2,84.0,0.0,0.0,42,13.1,99,1,6,3,normal
2025-11-13 07:00:00,26.5,78.0,0.0,0.0,34,14.7,98,1,7,3,normal
2025-11-13 08:00:00,27.7,71.0,0.0,0.0,64,16.1,100,2,8,3,normal
2025-11-13 09:00:00,28.8,64.0,0.0,0.0,81,17.4,96,3,9,3,cloudy
2025-11-13 10:00:00,29.6,60.0,0.1,0.1,83,17.6,96,51,10,3,rain
2025-11-13 11:00:00,30.0,59.0,0.1,0.1,90,17.8,101,51,11,3,rain
2025-11-13 12:00:00,29.5,59.0,0.9,0.9,88,18.5,101,53,12,3,rain
2025-11-13 13:00:00,29.6,63.0,0.7,0.7,84,18.0,101,53,13,3,rain
2025-11-13 14:00:00,29.5,63.0,0.0,0.0,90,18.5,103,3,14,3,cloudy
2025-11-13 15:00:00,29.3,63.0,0.1,0.1,77,18.1,101,51,15,3,rain
2025-11-13 16:00:00,28.1,69.0,0.0,0.0,77,17.9,103,2,16,3,cloudy
2025-11-13 17:00:00,27.2,74.0,0.0,0.0,64,16.5,97,2,17,3,normal
2025-11-13 18:00:00,26.3,80.0,0.0,0.0,95,15.0,93,3,18,3,cloudy
2025-11-13 19:00:00,25.9,83.0,0.0,0.0,91,13.9,89,3,19,3,cloudy
2025-11-13 20:00:00,25.8,83.0,0.0,0.0,91,13.2,85,3,20,3,cloudy
2025-11-13 21:00:00,26.1,82.0,0.0,0.0,89,13.4,95,3,21,3,cloudy
2025-11-13 22:00:00,26.0,81.0,0.0,0.0,91,15.0,101,3,22,3,cloudy
2025-11-13 23:00:00,25.8,81.0,0.0,0.0,97,14.2,99,3,23,3,cloudy
2025-11-14 00:00:00,25.6,83.0,0.0,0.0,95,13.7,106,3,0,4,cloudy
2025-11-14 01:00:00,25.5,83.0,0.0,0.0,96,13.2,104,3,1,4,cloudy
2025-11-14 02:00:00,25.4,83.0,0.0,0.0,99,13.3,106,3,2,4,cloudy
2025-11-14 03:00:00,25.4,80.0,0.0,0.0,70,13.6,105,2,3,4,normal
2025-11-14 04:00:00,25.3,80.0,0.0,0.0,91,13.0,96,3,4,4,cloudy
2025-11-14 05:00:00,25.3,80.0,0.0,0.0,88,11.9,93,3,5,4,cloudy
2025-11-14 06:00:00,25.2,81.0,0.0,0.0,66,10.4,98,2,6,4,normal
2025-11-14 07:00:00,26.8,73.0,0.0,0.0,73,12.9,108,2,7,4,normal
2025-11-14 08:00:00,28.1,66.0,0.0,0.0,99,14.5,107,3,8,4,cloudy
2025-11-14 09:00:00,28.9,64.0,0.0,0.0,97,13.5,100,3,9,4,cloudy
2025-11-14 10:00:00,29.4,61.0,0.0,0.0,95,14.2,99,3,10,4,cloudy
2025-11-14 11:00:00,30.1,59.0,0.0,0.0,94,14.3,105,3,11,4,cloudy
2025-11-14 12:00:00,30.4,58.0,0.0,0.0,99,14.2,105,3,12,4,cloudy
2025-11-14 13:00:00,30.5,58.0,0.0,0.0,100,13.6,108,3,13,4,cloudy
2025-11-14 14:00:00,30.2,59.0,0.0,0.0,100,14.6,109,3,14,4,cloudy
2025-11-14 15:00:00,29.4,60.0,0.1,0.1,100,14.0,113,51,15,4,rain
2025-11-14 16:00:00,28.4,64.0,0.0,0.0,98,13.8,112,3,16,4,cloudy
2025-11-14 17:00:00,27.4,69.0,0.0,0.0,100,12.9,110,3,17,4,cloudy
2025-11-14 18:00:00,26.4,77.0,0.0,0.0,100,11.9,110,3,18,4,cloudy
2025-11-14 19:00:00,26.2,78.0,0.0,0.0,98,11.0,108,3,19,4,cloudy
2025-11-14 20:00:00,26.0,79.0,0.0,0.0,93,11.6,106,3,20,4,cloudy
2025-11-14 21:00:00,26.0,78.0,0.0,0.0,2,12.4,107,0,21,4,normal
2025-11-14 22:00:00,25.8,79.0,0.0,0.0,2,12.9,105,0,22,4,normal
2025-11-14 23:00:00,25.5,80.0,0.0,0.0,4,12.0,99,0,23,4,normal
2025-11-15 00:00:00,25.3,81.0,0.0,0.0,0,12.2,99,0,0,5,normal
2025-11-15 01:00:00,25.1,82.0,0.0,0.0,2,12.0,99,0,1,5,normal
2025-11-15 02:00:00,25.0,83.0,0.0,0.0,5,11.3,99,0,2,5,normal
2025-11-15 03:00:00,25.3,82.0,0.0,0.0,4,10.7,97,0,3,5,normal
2025-11-15 04:00:00,25.1,83.0,0.0,0.0,9,10.9,97,0,4,5,normal
2025-11-15 05:00:00,25.3,82.0,0.0,0.0,13,10.8,100,0,5,5,normal
2025-11-15 06:00:00,25.4,82.0,0.0,0.0,41,10.0,98,1,6,5,normal
2025-11-15 07:00:00,26.8,75.0,0.0,0.0,13,12.2,98,0,7,5,normal
2025-11-15 08:00:00,28.1,68.0,0.0,0.0,16,13.0,104,0,8,5,normal
2025-11-15 09:00:00,29.4,63.0,0.0,0.0,51,13.3,98,2,9,5,normal
2025-11-15 10:00:00,29.9,61.0,0.0,0.0,46,13.6,102,1,10,5,normal
2025-11-15 11:00:00,30.2,60.0,0.1,0.1,20,14.0,99,51,11,5,rain
2025-11-15 12:00:00,30.0,62.0,0.1,0.1,41,14.5,104,51,12,5,rain
2025-11-15 13:00:00,29.8,63.0,0.4,0.4,41,15.6,104,51,13,5,rain
2025-11-15 14:00:00,29.3,63.0,0.5,0.5,95,14.1,103,53,14,5,rain
2025-11-15 15:00:00,29.6,63.0,0.0,0.0,93,15.1,102,3,15,5,cloudy
2025-11-15 16:00:00,28.5,67.0,0.0,0.0,99,17.1,111,3,16,5,cloudy
2025-11-15 17:00:00,27.4,72.0,0.0,0.0,95,15.1,102,3,17,5,cloudy
2025-11-15 18:00:00,26.6,77.0,0.0,0.0,95,13.8,107,3,18,5,cloudy
2025-11-15 19:00:00,26.3,80.0,0.0,0.0,100,14.3,107,3,19,5,cloudy
2025-11-15 20:00:00,26.1,80.0,0.0,0.0,100,14.7,105,3,20,5,cloudy
2025-11-15 21:00:00,26.4,79.0,0.0,0.0,11,14.4,113,0,21,5,normal
2025-11-15 22:00:00,26.3,80.0,0.0,0.0,9,14.9,112,0,22,5,normal
2025-11-15 23:00:00,26.2,79.0,0.0,0.0,15,15.2,111,0,23,5,normal
2025-11-16 00:00:00,26.1,79.0,0.0,0.0,8,15.3,108,0,0,6,normal
2025-11-16 01:00:00,25.9,80.0,0.0,0.0,17,14.6,104,0,1,6,normal
2025-11-16 02:00:00,25.7,80.0,0.0,0.0,22,13.7,101,1,2,6,normal
2025-11-16 03:00:00,26.0,79.0,0.0,0.0,38,13.3,106,1,3,6,normal
2025-11-16 04:00:00,26.0,78.0,0.0,0.0,38,12.1,105,1,4,6,normal
2025-11-16 05:00:00,25.9,79.0,0.0,0.0,21,10.9,99,1,5,6,normal
2025-11-16 06:00:00,25.9,80.0,0.0,0.0,66,11.2,96,2,6,6,normal
2025-11-16 07:00:00,27.2,73.0,0.0,0.0,65,14.8,91,2,7,6,normal
2025-11-16 08:00:00,28.0,68.0,0.1,0.1,55,15.7,87,51,8,6,rain
2025-11-16 09:00:00,28.8,65.0,0.1,0.1,68,15.3,88,51,9,6,rain
2025-11-16 10:00:00,29.6,62.0,0.4,0.4,91,15.5,90,51,10,6,rain
2025-11-16 11:00:00,29.2,66.0,0.5,0.5,72,15.0,97,53,11,6,rain
2025-11-16 12:00:00,28.8,70.0,1.4,1.4,26,13.6,107,61,12,6,rain
2025-11-16 13:00:00,29.1,68.0,0.1,0.1,24,13.6,110,51,13,6,rain
2025-11-16 14:00:00,28.2,70.0,0.9,0.9,62,14.7,110,53,14,6,rain
2025-11-16 15:00:00,29.2,66.0,0.1,0.1,10,17.1,109,51,15,6,rain
2025-11-16 16:00:00,28.6,69.0,0.0,0.0,20,16.1,110,1,16,6,normal
2025-11-16 17:00:00,27.4,75.0,0.1,0.1,15,15.4,104,51,17,6,rain
2025-11-16 18:00:00,26.5,81.0,0.0,0.0,13,13.2,104,0,18,6,normal
2025-11-16 19:00:00,26.2,84.0,0.0,0.0,11,12.0,103,0,19,6,normal
2025-11-16 20:00:00,26.0,85.0,0.0,0.0,13,11.3,97,0,20,6,normal
2025-11-16 21:00:00,26.4,82.0,0.0,0.0,12,12.6,99,0,21,6,normal
2025-11-16 22:00:00,26.4,81.0,0.0,0.0,12,13.4,94,0,22,6,normal
2025-11-16 23:00:00,26.2,81.0,0.0,0.0,10,13.3,88,0,23,6,normal
2025-11-17 00:00:00,26.1,80.0,0.0,0.0,4,13.3,88,0,0,0,normal
2025-11-17 01:00:00,25.9,80.0,0.0,0.0,11,13.0,84,0,1,0,normal
2025-11-17 02:00:00,25.7,82.0,0.0,0.0,12,13.3,80,0,2,0,normal
2025-11-17 03:00:00,25.6,83.0,0.0,0.0,19,11.8,79,0,3,0,normal
2025-11-17 04:00:00,25.5,84.0,0.0,0.0,30,11.4,77,1,4,0,normal
2025-11-17 05:00:00,25.3,85.0,0.0,0.0,23,10.2,77,1,5,0,normal
2025-11-17 06:00:00,25.3,86.0,0.0,0.0,22,9.2,74,1,6,0,normal
2025-11-17 07:00:00,27.0,76.0,0.0,0.0,22,11.4,79,1,7,0,normal
2025-11-17 08:00:00,28.4,69.0,0.0,0.0,28,12.8,88,1,8,0,normal
2025-11-17 09:00:00,29.4,64.0,0.0,0.0,25,14.0,89,1,9,0,normal
2025-11-17 10:00:00,30.2,61.0,0.0,0.0,32,15.1,89,1,10,0,normal
2025-11-17 11:00:00,30.5,59.0,0.0,0.0,96,16.7,96,3,11,0,cloudy
2025-11-17 12:00:00,28.5,69.0,0.9,0.9,65,15.4,97,53,12,0,rain
2025-11-17 13:00:00,29.4,63.0,0.6,0.6,48,17.3,104,53,13,0,rain
2025-11-17 14:00:00,28.6,67.0,0.9,0.9,38,16.9,89,53,14,0,rain
2025-11-17 15:00:00,28.5,70.0,0.3,0.3,11,18.3,103,51,15,0,rain
2025-11-17 16:00:00,27.7,74.0,0.0,0.0,22,16.2,109,1,16,0,normal
2025-11-17 17:00:00,27.3,74.0,0.0,0.0,34,18.2,104,1,17,0,normal
2025-11-17 18:00:00,26.4,82.0,0.0,0.0,21,15.1,102,1,18,0,normal
2025-11-17 19:00:00,26.3,82.0,0.0,0.0,22,14.8,100,1,19,0,normal
2025-11-17 20:00:00,26.0,84.0,0.0,0.0,20,13.8,97,1,20,0,normal
2025-11-17 21:00:00,26.4,80.0,0.0,0.0,8,14.1,97,0,21,0,normal
2025-11-17 22:00:00,26.3,81.0,0.0,0.0,6,13.9,95,0,22,0,normal
2025-11-17 23:00:00,26.0,83.0,0.0,0.0,9,12.6,92,0,23,0,normal
2025-11-18 00:00:00,25.7,86.0,0.0,0.0,8,11.4,84,0,0,1,normal
2025-11-18 01:00:00,25.4,87.0,0.0,0.0,18,11.4,83,0,1,1,normal
2025-11-18 02:00:00,25.2,88.0,0.0,0.0,9,11.9,80,0,2,1,normal
2025-11-18 03:00:00,25.2,88.0,0.0,0.0,19,12.6,76,0,3,1,normal
2025-11-18 04:00:00,25.2,89.0,0.0,0.0,3,10.9,81,0,4,1,normal
2025-11-18 05:00:00,25.0,90.0,0.0,0.0,20,10.8,87,1,5,1,normal
2025-11-18 06:00:00,25.1,89.0,0.0,0.0,26,11.7,75,1,6,1,normal
2025-11-18 07:00:00,26.6,81.0,0.0,0.0,26,13.9,67,1,7,1,normal
2025-11-18 08:00:00,27.9,73.0,0.0,0.0,16,15.6,69,0,8,1,normal
2025-11-18 09:00:00,28.9,66.0,0.0,0.0,29,17.5,75,1,9,1,normal
2025-11-18 10:00:00,29.8,63.0,0.2,0.2,34,17.2,80,51,10,1,rain
2025-11-18 11:00:00,29.8,63.0,0.4,0.4,48,16.3,84,51,11,1,rain
2025-11-18 12:00:00,28.7,71.0,2.0,2.0,56,14.4,82,61,12,1,rain
2025-11-18 13:00:00,27.8,72.0,0.5,0.5,86,19.3,85,53,13,1,rain
2025-11-18 14:00:00,28.1,73.0,0.0,0.0,84,15.3,99,3,14,1,cloudy
2025-11-18 15:00:00,28.6,69.0,0.2,0.2,81,16.4,94,51,15,1,rain
2025-11-18 16:00:00,27.8,73.0,0.2,0.2,58,18.2,89,51,16,1,rain
2025-11-18 17:00:00,27.2,78.0,0.0,0.0,77,17.0,95,2,17,1,cloudy
2025-11-18 18:00:00,26.3,83.0,0.0,0.0,85,16.0,97,3,18,1,cloudy
2025-11-18 19:00:00,26.0,85.0,0.0,0.0,58,17.5,92,2,19,1,normal
2025-11-18 20:00:00,26.0,84.0,0.0,0.0,62,17.7,93,2,20,1,normal
2025-11-18 21:00:00,26.2,83.0,0.0,0.0,73,17.7,94,2,21,1,normal
2025-11-18 22:00:00,26.1,84.0,0.0,0.0,60,17.5,89,2,22,1,normal
2025-11-18 23:00:00,26.2,82.0,0.0,0.0,8,17.8,88,0,23,1,normal
2025-11-19 00:00:00,26.0,82.0,0.0,0.0,10,17.9,86,0,0,2,normal
2025-11-19 01:00:00,25.9,82.0,0.0,0.0,5,17.3,85,0,1,2,normal
2025-11-19 02:00:00,25.8,83.0,0.0,0.0,9,16.4,87,0,2,2,normal
2025-11-19 03:00:00,25.7,83.0,0.0,0.0,49,16.4,89,1,3,2,normal
2025-11-19 04:00:00,25.8,83.0,0.0,0.0,60,16.8,88,2,4,2,normal
2025-11-19 05:00:00,25.8,82.0,0.0,0.0,33,17.0,86,1,5,2,normal
2025-11-19 06:00:00,25.8,82.0,0.0,0.0,26,15.5,78,1,6,2,normal
2025-11-19 07:00:00,26.5,80.0,0.0,0.0,19,17.9,71,0,7,2,normal
2025-11-19 08:00:00,27.6,74.0,0.0,0.0,26,20.9,72,1,8,2,normal
2025-11-19 09:00:00,29.0,68.0,0.1,0.1,34,19.5,65,51,9,2,rain
2025-11-19 10:00:00,30.1,60.0,0.1,0.1,30,20.7,73,51,10,2,rain
2025-11-19 11:00:00,30.2,61.0,0.2,0.2,49,18.7,79,51,11,2,rain
2025-11-19 12:00:00,30.0,56.0,0.3,0.3,69,21.5,79,51,12,2,rain
2025-11-19 13:00:00,30.4,58.0,0.4,0.4,16,19.6,90,51,13,2,rain
2025-11-19 14:00:00,29.1,64.0,0.5,0.5,57,20.0,86,53,14,2,rain
2025-11-19 15:00:00,29.1,65.0,0.1,0.1,9,22.5,90,51,15,2,rain
2025-11-19 16:00:00,28.5,66.0,0.0,0.0,5,22.5,91,0,16,2,normal
2025-11-19 17:00:00,27.3,73.0,0.0,0.0,4,21.8,88,0,17,2,normal
2025-11-19 18:00:00,26.5,80.0,0.0,0.0,4,20.2,90,0,18,2,normal
2025-11-19 19:00:00,26.3,81.0,0.0,0.0,5,19.1,87,0,19,2,normal
2025-11-19 20:00:00,26.2,81.0,0.0,0.0,6,17.6,91,0,20,2,normal
2025-11-19 21:00:00,26.4,79.0,0.0,0.0,5,18.0,88,0,21,2,normal
2025-11-19 22:00:00,26.3,78.0,0.0,0.0,3,18.8,86,0,22,2,normal
2025-11-19 23:00:00,26.1,80.0,0.0,0.0,18,17.7,81,0,23,2,normal
2025-11-20 00:00:00,25.9,80.0,0.0,0.0,29,17.5,81,1,0,3,normal
2025-11-20 01:00:00,25.8,81.0,0.0,0.0,32,16.9,82,1,1,3,normal
2025-11-20 02:00:00,25.6,81.0,0.0,0.0,25,16.0,78,1,2,3,normal
2025-11-20 03:00:00,25.5,80.0,0.0,0.0,66,15.9,74,2,3,3,normal
2025-11-20 04:00:00,25.5,80.0,0.0,0.0,20,14.3,72,1,4,3,normal
2025-11-20 05:00:00,25.4,80.0,0.0,0.0,9,14.3,70,0,5,3,normal
2025-11-20 06:00:00,25.3,80.0,0.0,0.0,18,14.0,62,0,6,3,normal
2025-11-20 07:00:00,26.7,73.0,0.0,0.0,15,17.4,59,0,7,3,normal
2025-11-20 08:00:00,28.2,65.0,0.0,0.0,22,20.8,64,1,8,3,normal
2025-11-20 09:00:00,28.8,61.0,0.0,0.0,28,20.3,63,1,9,3,normal
2025-11-20 10:00:00,30.1,56.0,0.0,0.0,37,19.5,60,1,10,3,normal
2025-11-20 11:00:00,30.8,52.0,0.1,0.1,40,18.7,64,51,11,3,rain
2025-11-20 12:00:00,31.1,50.0,0.1,0.1,88,18.8,71,51,12,3,rain
2025-11-20 13:00:00,30.4,57.0,0.3,0.3,81,19.5,85,51,13,3,rain
2025-11-20 14:00:00,29.3,64.0,1.2,1.2,97,19.9,86,55,14,3,rain
2025-11-20 15:00:00,29.0,66.0,1.4,1.4,95,21.8,92,61,15,3,rain
2025-11-20 16:00:00,28.4,68.0,0.0,0.0,99,22.1,90,3,16,3,cloudy
2025-11-20 17:00:00,27.2,75.0,0.0,0.0,100,21.2,90,3,17,3,cloudy
2025-11-20 18:00:00,26.0,82.0,0.0,0.0,100,19.2,82,3,18,3,cloudy
2025-11-20 19:00:00,25.9,83.0,0.0,0.0,100,19.3,88,3,19,3,cloudy
2025-11-20 20:00:00,25.7,87.0,0.0,0.0,98,18.4,86,3,20,3,cloudy
2025-11-20 21:00:00,25.9,86.0,0.0,0.0,95,19.4,83,3,21,3,cloudy
2025-11-20 22:00:00,25.8,86.0,0.0,0.0,34,21.4,79,1,22,3,normal
2025-11-20 23:00:00,25.7,87.0,0.0,0.0,98,21.3,79,3,23,3,cloudy
2025-11-21 00:00:00,25.5,87.0,0.0,0.0,100,21.4,73,3,0,4,cloudy
2025-11-21 01:00:00,25.3,88.0,0.0,0.0,87,20.4,70,3,1,4,cloudy
2025-11-21 02:00:00,25.3,87.0,0.0,0.0,43,19.0,67,1,2,4,normal
2025-11-21 03:00:00,25.2,87.0,0.0,0.0,87,18.8,69,3,3,4,cloudy
2025-11-21 04:00:00,25.2,87.0,0.0,0.0,27,17.5,64,1,4,4,normal
2025-11-21 05:00:00,25.0,87.0,0.0,0.0,21,15.9,61,1,5,4,normal
2025-11-21 06:00:00,25.0,85.0,0.0,0.0,11,15.9,57,0,6,4,normal
2025-11-21 07:00:00,26.2,79.0,0.0,0.0,16,17.3,54,0,7,4,normal
2025-11-21 08:00:00,27.6,71.0,0.0,0.0,27,25.4,63,1,8,4,normal
2025-11-21 09:00:00,29.2,63.0,0.0,0.0,18,23.9,66,0,9,4,normal
2025-11-21 10:00:00,30.3,57.0,0.0,0.0,20,24.3,69,1,10,4,normal
2025-11-21 11:00:00,30.8,54.0,0.0,0.0,33,24.1,70,1,11,4,normal
2025-11-21 12:00:00,30.9,53.0,0.1,0.1,55,23.9,72,51,12,4,rain
2025-11-21 13:00:00,30.5,56.0,0.4,0.4,96,23.2,76,51,13,4,rain
2025-11-21 14:00:00,30.0,60.0,0.3,0.3,81,23.3,82,51,14,4,rain
2025-11-21 15:00:00,29.5,63.0,0.0,0.0,86,23.9,85,3,15,4,cloudy
2025-11-21 16:00:00,28.7,68.0,0.0,0.0,100,23.4,89,3,16,4,cloudy
2025-11-21 17:00:00,27.5,74.0,0.0,0.0,95,22.3,89,3,17,4,cloudy
2025-11-21 18:00:00,26.4,81.0,0.0,0.0,92,19.7,85,3,18,4,cloudy
2025-11-21 19:00:00,26.0,82.0,0.0,0.0,2,20.0,82,0,19,4,normal
2025-11-21 20:00:00,25.9,83.0,0.0,0.0,1,21.2,78,0,20,4,normal
2025-11-21 21:00:00,26.0,84.0,0.0,0.0,0,20.5,79,0,21,4,normal
2025-11-21 22:00:00,25.8,85.0,0.0,0.0,5,20.6,80,0,22,4,normal
2025-11-21 23:00:00,25.8,86.0,0.0,0.0,30,22.1,78,1,23,4,normal
2025-11-22 00:00:00,25.8,85.0,0.0,0.0,39,21.4,75,1,0,5,normal
2025-11-22 01:00:00,25.7,86.0,0.0,0.0,9,20.7,76,0,1,5,normal
2025-11-22 02:00:00,25.4,87.0,0.0,0.0,12,20.6,74,0,2,5,normal
2025-11-22 03:00:00,25.5,86.0,0.0,0.0,10,19.2,75,0,3,5,normal
2025-11-22 04:00:00,25.4,86.0,0.0,0.0,20,17.9,71,1,4,5,normal
2025-11-22 05:00:00,25.3,86.0,0.0,0.0,12,16.3,68,0,5,5,normal
2025-11-22 06:00:00,25.2,86.0,0.0,0.0,13,15.4,66,0,6,5,normal
2025-11-22 07:00:00,26.5,79.0,0.0,0.0,11,16.3,67,0,7,5,normal
2025-11-22 08:00:00,27.9,71.0,0.0,0.0,30,22.2,69,1,8,5,normal
2025-11-22 09:00:00,29.1,66.0,0.1,0.1,25,21.1,71,51,9,5,rain
2025-11-22 10:00:00,29.8,62.0,0.2,0.2,37,21.1,75,51,10,5,rain
2025-11-22 11:00:00,30.2,63.0,0.0,0.0,32,21.0,84,1,11,5,normal
2025-11-22 12:00:00,29.1,65.0,0.6,0.6,50,21.3,79,53,12,5,rain
2025-11-22 13:00:00,29.6,66.0,0.2,0.2,15,21.8,88,51,13,5,rain
2025-11-22 14:00:00,29.3,67.0,0.1,0.1,20,22.9,85,51,14,5,rain
2025-11-22 15:00:00,28.9,68.0,0.2,0.2,8,21.4,90,51,15,5,rain
2025-11-22 16:00:00,28.1,72.0,0.0,0.0,5,19.6,88,0,16,5,normal
2025-11-22 17:00:00,27.0,78.0,0.0,0.0,5,18.5,89,0,17,5,normal
2025-11-22 18:00:00,25.9,86.0,0.0,0.0,14,17.2,85,0,18,5,normal
2025-11-22 19:00:00,25.7,87.0,0.0,0.0,26,17.1,82,1,19,5,normal
2025-11-22 20:00:00,25.6,86.0,0.0,0.0,20,17.1,81,1,20,5,normal
2025-11-22 21:00:00,25.9,85.0,0.0,0.0,12,17.1,82,0,21,5,normal
2025-11-22 22:00:00,25.7,86.0,0.0,0.0,17,16.5,76,0,22,5,normal
2025-11-22 23:00:00,25.5,87.0,0.0,0.0,7,15.5,77,0,23,5,normal
2025-11-23 00:00:00,25.4,87.0,0.0,0.0,9,14.9,79,0,0,6,normal
2025-11-23 01:00:00,25.3,87.0,0.0,0.0,19,14.8,80,0,1,6,normal
2025-11-23 02:00:00,25.2,87.0,0.0,0.0,36,14.7,84,1,2,6,normal
2025-11-23 03:00:00,25.4,87.0,0.0,0.0,30,17.0,86,1,3,6,normal
2025-11-23 04:00:00,25.5,86.0,0.0,0.0,9,16.7,89,0,4,6,normal
2025-11-23 05:00:00,25.4,87.0,0.0,0.0,18,15.5,86,0,5,6,normal
2025-11-23 06:00:00,25.5,86.0,0.0,0.0,14,14.7,82,0,6,6,normal
2025-11-23 07:00:00,26.8,79.0,0.0,0.0,20,17.5,80,1,7,6,normal
2025-11-23 08:00:00,28.0,71.0,0.0,0.0,19,20.6,81,0,8,6,normal
2025-11-23 09:00:00,29.2,66.0,0.0,0.0,12,18.3,83,0,9,6,normal
2025-11-23 10:00:00,30.2,62.0,0.0,0.0,9,18.6,84,0,10,6,normal
2025-11-23 11:00:00,30.8,59.0,0.0,0.0,9,19.1,88,0,11,6,normal
2025-11-23 12:00:00,31.0,59.0,0.0,0.0,12,19.8,93,0,12,6,normal
2025-11-23 13:00:00,30.2,58.0,0.4,0.4,47,20.2,92,51,13,6,rain
2025-11-23 14:00:00,30.1,59.0,0.9,0.9,38,18.7,101,53,14,6,rain
2025-11-23 15:00:00,28.9,66.0,0.1,0.1,39,18.3,106,51,15,6,rain
2025-11-23 16:00:00,28.6,68.0,0.0,0.0,77,17.9,105,2,16,6,cloudy
2025-11-23 17:00:00,27.3,74.0,0.0,0.0,97,16.5,104,3,17,6,cloudy
2025-11-23 18:00:00,26.6,78.0,0.0,0.0,92,15.3,105,3,18,6,cloudy
2025-11-23 19:00:00,26.2,81.0,0.0,0.0,71,13.7,103,2,19,6,normal
2025-11-23 20:00:00,26.0,83.0,0.0,0.0,38,13.9,107,1,20,6,normal
2025-11-23 21:00:00,26.1,82.0,0.0,0.0,6,12.6,109,0,21,6,normal
2025-11-23 22:00:00,25.8,84.0,0.0,0.0,2,12.6,109,0,22,6,normal
2025-11-23 23:00:00,25.7,85.0,0.0,0.0,7,12.5,108,0,23,6,normal
2025-11-24 00:00:00,25.5,87.0,0.0,0.0,16,13.8,99,0,0,0,normal
2025-11-24 01:00:00,25.5,87.0,0.0,0.0,28,14.0,97,1,1,0,normal
2025-11-24 02:00:00,25.4,87.0,0.0,0.0,41,14.1,94,1,2,0,normal
2025-11-24 03:00:00,25.3,85.0,0.0,0.0,41,11.2,89,1,3,0,normal
2025-11-24 04:00:00,25.2,86.0,0.0,0.0,48,9.2,74,1,4,0,normal
2025-11-24 05:00:00,24.9,87.0,0.0,0.0,59,8.0,59,2,5,0,normal
2025-11-24 06:00:00,24.6,89.0,0.0,0.0,32,8.1,51,1,6,0,normal
2025-11-24 07:00:00,26.0,82.0,0.0,0.0,38,11.0,66,1,7,0,normal
2025-11-24 08:00:00,27.2,73.0,0.1,0.1,24,14.1,79,51,8,0,rain
2025-11-24 09:00:00,28.4,67.0,0.1,0.1,24,15.0,87,51,9,0,rain
2025-11-24 10:00:00,29.7,61.0,0.1,0.1,20,14.6,94,51,10,0,rain
2025-11-24 11:00:00,30.2,58.0,0.0,0.0,31,13.6,97,1,11,0,normal
2025-11-24 12:00:00,30.3,58.0,0.0,0.0,31,12.3,105,1,12,0,normal
2025-11-24 13:00:00,30.5,59.0,0.0,0.0,23,12.7,113,1,13,0,normal
2025-11-24 14:00:00,29.8,61.0,0.0,0.0,23,14.3,124,1,14,0,normal
2025-11-24 15:00:00,29.0,67.0,0.0,0.0,23,14.8,119,1,15,0,normal
2025-11-24 16:00:00,28.6,67.0,0.0,0.0,52,15.2,119,2,16,0,normal
2025-11-24 17:00:00,27.2,74.0,0.0,0.0,22,15.7,129,1,17,0,normal
2025-11-24 18:00:00,26.6,78.0,0.0,0.0,16,14.1,122,0,18,0,normal
2025-11-24 19:00:00,26.2,80.0,0.0,0.0,9,12.7,122,0,19,0,normal
2025-11-24 20:00:00,26.0,81.0,0.0,0.0,5,12.5,122,0,20,0,normal
2025-11-24 21:00:00,26.2,79.0,0.0,0.0,0,13.4,122,0,21,0,normal
2025-11-24 22:00:00,26.0,80.0,0.0,0.0,0,12.4,124,0,22,0,normal
2025-11-24 23:00:00,25.8,80.0,0.0,0.0,2,12.5,123,0,23,0,normal
2025-11-25 00:00:00,25.6,82.0,0.0,0.0,9,11.4,116,0,0,1,normal
2025-11-25 01:00:00,25.3,83.0,0.0,0.0,12,10.5,115,0,1,1,normal
2025-11-25 02:00:00,25.2,83.0,0.0,0.0,13,10.0,103,0,2,1,normal
2025-11-25 03:00:00,25.1,84.0,0.0,0.0,42,9.6,104,1,3,1,normal
2025-11-25 04:00:00,25.0,84.0,0.0,0.0,52,8.1,94,2,4,1,normal
2025-11-25 05:00:00,24.9,83.0,0.0,0.0,48,7.7,89,1,5,1,normal
2025-11-25 06:00:00,24.8,84.0,0.0,0.0,34,7.8,95,1,6,1,normal
2025-11-25 07:00:00,26.4,76.0,0.0,0.0,25,11.4,101,1,7,1,normal
2025-11-25 08:00:00,27.6,69.0,0.0,0.0,33,12.7,102,1,8,1,normal
2025-11-25 09:00:00,29.0,63.0,0.0,0.0,50,12.7,106,2,9,1,normal
2025-11-25 10:00:00,29.8,60.0,0.0,0.0,30,13.1,103,1,10,1,normal
2025-11-25 11:00:00,30.3,58.0,0.0,0.0,13,13.7,107,0,11,1,normal
2025-11-25 12:00:00,30.5,57.0,0.0,0.0,23,12.9,113,1,12,1,normal
2025-11-25 13:00:00,30.3,57.0,0.0,0.0,71,13.1,115,2,13,1,normal
2025-11-25 14:00:00,29.9,59.0,0.0,0.0,45,14.2,120,1,14,1,normal
2025-11-25 15:00:00,29.1,64.0,0.0,0.0,28,14.0,136,1,15,1,normal
2025-11-25 16:00:00,28.2,67.0,0.0,0.0,25,12.9,134,1,16,1,normal
2025-11-25 17:00:00,27.3,72.0,0.0,0.0,16,12.3,128,0,17,1,normal
2025-11-25 18:00:00,26.5,76.0,0.0,0.0,21,13.7,125,1,18,1,normal
2025-11-25 19:00:00,26.2,78.0,0.0,0.0,16,13.6,124,0,19,1,normal
2025-11-25 20:00:00,26.2,77.0,0.0,0.0,18,13.5,120,0,20,1,normal
2025-11-25 21:00:00,26.2,77.0,0.0,0.0,16,11.9,122,0,21,1,normal
2025-11-25 22:00:00,26.1,78.0,0.0,0.0,9,11.9,121,0,22,1,normal
2025-11-25 23:00:00,25.9,79.0,0.0,0.0,12,12.0,125,0,23,1,normal
2025-11-26 00:00:00,25.7,79.0,0.0,0.0,7,11.4,128,0,0,2,normal
2025-11-26 01:00:00,25.5,80.0,0.0,0.0,17,10.2,131,0,1,2,normal
2025-11-26 02:00:00,25.4,80.0,0.0,0.0,27,9.9,128,1,2,2,normal
2025-11-26 03:00:00,25.2,78.0,0.0,0.0,16,7.7,115,0,3,2,normal
2025-11-26 04:00:00,24.8,80.0,0.0,0.0,46,5.8,94,1,4,2,normal
2025-11-26 05:00:00,24.7,82.0,0.0,0.0,71,5.7,72,2,5,2,normal
2025-11-26 06:00:00,24.6,83.0,0.0,0.0,86,5.7,53,3,6,2,cloudy
2025-11-26 07:00:00,26.3,77.0,0.0,0.0,57,7.8,56,2,7,2,normal
2025-11-26 08:00:00,27.8,69.0,0.0,0.0,70,12.1,87,2,8,2,normal
2025-11-26 09:00:00,29.2,60.0,0.0,0.0,81,13.4,96,3,9,2,cloudy
2025-11-26 10:00:00,29.7,58.0,0.0,0.0,69,14.4,100,2,10,2,normal
2025-11-26 11:00:00,30.3,56.0,0.0,0.0,63,14.9,105,2,11,2,normal
2025-11-26 12:00:00,30.7,54.0,0.0,0.0,83,15.3,105,3,12,2,cloudy
2025-11-26 13:00:00,30.0,59.0,0.0,0.0,70,15.2,106,2,13,2,normal
2025-11-26 14:00:00,30.0,58.0,0.0,0.0,73,15.0,107,2,14,2,normal
2025-11-26 15:00:00,29.6,61.0,0.0,0.0,56,15.8,107,2,15,2,normal
2025-11-26 16:00:00,28.4,67.0,0.0,0.0,94,17.1,109,3,16,2,cloudy
2025-11-26 17:00:00,27.3,72.0,0.0,0.0,82,15.0,100,3,17,2,cloudy
2025-11-26 18:00:00,26.5,75.0,0.0,0.0,98,14.7,104,3,18,2,cloudy
2025-11-26 19:00:00,26.4,77.0,0.0,0.0,98,14.4,99,3,19,2,cloudy
2025-11-26 20:00:00,26.1,79.0,0.0,0.0,98,14.0,105,3,20,2,cloudy
2025-11-26 21:00:00,26.3,79.0,0.0,0.0,98,12.8,110,3,21,2,cloudy
2025-11-26 22:00:00,26.0,82.0,0.0,0.0,89,13.4,118,3,22,2,cloudy
2025-11-26 23:00:00,25.9,82.0,0.0,0.0,79,13.4,118,2,23,2,cloudy
2025-11-27 00:00:00,25.6,84.0,0.0,0.0,80,13.5,117,3,0,3,cloudy
2025-11-27 01:00:00,25.5,83.0,0.0,0.0,47,13.1,117,1,1,3,normal
2025-11-27 02:00:00,25.3,83.0,0.0,0.0,44,13.1,117,1,2,3,normal
2025-11-27 03:00:00,25.6,79.0,0.0,0.0,82,13.0,104,3,3,3,cloudy
2025-11-27 04:00:00,25.5,79.0,0.0,0.0,63,12.2,98,2,4,3,normal
2025-11-27 05:00:00,25.4,81.0,0.0,0.0,66,11.5,87,2,5,3,normal
2025-11-27 06:00:00,24.9,84.0,0.0,0.0,90,10.4,70,3,6,3,cloudy
2025-11-27 07:00:00,26.4,76.0,0.0,0.0,84,13.0,71,3,7,3,cloudy
2025-11-27 08:00:00,27.6,68.0,0.0,0.0,92,14.3,78,3,8,3,cloudy
2025-11-27 09:00:00,29.2,60.0,0.0,0.0,86,16.2,89,3,9,3,cloudy
2025-11-27 10:00:00,29.6,57.0,0.0,0.0,81,17.3,87,3,10,3,cloudy
2025-11-27 11:00:00,30.2,54.0,0.0,0.0,82,18.6,92,3,11,3,cloudy
2025-11-27 12:00:00,30.1,56.0,0.1,0.1,85,19.6,96,51,12,3,rain
2025-11-27 13:00:00,29.6,59.0,0.0,0.0,97,19.5,94,3,13,3,cloudy
2025-11-27 14:00:00,29.5,58.0,0.0,0.0,97,18.7,97,3,14,3,cloudy
2025-11-27 15:00:00,29.4,60.0,0.0,0.0,93,17.9,100,3,15,3,cloudy
2025-11-27 16:00:00,28.7,62.0,0.0,0.0,89,17.6,104,3,16,3,cloudy
2025-11-27 17:00:00,27.5,68.0,0.0,0.0,63,17.5,99,2,17,3,normal
2025-11-27 18:00:00,26.9,71.0,0.0,0.0,5,15.6,97,0,18,3,normal
2025-11-27 19:00:00,26.6,72.0,0.0,0.0,10,16.0,102,0,19,3,normal
2025-11-27 20:00:00,26.6,71.0,0.0,0.0,5,16.4,109,0,20,3,normal
2025-11-27 21:00:00,26.7,71.0,0.0,0.0,5,17.1,120,0,21,3,normal
2025-11-27 22:00:00,26.5,72.0,0.0,0.0,0,14.5,122,0,22,3,normal
2025-11-27 23:00:00,26.3,73.0,0.0,0.0,1,13.3,117,0,23,3,normal
2025-11-28 00:00:00,26.0,75.0,0.0,0.0,5,13.0,114,0,0,4,normal
2025-11-28 01:00:00,25.8,76.0,0.0,0.0,15,13.5,104,0,1,4,normal
2025-11-28 02:00:00,25.6,77.0,0.0,0.0,8,12.8,99,0,2,4,normal
2025-11-28 03:00:00,25.4,76.0,0.0,0.0,21,8.5,95,1,3,4,normal
2025-11-28 04:00:00,24.9,78.0,0.0,0.0,32,6.2,57,1,4,4,normal
2025-11-28 05:00:00,24.2,83.0,0.0,0.0,35,9.4,23,1,5,4,normal
2025-11-28 06:00:00,24.0,85.0,0.0,0.0,1,7.9,41,0,6,4,normal
2025-11-28 07:00:00,26.0,76.0,0.0,0.0,16,9.5,61,0,7,4,normal
2025-11-28 08:00:00,27.8,66.0,0.0,0.0,30,14.7,75,1,8,4,normal
2025-11-28 09:00:00,29.7,58.0,0.0,0.0,47,16.9,76,1,9,4,normal
2025-11-28 10:00:00,30.3,55.0,0.0,0.0,41,16.4,81,1,10,4,normal
2025-11-28 11:00:00,30.7,52.0,0.0,0.0,51,16.1,84,2,11,4,normal
2025-11-28 12:00:00,30.7,54.0,0.1,0.1,42,17.7,88,51,12,4,rain
2025-11-28 13:00:00,29.8,59.0,0.2,0.2,54,18.2,94,51,13,4,rain
2025-11-28 14:00:00,29.6,58.0,0.0,0.0,92,17.1,98,3,14,4,cloudy
2025-11-28 15:00:00,29.6,58.0,0.0,0.0,20,16.5,100,1,15,4,normal
2025-11-28 16:00:00,28.3,65.0,0.0,0.0,13,19.2,110,0,16,4,normal
2025-11-28 17:00:00,27.2,64.0,0.0,0.0,12,17.3,94,0,17,4,normal
2025-11-28 18:00:00,26.4,76.0,0.0,0.0,3,16.4,107,0,18,4,normal
2025-11-28 19:00:00,25.9,76.0,0.0,0.0,0,14.9,97,0,19,4,normal
2025-11-28 20:00:00,25.8,77.0,0.0,0.0,0,15.1,98,0,20,4,normal
2025-11-28 21:00:00,26.0,77.0,0.0,0.0,2,15.9,99,0,21,4,normal
2025-11-28 22:00:00,25.8,78.0,0.0,0.0,67,15.3,93,2,22,4,normal
2025-11-28 23:00:00,25.7,79.0,0.0,0.0,57,16.7,89,2,23,4,normal
2025-11-29 00:00:00,25.6,80.0,0.0,0.0,95,16.6,89,3,0,5,cloudy
2025-11-29 01:00:00,25.5,79.0,0.0,0.0,97,17.0,85,3,1,5,cloudy
2025-11-29 02:00:00,25.3,80.0,0.0,0.0,93,15.9,76,3,2,5,cloudy
2025-11-29 03:00:00,25.2,79.0,0.0,0.0,91,14.5,79,3,3,5,cloudy
2025-11-29 04:00:00,25.1,80.0,0.0,0.0,45,13.5,80,1,4,5,normal
2025-11-29 05:00:00,24.9,81.0,0.0,0.0,51,14.3,71,2,5,5,normal
2025-11-29 06:00:00,24.9,80.0,0.0,0.0,23,14.7,64,1,6,5,normal
2025-11-29 07:00:00,25.9,74.0,0.0,0.0,74,16.0,64,2,7,5,normal
2025-11-29 08:00:00,27.5,64.0,0.0,0.0,48,20.3,66,1,8,5,normal
2025-11-29 09:00:00,28.6,60.0,0.0,0.0,41,19.8,59,1,9,5,normal
2025-11-29 10:00:00,29.8,54.0,0.1,0.1,32,18.0,54,51,10,5,rain
2025-11-29 11:00:00,30.9,48.0,0.0,0.0,20,17.3,59,1,11,5,normal
2025-11-29 12:00:00,31.7,43.0,0.0,0.0,32,17.4,71,1,12,5,normal
2025-11-29 13:00:00,30.5,54.0,0.0,0.0,97,20.3,91,3,13,5,cloudy
2025-11-29 14:00:00,28.8,60.0,0.0,0.0,95,24.5,97,3,14,5,cloudy
2025-11-29 15:00:00,29.1,56.0,0.0,0.0,96,22.4,94,3,15,5,cloudy
2025-11-29 16:00:00,28.7,62.0,0.0,0.0,92,22.0,93,3,16,5,cloudy
2025-11-29 17:00:00,27.2,67.0,0.0,0.0,71,20.6,95,2,17,5,normal
2025-11-29 18:00:00,26.0,75.0,0.0,0.0,67,19.6,82,2,18,5,normal
2025-11-29 19:00:00,25.7,76.0,0.0,0.0,9,19.7,85,0,19,5,normal
2025-11-29 20:00:00,25.5,80.0,0.0,0.0,8,19.1,82,0,20,5,normal
2025-11-29 21:00:00,25.6,77.0,0.0,0.0,5,18.9,76,0,21,5,normal
2025-11-29 22:00:00,25.4,80.0,0.0,0.0,2,18.7,76,0,22,5,normal
2025-11-29 23:00:00,25.2,80.0,0.0,0.0,10,20.2,74,0,23,5,normal
2025-11-30 00:00:00,25.1,80.0,0.0,0.0,98,20.2,69,3,0,6,cloudy
2025-11-30 01:00:00,24.8,81.0,0.0,0.0,96,19.9,64,3,1,6,cloudy
2025-11-30 02:00:00,24.4,82.0,0.0,0.0,93,18.9,59,3,2,6,cloudy
2025-11-30 03:00:00,24.3,79.0,0.0,0.0,98,18.7,60,3,3,6,cloudy
2025-11-30 04:00:00,24.0,80.0,0.0,0.0,95,17.9,59,3,4,6,cloudy
2025-11-30 05:00:00,23.8,80.0,0.0,0.0,0,18.2,56,0,5,6,normal
2025-11-30 06:00:00,23.6,79.0,0.0,0.0,0,16.9,54,0,6,6,normal
2025-11-30 07:00:00,25.0,73.0,0.0,0.0,0,13.8,55,0,7,6,normal
2025-11-30 08:00:00,27.1,64.0,0.0,0.0,2,19.1,57,0,8,6,normal
2025-11-30 09:00:00,28.4,57.0,0.0,0.0,15,20.8,56,0,9,6,normal
2025-11-30 10:00:00,29.8,50.0,0.0,0.0,20,22.9,60,1,10,6,normal
2025-11-30 11:00:00,31.2,44.0,0.0,0.0,31,22.0,62,1,11,6,normal
2025-11-30 12:00:00,32.1,39.0,0.0,0.0,41,21.4,69,1,12,6,normal
2025-11-30 13:00:00,31.5,46.0,0.0,0.0,100,23.8,82,3,13,6,cloudy
2025-11-30 14:00:00,29.4,57.0,0.0,0.0,100,27.4,93,3,14,6,cloudy
2025-11-30 15:00:00,29.0,57.0,0.0,0.0,94,26.2,86,3,15,6,cloudy
2025-11-30 16:00:00,28.4,61.0,0.0,0.0,55,25.7,90,2,16,6,normal
2025-11-30 17:00:00,27.2,65.0,0.0,0.0,98,23.3,84,3,17,6,cloudy
2025-11-30 18:00:00,26.6,71.0,0.0,0.0,100,22.8,85,3,18,6,cloudy
2025-11-30 19:00:00,26.2,73.0,0.0,0.0,58,21.0,74,2,19,6,normal
2025-11-30 20:00:00,26.0,74.0,0.0,0.0,86,22.1,76,3,20,6,cloudy
2025-11-30 21:00:00,25.8,76.0,0.0,0.0,91,20.9,75,3,21,6,cloudy
2025-11-30 22:00:00,25.6,76.0,0.0,0.0,92,19.8,68,3,22,6,cloudy
2025-11-30 23:00:00,25.2,81.0,0.0,0.0,85,20.1,70,3,23,6,cloudy
2025-12-01 00:00:00,24.9,83.0,0.0,0.0,88,21.1,68,3,0,0,cloudy
2025-12-01 01:00:00,24.6,85.0,0.0,0.0,83,21.6,66,3,1,0,cloudy
2025-12-01 02:00:00,24.6,84.0,0.0,0.0,84,20.9,63,3,2,0,cloudy
2025-12-01 03:00:00,24.8,79.0,0.0,0.0,97,19.2,62,3,3,0,cloudy
2025-12-01 04:00:00,24.4,81.0,0.0,0.0,66,16.9,57,2,4,0,normal
2025-12-01 05:00:00,24.3,81.0,0.0,0.0,97,16.0,55,3,5,0,cloudy
2025-12-01 06:00:00,24.1,82.0,0.0,0.0,80,15.5,51,3,6,0,cloudy
2025-12-01 07:00:00,25.5,75.0,0.0,0.0,85,17.0,51,3,7,0,cloudy
2025-12-01 08:00:00,27.0,68.0,0.0,0.0,96,21.9,54,3,8,0,cloudy
2025-12-01 09:00:00,28.8,59.0,0.0,0.0,91,20.8,56,3,9,0,cloudy
2025-12-01 10:00:00,30.0,50.0,0.0,0.0,100,22.1,67,3,10,0,cloudy
2025-12-01 11:00:00,30.2,50.0,0.0,0.0,73,24.1,78,2,11,0,normal
2025-12-01 12:00:00,30.4,52.0,0.0,0.0,36,25.1,81,1,12,0,normal
2025-12-01 13:00:00,30.6,52.0,0.0,0.0,34,24.5,79,1,13,0,normal
2025-12-01 14:00:00,29.6,58.0,0.0,0.0,24,24.7,90,1,14,0,normal
2025-12-01 15:00:00,29.2,62.0,0.0,0.0,32,23.8,87,1,15,0,normal
2025-12-01 16:00:00,28.2,64.0,0.0,0.0,5,23.5,86,0,16,0,normal
2025-12-01 17:00:00,27.5,68.0,0.0,0.0,3,23.4,83,0,17,0,normal
2025-12-01 18:00:00,26.4,74.0,0.0,0.0,48,20.6,80,1,18,0,normal
2025-12-01 19:00:00,26.3,75.0,0.0,0.0,49,20.8,78,1,19,0,normal
2025-12-01 20:00:00,26.1,76.0,0.0,0.0,86,21.0,80,3,20,0,cloudy
2025-12-01 21:00:00,26.1,78.0,0.0,0.0,32,21.0,81,1,21,0,normal
2025-12-01 22:00:00,25.8,81.0,0.0,0.0,49,20.3,83,1,22,0,normal
2025-12-01 23:00:00,25.5,83.0,0.0,0.0,24,19.5,81,1,23,0,normal
2025-12-02 00:00:00,25.3,84.0,0.0,0.0,20,19.5,79,1,0,1,normal
2025-12-02 01:00:00,25.2,84.0,0.0,0.0,31,20.1,74,1,1,1,normal
2025-12-02 02:00:00,25.0,85.0,0.0,0.0,17,19.9,69,0,2,1,normal
2025-12-02 03:00:00,25.0,83.0,0.0,0.0,16,19.2,67,0,3,1,normal
2025-12-02 04:00:00,24.8,84.0,0.0,0.0,9,18.0,63,0,4,1,normal
2025-12-02 05:00:00,24.6,85.0,0.0,0.0,15,16.9,62,0,5,1,normal
2025-12-02 06:00:00,24.6,84.0,0.0,0.0,38,16.7,60,1,6,1,normal
2025-12-02 07:00:00,25.9,77.0,0.0,0.0,78,17.6,63,2,7,1,cloudy
2025-12-02 08:00:00,27.5,68.0,0.0,0.0,83,22.1,67,3,8,1,cloudy
2025-12-02 09:00:00,29.0,61.0,0.0,0.0,90,22.7,73,3,9,1,cloudy
2025-12-02 10:00:00,29.6,58.0,0.0,0.0,84,22.0,77,3,10,1,cloudy
2025-12-02 11:00:00,29.9,57.0,0.2,0.2,32,21.6,77,51,11,1,rain
2025-12-02 12:00:00,30.0,57.0,0.2,0.2,84,21.7,78,51,12,1,rain
2025-12-02 13:00:00,30.4,55.0,0.1,0.1,98,21.6,80,51,13,1,rain
2025-12-02 14:00:00,29.6,60.0,0.0,0.0,98,22.0,87,3,14,1,cloudy
2025-12-02 15:00:00,29.2,59.0,0.0,0.0,93,22.5,92,3,15,1,cloudy
2025-12-02 16:00:00,28.4,62.0,0.0,0.0,95,22.4,86,3,16,1,cloudy
2025-12-02 17:00:00,27.5,68.0,0.0,0.0,96,21.8,88,3,17,1,cloudy
2025-12-02 18:00:00,26.5,73.0,0.0,0.0,99,19.7,85,3,18,1,cloudy
2025-12-02 19:00:00,26.1,76.0,0.0,0.0,99,20.5,84,3,19,1,cloudy
2025-12-02 20:00:00,26.0,77.0,0.0,0.0,98,20.6,84,3,20,1,cloudy
2025-12-02 21:00:00,26.0,77.0,0.0,0.0,98,21.2,85,3,21,1,cloudy
2025-12-02 22:00:00,26.0,77.0,0.0,0.0,95,20.8,86,3,22,1,cloudy
2025-12-02 23:00:00,25.8,77.0,0.0,0.0,93,20.2,88,3,23,1,cloudy
2025-12-03 00:00:00,25.6,78.0,0.0,0.0,89,19.4,89,3,0,2,cloudy
2025-12-03 01:00:00,25.3,80.0,0.0,0.0,30,19.3,86,1,1,2,normal
2025-12-03 02:00:00,25.0,82.0,0.0,0.0,42,20.1,80,1,2,2,normal
2025-12-03 03:00:00,25.2,79.0,0.0,0.0,25,18.2,72,1,3,2,normal
2025-12-03 04:00:00,25.2,79.0,0.0,0.0,30,18.3,71,1,4,2,normal
2025-12-03 05:00:00,25.2,79.0,0.0,0.0,28,17.7,73,1,5,2,normal
2025-12-03 06:00:00,25.3,79.0,0.0,0.0,56,17.9,75,2,6,2,normal
2025-12-03 07:00:00,26.5,73.0,0.0,0.0,29,20.0,79,1,7,2,normal
2025-12-03 08:00:00,27.7,67.0,0.0,0.0,36,23.0,80,1,8,2,normal
2025-12-03 09:00:00,28.7,64.0,0.0,0.0,28,21.7,81,1,9,2,normal
2025-12-03 10:00:00,29.4,61.0,0.1,0.1,27,21.2,83,51,10,2,rain
2025-12-03 11:00:00,29.6,60.0,0.3,0.3,39,21.0,83,51,11,2,rain
2025-12-03 12:00:00,29.6,60.0,0.3,0.3,53,20.5,87,51,12,2,rain
2025-12-03 13:00:00,29.6,60.0,0.1,0.1,30,21.1,89,51,13,2,rain
2025-12-03 14:00:00,29.5,60.0,0.0,0.0,32,22.0,89,1,14,2,normal
2025-12-03 15:00:00,29.0,61.0,0.0,0.0,79,20.9,93,2,15,2,cloudy
2025-12-03 16:00:00,28.1,66.0,0.0,0.0,96,20.2,93,3,16,2,cloudy
2025-12-03 17:00:00,27.2,69.0,0.0,0.0,100,18.7,92,3,17,2,cloudy
2025-12-03 18:00:00,26.2,74.0,0.0,0.0,73,16.4,86,2,18,2,normal
2025-12-03 19:00:00,25.9,77.0,0.0,0.0,34,15.4,83,1,19,2,normal
2025-12-03 20:00:00,25.7,78.0,0.0,0.0,20,14.7,82,1,20,2,normal
2025-12-03 21:00:00,25.7,78.0,0.0,0.0,27,15.5,87,1,21,2,normal
2025-12-03 22:00:00,25.5,79.0,0.0,0.0,90,15.4,85,3,22,2,cloudy
2025-12-03 23:00:00,25.3,80.0,0.0,0.0,80,15.3,87,3,23,2,cloudy
2025-12-04 00:00:00,25.1,81.0,0.0,0.0,62,15.3,91,2,0,3,normal
2025-12-04 01:00:00,24.8,82.0,0.0,0.0,41,15.1,91,1,1,3,normal
2025-12-04 02:00:00,24.7,83.0,0.0,0.0,38,15.3,90,1,2,3,normal
2025-12-04 03:00:00,24.8,81.0,0.0,0.0,65,16.4,92,2,3,3,normal
2025-12-04 04:00:00,24.8,80.0,0.0,0.0,78,15.8,90,2,4,3,cloudy
2025-12-04 05:00:00,24.9,79.0,0.0,0.0,91,15.1,88,3,5,3,cloudy
2025-12-04 06:00:00,25.0,79.0,0.0,0.0,99,14.0,91,3,6,3,cloudy
2025-12-04 07:00:00,26.5,70.0,0.0,0.0,100,15.1,89,3,7,3,cloudy
2025-12-04 08:00:00,27.6,64.0,0.0,0.0,98,17.0,84,3,8,3,cloudy
2025-12-04 09:00:00,28.7,60.0,0.0,0.0,100,18.7,87,3,9,3,cloudy
2025-12-04 10:00:00,28.8,63.0,0.0,0.0,100,18.4,87,3,10,3,cloudy
2025-12-04 11:00:00,28.8,64.0,0.0,0.0,98,18.2,91,3,11,3,cloudy
2025-12-04 12:00:00,29.7,59.0,0.0,0.0,100,18.9,91,3,12,3,cloudy
2025-12-04 13:00:00,29.4,61.0,0.0,0.0,100,18.7,91,3,13,3,cloudy
2025-12-04 14:00:00,28.7,65.0,0.0,0.0,100,18.0,94,3,14,3,cloudy
2025-12-04 15:00:00,28.8,66.0,0.0,0.0,100,18.7,98,3,15,3,cloudy
2025-12-04 16:00:00,28.5,67.0,0.0,0.0,100,18.5,98,3,16,3,cloudy
2025-12-04 17:00:00,27.3,74.0,0.0,0.0,100,17.3,99,3,17,3,cloudy
2025-12-04 18:00:00,26.7,78.0,0.0,0.0,100,17.3,98,3,18,3,cloudy
2025-12-04 19:00:00,26.1,82.0,0.0,0.0,100,16.6,90,3,19,3,cloudy
2025-12-04 20:00:00,25.9,84.0,0.0,0.0,100,15.5,85,3,20,3,cloudy
2025-12-04 21:00:00,25.8,83.0,0.0,0.0,100,14.4,92,3,21,3,cloudy
2025-12-04 22:00:00,25.6,84.0,0.0,0.0,100,14.4,90,3,22,3,cloudy
2025-12-04 23:00:00,25.5,86.0,0.0,0.0,100,14.1,92,3,23,3,cloudy
2025-12-05 00:00:00,25.5,85.0,0.0,0.0,100,14.2,94,3,0,4,cloudy
2025-12-05 01:00:00,25.3,86.0,0.0,0.0,100,13.6,97,3,1,4,cloudy
2025-12-05 02:00:00,25.2,85.0,0.0,0.0,100,13.4,94,3,2,4,cloudy
2025-12-05 03:00:00,25.6,82.0,0.0,0.0,100,14.6,90,3,3,4,cloudy
2025-12-05 04:00:00,25.4,82.0,0.0,0.0,100,14.2,91,3,4,4,cloudy
2025-12-05 05:00:00,25.2,84.0,0.0,0.0,100,13.5,91,3,5,4,cloudy
2025-12-05 06:00:00,25.0,84.0,0.0,0.0,99,12.1,87,3,6,4,cloudy
2025-12-05 07:00:00,26.2,79.0,0.0,0.0,62,13.8,84,2,7,4,normal
2025-12-05 08:00:00,27.6,70.0,0.0,0.0,36,17.1,88,1,8,4,normal
2025-12-05 09:00:00,28.8,66.0,0.0,0.0,27,16.0,92,1,9,4,normal
2025-12-05 10:00:00,29.4,63.0,0.1,0.1,35,17.1,94,51,10,4,rain
2025-12-05 11:00:00,29.9,61.0,0.1,0.1,69,17.8,96,51,11,4,rain
2025-12-05 12:00:00,29.9,61.0,0.2,0.2,52,17.6,97,51,12,4,rain
2025-12-05 13:00:00,29.8,62.0,0.3,0.3,77,17.4,96,51,13,4,rain
2025-12-05 14:00:00,29.4,63.0,0.5,0.5,69,17.8,99,53,14,4,rain
2025-12-05 15:00:00,29.1,64.0,0.0,0.0,75,18.1,95,2,15,4,cloudy
2025-12-05 16:00:00,28.3,67.0,0.0,0.0,79,18.0,97,2,16,4,cloudy
2025-12-05 17:00:00,27.1,74.0,0.0,0.0,86,16.0,91,3,17,4,cloudy
2025-12-05 18:00:00,25.9,83.0,0.0,0.0,81,15.1,89,3,18,4,cloudy
2025-12-05 19:00:00,25.6,86.0,0.0,0.0,40,15.7,86,1,19,4,normal
2025-12-05 20:00:00,25.4,87.0,0.0,0.0,30,15.1,81,1,20,4,normal
2025-12-05 21:00:00,25.5,88.0,0.0,0.0,84,15.3,82,3,21,4,cloudy
2025-12-05 22:00:00,25.3,89.0,0.0,0.0,83,15.2,83,3,22,4,cloudy
2025-12-05 23:00:00,25.2,89.0,0.0,0.0,91,15.0,84,3,23,4,cloudy
2025-12-06 00:00:00,24.9,89.0,0.0,0.0,37,14.4,89,1,0,5,normal
2025-12-06 01:00:00,24.9,89.0,0.0,0.0,71,14.8,91,2,1,5,normal
2025-12-06 02:00:00,25.1,88.0,0.0,0.0,23,15.3,87,1,2,5,normal
2025-12-06 03:00:00,25.2,85.0,0.0,0.0,38,15.3,89,1,3,5,normal
2025-12-06 04:00:00,25.2,85.0,0.0,0.0,28,14.0,83,1,4,5,normal
2025-12-06 05:00:00,25.2,84.0,0.0,0.0,28,13.9,80,1,5,5,normal
2025-12-06 06:00:00,25.2,84.0,0.0,0.0,34,13.8,78,1,6,5,normal
2025-12-06 07:00:00,26.3,78.0,0.0,0.0,22,14.7,79,1,7,5,normal
2025-12-06 08:00:00,27.7,70.0,0.0,0.0,23,17.4,84,1,8,5,normal
2025-12-06 09:00:00,29.0,62.0,0.0,0.0,37,17.3,93,1,9,5,normal
2025-12-06 10:00:00,29.9,57.0,0.0,0.0,43,17.1,91,1,10,5,normal
2025-12-06 11:00:00,30.7,52.0,0.0,0.0,48,17.7,94,1,11,5,normal
2025-12-06 12:00:00,30.1,57.0,0.0,0.0,52,18.1,96,2,12,5,normal
2025-12-06 13:00:00,29.8,59.0,0.1,0.1,68,17.8,92,51,13,5,rain
2025-12-06 14:00:00,29.5,60.0,0.0,0.0,90,18.4,94,3,14,5,cloudy
2025-12-06 15:00:00,29.5,61.0,0.0,0.0,38,17.8,88,1,15,5,normal
2025-12-06 16:00:00,28.3,66.0,0.0,0.0,16,18.8,96,0,16,5,normal
2025-12-06 17:00:00,27.2,71.0,0.0,0.0,33,17.6,97,1,17,5,normal
2025-12-06 18:00:00,26.2,80.0,0.0,0.0,90,16.3,97,3,18,5,cloudy
2025-12-06 19:00:00,25.7,84.0,0.0,0.0,91,15.7,95,3,19,5,cloudy
2025-12-06 20:00:00,25.7,85.0,0.0,0.0,93,16.5,98,3,20,5,cloudy
2025-12-06 21:00:00,26.2,83.0,0.0,0.0,84,17.7,100,3,21,5,cloudy
2025-12-06 22:00:00,26.2,83.0,0.0,0.0,52,18.2,98,2,22,5,normal
2025-12-06 23:00:00,25.8,85.0,0.0,0.0,13,17.9,95,0,23,5,normal
2025-12-07 00:00:00,25.7,86.0,0.0,0.0,18,17.8,92,0,0,6,normal
2025-12-07 01:00:00,25.5,87.0,0.0,0.0,17,17.3,87,0,1,6,normal
2025-12-07 02:00:00,25.3,88.0,0.0,0.0,25,16.2,81,1,2,6,normal
2025-12-07 03:00:00,25.5,83.0,0.0,0.0,26,14.6,81,1,3,6,normal
2025-12-07 04:00:00,25.2,86.0,0.0,0.0,43,13.6,78,1,4,6,normal
2025-12-07 05:00:00,25.1,86.0,0.0,0.0,52,12.8,73,2,5,6,normal
2025-12-07 06:00:00,24.9,87.0,0.0,0.0,35,12.2,65,1,6,6,normal
2025-12-07 07:00:00,26.0,82.0,0.0,0.0,32,14.7,64,1,7,6,normal
2025-12-07 08:00:00,27.4,74.0,0.0,0.0,36,17.7,69,1,8,6,normal
2025-12-07 09:00:00,29.0,66.0,0.0,0.0,34,17.2,72,1,9,6,normal
2025-12-07 10:00:00,30.1,59.0,0.0,0.0,49,17.3,78,1,10,6,normal
2025-12-07 11:00:00,30.5,58.0,0.1,0.1,22,17.5,86,51,11,6,rain
2025-12-07 12:00:00,30.3,61.0,0.2,0.2,27,18.4,91,51,12,6,rain
2025-12-07 13:00:00,29.8,64.0,0.2,0.2,20,18.8,96,51,13,6,rain
2025-12-07 14:00:00,29.6,65.0,0.2,0.2,16,19.7,104,51,14,6,rain
2025-12-07 15:00:00,29.0,67.0,0.0,0.0,6,19.6,103,0,15,6,normal
2025-12-07 16:00:00,28.3,72.0,0.0,0.0,6,19.9,105,0,16,6,normal
2025-12-07 17:00:00,27.1,77.0,0.0,0.0,27,20.1,100,1,17,6,normal
2025-12-07 18:00:00,26.3,80.0,0.0,0.0,38,19.3,95,1,18,6,normal
2025-12-07 19:00:00,26.2,81.0,0.0,0.0,23,18.7,88,1,19,6,normal
2025-12-07 20:00:00,26.1,82.0,0.0,0.0,25,18.9,91,1,20,6,normal
2025-12-07 21:00:00,26.3,80.0,0.0,0.0,20,17.6,89,1,21,6,normal
2025-12-07 22:00:00,26.1,81.0,0.0,0.0,35,16.9,87,1,22,6,normal
2025-12-07 23:00:00,26.0,81.0,0.0,0.0,21,16.8,92,1,23,6,normal
2025-12-08 00:00:00,25.7,83.0,0.0,0.0,8,15.5,87,0,0,0,normal
2025-12-08 01:00:00,25.3,85.0,0.0,0.0,7,14.2,75,0,1,0,normal
2025-12-08 02:00:00,25.1,86.0,0.0,0.0,20,13.5,71,1,2,0,normal
2025-12-08 03:00:00,24.9,86.0,0.0,0.0,9,14.6,66,0,3,0,normal
2025-12-08 04:00:00,24.8,86.0,0.0,0.0,14,14.3,59,0,4,0,normal
2025-12-08 05:00:00,24.7,86.0,0.0,0.0,15,13.7,56,0,5,0,normal
2025-12-08 06:00:00,24.5,87.0,0.0,0.0,12,12.7,52,0,6,0,normal
2025-12-08 07:00:00,25.7,80.0,0.0,0.0,10,14.7,59,0,7,0,normal
2025-12-08 08:00:00,27.4,71.0,0.0,0.0,43,19.4,70,1,8,0,normal
2025-12-08 09:00:00,29.1,64.0,0.0,0.0,50,17.2,72,2,9,0,normal
2025-12-08 10:00:00,30.2,58.0,0.0,0.0,10,17.5,78,0,10,0,normal
2025-12-08 11:00:00,31.1,53.0,0.0,0.0,10,17.8,82,0,11,0,normal
2025-12-08 12:00:00,31.5,51.0,0.0,0.0,23,18.2,87,1,12,0,normal
2025-12-08 13:00:00,30.9,55.0,0.0,0.0,27,19.3,92,1,13,0,normal
2025-12-08 14:00:00,29.9,60.0,0.0,0.0,24,20.4,95,1,14,0,normal
2025-12-08 15:00:00,29.4,62.0,0.0,0.0,22,19.3,102,1,15,0,normal
2025-12-08 16:00:00,28.2,68.0,0.0,0.0,93,19.9,99,3,16,0,cloudy
2025-12-08 17:00:00,27.3,75.0,0.0,0.0,94,19.8,92,3,17,0,cloudy
2025-12-08 18:00:00,26.1,82.0,0.0,0.0,92,19.6,88,3,18,0,cloudy
2025-12-08 19:00:00,26.0,82.0,0.0,0.0,81,20.1,83,3,19,0,cloudy
2025-12-08 20:00:00,25.9,82.0,0.0,0.0,87,19.8,79,3,20,0,cloudy
2025-12-08 21:00:00,26.1,79.0,0.0,0.0,30,19.0,80,1,21,0,normal
2025-12-08 22:00:00,25.9,80.0,0.0,0.0,23,17.7,80,1,22,0,normal
2025-12-08 23:00:00,25.6,82.0,0.0,0.0,18,16.9,75,0,23,0,normal
2025-12-09 00:00:00,25.3,85.0,0.0,0.0,0,15.9,74,0,0,1,normal
2025-12-09 01:00:00,24.9,87.0,0.0,0.0,2,14.9,71,0,1,1,normal
2025-12-09 02:00:00,24.5,90.0,0.0,0.0,2,14.5,68,0,2,1,normal
2025-12-09 03:00:00,24.7,89.0,0.0,0.0,27,14.6,72,1,3,1,normal
2025-12-09 04:00:00,24.5,90.0,0.0,0.0,27,14.0,64,1,4,1,normal
2025-12-09 05:00:00,24.3,90.0,0.0,0.0,21,12.5,58,1,5,1,normal
2025-12-09 06:00:00,24.1,91.0,0.0,0.0,20,10.8,52,1,6,1,normal
2025-12-09 07:00:00,25.6,81.0,0.0,0.0,25,12.2,62,1,7,1,normal
2025-12-09 08:00:00,27.4,70.0,0.0,0.0,23,16.1,68,1,8,1,normal
2025-12-09 09:00:00,29.0,63.0,0.0,0.0,23,15.7,74,1,9,1,normal
2025-12-09 10:00:00,30.3,57.0,0.0,0.0,34,16.5,76,1,10,1,normal
2025-12-09 11:00:00,30.5,58.0,0.0,0.0,73,17.8,83,2,11,1,normal
2025-12-09 12:00:00,30.5,59.0,0.0,0.0,81,18.9,89,3,12,1,cloudy
2025-12-09 13:00:00,29.7,61.0,0.0,0.0,73,20.7,92,2,13,1,normal
2025-12-09 14:00:00,29.7,60.0,0.0,0.0,66,20.7,91,2,14,1,normal
2025-12-09 15:00:00,29.3,59.0,0.0,0.0,48,20.6,96,1,15,1,normal
2025-12-09 16:00:00,28.1,65.0,0.0,0.0,90,20.2,94,3,16,1,cloudy
2025-12-09 17:00:00,27.1,71.0,0.0,0.0,91,19.8,91,3,17,1,cloudy
2025-12-09 18:00:00,26.1,78.0,0.0,0.0,91,18.9,93,3,18,1,cloudy
2025-12-09 19:00:00,25.8,80.0,0.0,0.0,98,18.7,92,3,19,1,cloudy
2025-12-09 20:00:00,25.7,80.0,0.0,0.0,100,18.7,92,3,20,1,cloudy
2025-12-09 21:00:00,25.9,78.0,0.0,0.0,100,18.1,95,3,21,1,cloudy
2025-12-09 22:00:00,25.8,79.0,0.0,0.0,100,18.1,95,3,22,1,cloudy
2025-12-09 23:00:00,25.6,80.0,0.0,0.0,82,17.5,94,3,23,1,cloudy
2025-12-10 00:00:00,25.4,82.0,0.0,0.0,99,18.2,91,3,0,2,cloudy
2025-12-10 01:00:00,25.3,82.0,0.0,0.0,100,18.7,90,3,1,2,cloudy
2025-12-10 02:00:00,25.2,83.0,0.0,0.0,100,17.0,84,3,2,2,cloudy
2025-12-10 03:00:00,25.0,82.0,0.0,0.0,99,13.7,85,3,3,2,cloudy
2025-12-10 04:00:00,24.9,83.0,0.0,0.0,100,14.1,84,3,4,2,cloudy
2025-12-10 05:00:00,25.0,82.0,0.0,0.0,100,14.1,86,3,5,2,cloudy
2025-12-10 06:00:00,25.3,80.0,0.0,0.0,100,14.0,90,3,6,2,cloudy
2025-12-10 07:00:00,26.4,74.0,0.0,0.0,100,15.9,93,3,7,2,cloudy
2025-12-10 08:00:00,27.6,68.0,0.0,0.0,99,18.2,94,3,8,2,cloudy
2025-12-10 09:00:00,28.9,63.0,0.0,0.0,98,17.6,97,3,9,2,cloudy
2025-12-10 10:00:00,29.7,58.0,0.0,0.0,100,18.0,93,3,10,2,cloudy
2025-12-10 11:00:00,30.0,55.0,0.0,0.0,98,17.2,95,3,11,2,cloudy
2025-12-10 12:00:00,30.6,53.0,0.0,0.0,70,16.3,101,2,12,2,normal
2025-12-10 13:00:00,30.3,54.0,0.0,0.0,75,16.6,102,2,13,2,cloudy
2025-12-10 14:00:00,29.8,57.0,0.0,0.0,94,16.4,99,3,14,2,cloudy
2025-12-10 15:00:00,29.1,63.0,0.0,0.0,78,18.1,103,2,15,2,cloudy
2025-12-10 16:00:00,28.0,68.0,0.0,0.0,95,16.2,100,3,16,2,cloudy
2025-12-10 17:00:00,27.6,73.0,0.0,0.0,100,16.4,99,3,17,2,cloudy
2025-12-10 18:00:00,26.5,80.0,0.0,0.0,100,15.7,92,3,18,2,cloudy
2025-12-10 19:00:00,26.2,83.0,0.0,0.0,100,16.4,94,3,19,2,cloudy
2025-12-10 20:00:00,25.8,86.0,0.0,0.0,100,15.5,95,3,20,2,cloudy
2025-12-10 21:00:00,26.1,85.0,0.0,0.0,91,16.5,100,3,21,2,cloudy
2025-12-10 22:00:00,25.9,86.0,0.0,0.0,22,14.8,96,1,22,2,normal
2025-12-10 23:00:00,25.7,87.0,0.0,0.0,27,13.2,95,1,23,2,normal
2025-12-11 00:00:00,25.5,88.0,0.0,0.0,27,13.3,90,1,0,3,normal
2025-12-11 01:00:00,25.3,88.0,0.0,0.0,27,12.8,85,1,1,3,normal
2025-12-11 02:00:00,25.1,90.0,0.0,0.0,30,13.2,83,1,2,3,normal
2025-12-11 03:00:00,24.9,91.0,0.0,0.0,32,14.0,74,1,3,3,normal
2025-12-11 04:00:00,24.6,92.0,0.0,0.0,28,13.3,62,1,4,3,normal
2025-12-11 05:00:00,24.3,94.0,0.0,0.0,77,12.5,54,2,5,3,cloudy
2025-12-11 06:00:00,24.4,93.0,0.0,0.0,91,11.6,55,3,6,3,cloudy
2025-12-11 07:00:00,25.5,86.0,0.0,0.0,57,14.4,64,2,7,3,normal
2025-12-11 08:00:00,27.1,75.0,0.0,0.0,35,18.5,71,1,8,3,normal
2025-12-11 09:00:00,28.9,67.0,0.0,0.0,55,19.4,79,2,9,3,normal
2025-12-11 10:00:00,29.9,61.0,0.0,0.0,48,21.9,81,1,10,3,normal
2025-12-11 11:00:00,30.5,58.0,0.0,0.0,100,21.9,84,3,11,3,cloudy
2025-12-11 12:00:00,30.4,58.0,0.0,0.0,97,21.4,89,3,12,3,cloudy
2025-12-11 13:00:00,29.9,61.0,0.0,0.0,87,20.5,89,3,13,3,cloudy
2025-12-11 14:00:00,29.7,62.0,0.0,0.0,63,20.2,92,2,14,3,normal
2025-12-11 15:00:00,28.7,66.0,0.0,0.0,76,18.9,91,2,15,3,cloudy
2025-12-11 16:00:00,28.3,67.0,0.0,0.0,44,17.7,86,1,16,3,normal
2025-12-11 17:00:00,27.2,76.0,0.0,0.0,62,18.4,93,2,17,3,normal
2025-12-11 18:00:00,26.4,82.0,0.0,0.0,9,16.6,87,0,18,3,normal
2025-12-11 19:00:00,26.0,85.0,0.0,0.0,5,16.9,93,0,19,3,normal
2025-12-11 20:00:00,25.8,85.0,0.0,0.0,20,17.5,88,1,20,3,normal
2025-12-11 21:00:00,26.2,83.0,0.0,0.0,10,17.5,87,0,21,3,normal
2025-12-11 22:00:00,26.0,86.0,0.0,0.0,5,16.9,90,0,22,3,normal
2025-12-11 23:00:00,25.8,87.0,0.0,0.0,20,18.0,88,1,23,3,normal
2025-12-12 00:00:00,25.8,86.0,0.0,0.0,16,18.0,87,0,0,4,normal
2025-12-12 01:00:00,25.7,86.0,0.0,0.0,36,16.3,83,1,1,4,normal
2025-12-12 02:00:00,25.6,85.0,0.0,0.0,61,15.3,78,2,2,4,normal
2025-12-12 03:00:00,25.6,85.0,0.0,0.0,52,14.4,78,2,3,4,normal
2025-12-12 04:00:00,25.4,86.0,0.0,0.0,33,13.1,72,1,4,4,normal
2025-12-12 05:00:00,25.0,88.0,0.0,0.0,34,10.7,63,1,5,4,normal
2025-12-12 06:00:00,24.8,89.0,0.0,0.0,45,8.6,61,1,6,4,normal
2025-12-12 07:00:00,26.3,80.0,0.0,0.0,50,11.9,76,2,7,4,normal
2025-12-12 08:00:00,27.8,72.0,0.0,0.0,66,17.8,83,2,8,4,normal
2025-12-12 09:00:00,29.2,65.0,0.1,0.1,34,17.4,85,51,9,4,rain
2025-12-12 10:00:00,30.1,61.0,0.1,0.1,26,18.2,82,51,10,4,rain
2025-12-12 11:00:00,30.8,57.0,0.1,0.1,30,19.0,85,51,11,4,rain
2025-12-12 12:00:00,30.9,57.0,0.2,0.2,24,19.2,84,51,12,4,rain
2025-12-12 13:00:00,30.6,60.0,0.2,0.2,27,18.9,89,51,13,4,rain
2025-12-12 14:00:00,29.9,63.0,0.8,0.8,32,19.4,91,53,14,4,rain
2025-12-12 15:00:00,28.9,71.0,0.2,0.2,13,18.5,96,51,15,4,rain
2025-12-12 16:00:00,28.1,74.0,0.2,0.2,39,18.7,89,51,16,4,rain
2025-12-12 17:00:00,27.2,80.0,0.0,0.0,10,17.5,92,0,17,4,normal
2025-12-12 18:00:00,26.4,85.0,0.0,0.0,27,18.4,93,1,18,4,normal
2025-12-12 19:00:00,26.2,86.0,0.0,0.0,24,17.1,87,1,19,4,normal
2025-12-12 20:00:00,26.2,85.0,0.0,0.0,15,17.1,86,0,20,4,normal
2025-12-12 21:00:00,26.4,81.0,0.0,0.0,58,16.6,70,2,21,4,normal
2025-12-12 22:00:00,24.7,91.0,1.9,1.9,95,11.1,68,61,22,4,rain
2025-12-12 23:00:00,24.7,91.0,0.0,0.0,80,2.4,54,3,23,4,cloudy
2025-12-13 00:00:00,24.8,91.0,0.0,0.0,80,8.6,59,3,0,5,cloudy
2025-12-13 01:00:00,24.8,91.0,0.5,0.5,85,10.3,83,53,1,5,rain
2025-12-13 02:00:00,24.8,92.0,0.4,0.4,82,10.0,84,51,2,5,rain
2025-12-13 03:00:00,25.1,90.0,0.0,0.0,86,15.4,79,3,3,5,cloudy
2025-12-13 04:00:00,24.7,91.0,0.0,0.0,96,16.9,76,3,4,5,cloudy
2025-12-13 05:00:00,24.5,91.0,0.0,0.0,100,13.9,76,3,5,5,cloudy
2025-12-13 06:00:00,24.8,89.0,0.0,0.0,100,13.1,77,3,6,5,cloudy
2025-12-13 07:00:00,25.7,84.0,0.0,0.0,100,13.4,76,3,7,5,cloudy
2025-12-13 08:00:00,26.6,79.0,0.0,0.0,100,16.3,77,3,8,5,cloudy
2025-12-13 09:00:00,27.4,76.0,0.1,0.1,93,15.6,79,51,9,5,rain
2025-12-13 10:00:00,28.4,72.0,0.0,0.0,97,15.7,81,3,10,5,cloudy
2025-12-13 11:00:00,28.7,69.0,0.0,0.0,89,16.6,80,3,11,5,cloudy
2025-12-13 12:00:00,29.2,68.0,0.1,0.1,74,16.5,82,51,12,5,rain
2025-12-13 13:00:00,30.1,64.0,0.1,0.1,81,17.7,88,51,13,5,rain
2025-12-13 14:00:00,28.5,71.0,0.5,0.5,97,19.5,93,53,14,5,rain
2025-12-13 15:00:00,28.3,72.0,0.1,0.1,100,17.9,87,51,15,5,rain
2025-12-13 16:00:00,27.7,74.0,0.0,0.0,100,18.9,86,3,16,5,cloudy
2025-12-13 17:00:00,26.9,78.0,0.0,0.0,100,19.8,87,3,17,5,cloudy
2025-12-13 18:00:00,26.1,83.0,0.0,0.0,100,19.3,92,3,18,5,cloudy
2025-12-13 19:00:00,25.3,88.0,0.1,0.1,100,16.6,85,51,19,5,rain
2025-12-13 20:00:00,25.1,89.0,0.1,0.1,100,17.5,89,51,20,5,rain
2025-12-13 21:00:00,25.5,85.0,0.2,0.2,100,16.9,92,51,21,5,rain
2025-12-13 22:00:00,25.4,84.0,0.0,0.0,100,14.9,89,3,22,5,cloudy
2025-12-13 23:00:00,25.2,85.0,0.0,0.0,100,13.4,86,3,23,5,cloudy
2025-12-14 00:00:00,25.2,86.0,0.0,0.0,100,11.5,88,3,0,6,cloudy
2025-12-14 01:00:00,25.2,87.0,0.0,0.0,100,11.0,96,3,1,6,cloudy
2025-12-14 02:00:00,25.2,88.0,0.0,0.0,100,11.1,99,3,2,6,cloudy
2025-12-14 03:00:00,25.1,87.0,0.0,0.0,98,10.3,103,3,3,6,cloudy
2025-12-14 04:00:00,25.1,87.0,0.0,0.0,99,9.4,95,3,4,6,cloudy
2025-12-14 05:00:00,25.0,87.0,0.0,0.0,100,8.1,87,3,5,6,cloudy
2025-12-14 06:00:00,25.0,88.0,0.0,0.0,98,8.1,72,3,6,6,cloudy
2025-12-14 07:00:00,25.4,87.0,0.1,0.1,99,10.4,75,51,7,6,rain
2025-12-14 08:00:00,26.8,78.0,0.1,0.1,95,15.2,95,51,8,6,rain
2025-12-14 09:00:00,28.4,70.0,0.1,0.1,38,15.6,105,51,9,6,rain
2025-12-14 10:00:00,29.3,65.0,0.1,0.1,91,15.2,107,51,10,6,rain
2025-12-14 11:00:00,29.3,64.0,0.0,0.0,98,15.0,104,3,11,6,cloudy
2025-12-14 12:00:00,29.0,65.0,0.0,0.0,100,14.4,105,3,12,6,cloudy
2025-12-14 13:00:00,28.4,67.0,0.0,0.0,98,13.7,109,3,13,6,cloudy
2025-12-14 14:00:00,28.6,68.0,0.0,0.0,66,13.9,109,2,14,6,normal
2025-12-14 15:00:00,29.0,65.0,0.0,0.0,47,14.4,110,1,15,6,normal
2025-12-14 16:00:00,28.7,67.0,0.0,0.0,5,13.3,100,0,16,6,normal
2025-12-14 17:00:00,27.7,71.0,0.0,0.0,6,13.4,82,0,17,6,normal
2025-12-14 18:00:00,26.4,78.0,0.0,0.0,9,12.8,80,0,18,6,normal
2025-12-14 19:00:00,25.9,83.0,0.0,0.0,3,13.6,83,0,19,6,normal
2025-12-14 20:00:00,25.6,86.0,0.0,0.0,9,13.7,87,0,20,6,normal
2025-12-14 21:00:00,25.7,85.0,0.0,0.0,13,14.0,83,0,21,6,normal
2025-12-14 22:00:00,25.4,86.0,0.0,0.0,17,13.5,78,0,22,6,normal
2025-12-14 23:00:00,25.1,87.0,0.0,0.0,20,13.4,76,1,23,6,normal
2025-12-15 00:00:00,25.0,88.0,0.0,0.0,24,13.5,76,1,0,0,normal
2025-12-15 01:00:00,25.0,87.0,0.0,0.0,20,12.8,79,1,1,0,normal
2025-12-15 02:00:00,24.9,87.0,0.0,0.0,37,12.6,76,1,2,0,normal
2025-12-15 03:00:00,24.3,86.0,0.0,0.0,6,12.3,76,0,3,0,normal
2025-12-15 04:00:00,24.3,86.0,0.0,0.0,60,12.7,58,2,4,0,normal
2025-12-15 05:00:00,24.0,87.0,0.0,0.0,84,11.3,48,3,5,0,cloudy
2025-12-15 06:00:00,23.6,90.0,0.0,0.0,9,9.8,41,0,6,0,normal
2025-12-15 07:00:00,25.0,84.0,0.0,0.0,5,9.2,51,0,7,0,normal
2025-12-15 08:00:00,27.1,73.0,0.0,0.0,20,12.7,84,1,8,0,normal
2025-12-15 09:00:00,28.8,66.0,0.0,0.0,22,13.7,88,1,9,0,normal
2025-12-15 10:00:00,30.0,59.0,0.0,0.0,36,16.0,93,1,10,0,normal
2025-12-15 11:00:00,30.1,59.0,0.0,0.0,49,17.6,96,1,11,0,normal
2025-12-15 12:00:00,29.3,65.0,0.3,0.3,51,18.2,99,51,12,0,rain
2025-12-15 13:00:00,29.0,65.0,0.4,0.4,55,16.9,98,51,13,0,rain
2025-12-15 14:00:00,29.4,61.0,0.0,0.0,33,17.2,100,1,14,0,normal
2025-12-15 15:00:00,29.1,65.0,0.0,0.0,23,17.8,106,1,15,0,normal
2025-12-15 16:00:00,28.4,65.0,0.0,0.0,5,17.7,95,0,16,0,normal
2025-12-15 17:00:00,27.5,73.0,0.0,0.0,42,19.1,99,1,17,0,normal
2025-12-15 18:00:00,26.1,80.0,0.0,0.0,1,19.6,92,0,18,0,normal
2025-12-15 19:00:00,25.9,82.0,0.0,0.0,13,20.2,93,0,19,0,normal
2025-12-15 20:00:00,25.9,82.0,0.0,0.0,14,19.4,91,0,20,0,normal
2025-12-15 21:00:00,25.9,80.0,0.0,0.0,2,19.1,91,0,21,0,normal
2025-12-15 22:00:00,25.6,81.0,0.0,0.0,2,18.0,94,0,22,0,normal
2025-12-15 23:00:00,25.5,81.0,0.0,0.0,5,18.0,93,0,23,0,normal
2025-12-16 00:00:00,25.3,82.0,0.0,0.0,3,17.7,94,0,0,1,normal
2025-12-16 01:00:00,25.2,82.0,0.0,0.0,8,17.8,88,0,1,1,normal
2025-12-16 02:00:00,25.1,81.0,0.0,0.0,52,16.8,80,2,2,1,normal
2025-12-16 03:00:00,24.7,85.0,0.0,0.0,27,13.1,67,1,3,1,normal
2025-12-16 04:00:00,24.6,85.0,0.0,0.0,29,12.6,59,1,4,1,normal
2025-12-16 05:00:00,24.5,85.0,0.0,0.0,53,12.3,56,2,5,1,normal
2025-12-16 06:00:00,24.4,85.0,0.0,0.0,44,11.3,54,1,6,1,normal
2025-12-16 07:00:00,25.6,80.0,0.0,0.0,39,13.1,63,1,7,1,normal
2025-12-16 08:00:00,27.1,70.0,0.0,0.0,24,16.5,68,1,8,1,normal
2025-12-16 09:00:00,28.4,64.0,0.0,0.0,23,17.0,68,1,9,1,normal
2025-12-16 10:00:00,29.7,58.0,0.0,0.0,19,17.3,74,0,10,1,normal
2025-12-16 11:00:00,30.5,53.0,0.0,0.0,38,18.5,82,1,11,1,normal
2025-12-16 12:00:00,30.4,56.0,0.0,0.0,96,20.0,86,3,12,1,cloudy
2025-12-16 13:00:00,30.3,55.0,0.0,0.0,100,19.9,84,3,13,1,cloudy
2025-12-16 14:00:00,29.6,58.0,0.0,0.0,100,20.2,88,3,14,1,cloudy
2025-12-16 15:00:00,29.3,59.0,0.0,0.0,100,20.1,96,3,15,1,cloudy
2025-12-16 16:00:00,28.8,60.0,0.0,0.0,95,21.2,95,3,16,1,cloudy
2025-12-16 17:00:00,27.4,67.0,0.0,0.0,76,21.2,103,2,17,1,cloudy
2025-12-16 18:00:00,26.4,74.0,0.0,0.0,80,22.0,95,3,18,1,cloudy
2025-12-16 19:00:00,26.2,79.0,0.0,0.0,62,22.3,91,2,19,1,normal
2025-12-16 20:00:00,26.2,79.0,0.0,0.0,3,22.3,90,0,20,1,normal
2025-12-16 21:00:00,26.7,78.0,0.0,0.0,80,20.9,97,3,21,1,cloudy
2025-12-16 22:00:00,26.5,79.0,0.0,0.0,3,21.1,95,0,22,1,normal
2025-12-16 23:00:00,26.3,80.0,0.0,0.0,4,20.2,94,0,23,1,normal
2025-12-17 00:00:00,26.1,80.0,0.0,0.0,51,20.2,94,2,0,2,normal
2025-12-17 01:00:00,26.1,80.0,0.0,0.0,81,20.5,93,3,1,2,cloudy
2025-12-17 02:00:00,25.9,80.0,0.0,0.0,71,19.7,86,2,2,2,normal
2025-12-17 03:00:00,25.5,83.0,0.0,0.0,88,16.5,80,3,3,2,cloudy
2025-12-17 04:00:00,25.4,84.0,0.0,0.0,92,15.5,78,3,4,2,cloudy
2025-12-17 05:00:00,25.3,84.0,0.0,0.0,93,14.7,73,3,5,2,cloudy
2025-12-17 06:00:00,25.0,86.0,0.0,0.0,78,13.2,59,2,6,2,cloudy
2025-12-17 07:00:00,25.9,83.0,0.0,0.0,78,13.2,56,2,7,2,cloudy
2025-12-17 08:00:00,27.4,74.0,0.1,0.1,94,18.0,68,51,8,2,rain
2025-12-17 09:00:00,28.8,67.0,0.0,0.0,80,19.5,74,3,9,2,cloudy
2025-12-17 10:00:00,29.7,63.0,0.0,0.0,32,19.6,75,1,10,2,normal
2025-12-17 11:00:00,30.5,59.0,0.0,0.0,31,19.7,78,1,11,2,normal
2025-12-17 12:00:00,30.5,60.0,0.0,0.0,48,20.4,87,1,12,2,normal
2025-12-17 13:00:00,29.4,67.0,0.5,0.5,72,21.2,91,53,13,2,rain
2025-12-17 14:00:00,29.2,67.0,0.2,0.2,63,21.3,93,51,14,2,rain
2025-12-17 15:00:00,29.2,67.0,0.0,0.0,77,21.1,102,2,15,2,cloudy
2025-12-17 16:00:00,28.1,74.0,0.0,0.0,87,22.7,100,3,16,2,cloudy
2025-12-17 17:00:00,27.3,79.0,0.0,0.0,70,23.0,91,2,17,2,normal
2025-12-17 18:00:00,26.5,83.0,0.0,0.0,80,22.2,87,3,18,2,cloudy
2025-12-17 19:00:00,26.2,85.0,0.0,0.0,45,21.6,86,1,19,2,normal
2025-12-17 20:00:00,26.1,85.0,0.0,0.0,34,21.5,85,1,20,2,normal
2025-12-17 21:00:00,26.6,78.0,0.0,0.0,16,19.2,83,0,21,2,normal
2025-12-17 22:00:00,26.4,78.0,0.0,0.0,11,18.9,87,0,22,2,normal
2025-12-17 23:00:00,26.3,79.0,0.0,0.0,13,19.1,88,0,23,2,normal
2025-12-18 00:00:00,26.2,82.0,0.0,0.0,44,18.4,90,1,0,3,normal
2025-12-18 01:00:00,25.9,85.0,0.0,0.0,44,16.8,88,1,1,3,normal
2025-12-18 02:00:00,25.7,85.0,0.0,0.0,65,16.0,87,2,2,3,normal
2025-12-18 03:00:00,25.6,86.0,0.0,0.0,55,15.4,83,2,3,3,normal
2025-12-18 04:00:00,25.5,86.0,0.0,0.0,68,15.7,81,2,4,3,normal
2025-12-18 05:00:00,25.5,86.0,0.0,0.0,54,15.9,80,2,5,3,normal
2025-12-18 06:00:00,25.4,87.0,0.0,0.0,63,14.8,81,2,6,3,normal
2025-12-18 07:00:00,26.5,81.0,0.0,0.0,73,17.2,80,2,7,3,normal
2025-12-18 08:00:00,27.8,73.0,0.0,0.0,88,21.1,83,3,8,3,cloudy
2025-12-18 09:00:00,29.0,67.0,0.1,0.1,80,20.4,81,51,9,3,rain
2025-12-18 10:00:00,29.5,64.0,0.1,0.1,61,21.2,80,51,10,3,rain
2025-12-18 11:00:00,30.2,60.0,0.1,0.1,73,21.6,80,51,11,3,rain
2025-12-18 12:00:00,30.6,59.0,0.1,0.1,77,21.6,83,51,12,3,rain
2025-12-18 13:00:00,30.0,62.0,0.3,0.3,71,20.6,85,51,13,3,rain
2025-12-18 14:00:00,29.9,63.0,0.3,0.3,35,20.2,88,51,14,3,rain
2025-12-18 15:00:00,29.3,65.0,0.1,0.1,25,19.9,99,51,15,3,rain
2025-12-18 16:00:00,28.7,68.0,0.0,0.0,20,18.7,97,1,16,3,normal
2025-12-18 17:00:00,27.6,76.0,0.0,0.0,14,17.7,95,0,17,3,normal
2025-12-18 18:00:00,26.6,81.0,0.0,0.0,27,18.4,88,1,18,3,normal
2025-12-18 19:00:00,26.3,84.0,0.0,0.0,16,17.3,85,0,19,3,normal
2025-12-18 20:00:00,26.2,85.0,0.0,0.0,20,17.0,81,1,20,3,normal
2025-12-18 21:00:00,26.4,83.0,0.0,0.0,94,16.2,86,3,21,3,cloudy
2025-12-18 22:00:00,26.1,85.0,0.0,0.0,89,16.8,85,3,22,3,cloudy
2025-12-18 23:00:00,25.9,87.0,0.0,0.0,96,16.6,86,3,23,3,cloudy
2025-12-19 00:00:00,25.6,88.0,0.0,0.0,89,16.8,86,3,0,4,cloudy
2025-12-19 01:00:00,25.4,90.0,0.0,0.0,93,15.8,82,3,1,4,cloudy
2025-12-19 02:00:00,25.1,91.0,0.0,0.0,73,14.7,76,2,2,4,normal
2025-12-19 03:00:00,25.0,91.0,0.0,0.0,84,15.3,78,3,3,4,cloudy
2025-12-19 04:00:00,24.8,92.0,0.0,0.0,66,14.4,72,2,4,4,normal
2025-12-19 05:00:00,24.5,93.0,0.0,0.0,63,14.2,66,2,5,4,normal
2025-12-19 06:00:00,24.3,93.0,0.0,0.0,14,12.9,63,0,6,4,normal
2025-12-19 07:00:00,25.4,86.0,0.0,0.0,13,14.2,63,0,7,4,normal
2025-12-19 08:00:00,27.3,75.0,0.0,0.0,29,17.1,71,1,8,4,normal
2025-12-19 09:00:00,28.9,68.0,0.0,0.0,20,17.1,82,1,9,4,normal
2025-12-19 10:00:00,29.9,64.0,0.1,0.1,20,18.0,87,51,10,4,rain
2025-12-19 11:00:00,30.4,62.0,0.1,0.1,18,18.0,88,51,11,4,rain
2025-12-19 12:00:00,30.7,60.0,0.0,0.0,11,17.8,92,0,12,4,normal
2025-12-19 13:00:00,30.4,62.0,0.0,0.0,23,17.8,96,1,13,4,normal
2025-12-19 14:00:00,29.5,66.0,0.0,0.0,26,16.8,99,1,14,4,normal
2025-12-19 15:00:00,29.2,67.0,0.0,0.0,13,17.6,101,0,15,4,normal
2025-12-19 16:00:00,28.6,71.0,0.0,0.0,84,17.0,99,3,16,4,cloudy
2025-12-19 17:00:00,27.7,74.0,0.0,0.0,21,17.7,94,1,17,4,normal
2025-12-19 18:00:00,26.8,78.0,0.0,0.0,53,18.0,88,2,18,4,normal
2025-12-19 19:00:00,26.5,80.0,0.0,0.0,16,17.1,87,0,19,4,normal
2025-12-19 20:00:00,26.4,80.0,0.0,0.0,23,17.0,84,1,20,4,normal
2025-12-19 21:00:00,26.5,78.0,0.0,0.0,30,16.7,89,1,21,4,normal
2025-12-19 22:00:00,26.5,78.0,0.0,0.0,86,17.5,86,3,22,4,cloudy
2025-12-19 23:00:00,26.3,79.0,0.0,0.0,45,16.9,88,1,23,4,normal
2025-12-20 00:00:00,26.1,80.0,0.0,0.0,11,16.2,87,0,0,5,normal
2025-12-20 01:00:00,25.9,82.0,0.0,0.0,28,15.9,80,1,1,5,normal
2025-12-20 02:00:00,25.7,84.0,0.0,0.0,27,16.0,75,1,2,5,normal
2025-12-20 03:00:00,25.4,85.0,0.0,0.0,33,15.9,78,1,3,5,normal
2025-12-20 04:00:00,25.2,85.0,0.0,0.0,58,15.3,73,2,4,5,normal
2025-12-20 05:00:00,25.2,85.0,0.0,0.0,19,13.9,73,0,5,5,normal
2025-12-20 06:00:00,25.2,85.0,0.0,0.0,10,13.4,76,0,6,5,normal
2025-12-20 07:00:00,26.4,79.0,0.0,0.0,11,16.1,80,0,7,5,normal
2025-12-20 08:00:00,28.0,70.0,0.0,0.0,82,19.5,80,3,8,5,cloudy
2025-12-20 09:00:00,29.3,63.0,0.0,0.0,92,19.6,83,3,9,5,cloudy
2025-12-20 10:00:00,30.0,60.0,0.0,0.0,22,18.8,85,1,10,5,normal
2025-12-20 11:00:00,30.6,58.0,0.2,0.2,25,19.7,86,51,11,5,rain
2025-12-20 12:00:00,28.9,68.0,1.3,1.3,63,18.8,83,61,12,5,rain
2025-12-20 13:00:00,29.5,61.0,0.4,0.4,59,21.1,89,51,13,5,rain
2025-12-20 14:00:00,29.2,67.0,1.0,1.0,15,19.5,86,55,14,5,rain
2025-12-20 15:00:00,28.5,65.0,0.0,0.0,72,20.2,87,2,15,5,normal
2025-12-20 16:00:00,28.4,70.0,0.3,0.3,20,18.3,84,51,16,5,rain
2025-12-20 17:00:00,27.5,74.0,0.0,0.0,9,19.4,83,0,17,5,normal
2025-12-20 18:00:00,26.5,80.0,0.0,0.0,49,17.7,80,1,18,5,normal
2025-12-20 19:00:00,26.1,81.0,0.0,0.0,88,17.0,73,3,19,5,cloudy
2025-12-20 20:00:00,25.9,83.0,0.0,0.0,95,17.6,68,3,20,5,cloudy
2025-12-20 21:00:00,25.8,85.0,0.0,0.0,82,18.3,71,3,21,5,cloudy
2025-12-20 22:00:00,25.6,87.0,0.0,0.0,79,18.5,72,2,22,5,cloudy
2025-12-20 23:00:00,25.5,86.0,0.0,0.0,75,17.7,73,2,23,5,cloudy
2025-12-21 00:00:00,25.4,86.0,0.0,0.0,78,17.2,70,2,0,6,cloudy
2025-12-21 01:00:00,25.3,83.0,0.0,0.0,55,17.6,68,2,1,6,normal
2025-12-21 02:00:00,25.0,83.0,0.0,0.0,77,18.6,67,2,2,6,cloudy
2025-12-21 03:00:00,24.8,83.0,0.0,0.0,16,17.6,62,0,3,6,normal
2025-12-21 04:00:00,24.8,82.0,0.0,0.0,17,16.7,60,0,4,6,normal
2025-12-21 05:00:00,24.6,83.0,0.0,0.0,52,16.3,57,2,5,6,normal
2025-12-21 06:00:00,24.5,83.0,0.0,0.0,65,15.6,51,2,6,6,normal
2025-12-21 07:00:00,25.4,78.0,0.0,0.0,42,15.9,47,1,7,6,normal
2025-12-21 08:00:00,27.0,70.0,0.0,0.0,47,18.7,57,1,8,6,normal
2025-12-21 09:00:00,28.7,62.0,0.0,0.0,55,24.3,66,2,9,6,normal
2025-12-21 10:00:00,29.9,56.0,0.0,0.0,63,24.1,68,2,10,6,normal
2025-12-21 11:00:00,30.5,54.0,0.0,0.0,72,23.7,70,2,11,6,normal
2025-12-21 12:00:00,31.2,52.0,0.0,0.0,88,23.1,73,3,12,6,cloudy
2025-12-21 13:00:00,31.2,52.0,0.1,0.1,86,23.1,74,51,13,6,rain
2025-12-21 14:00:00,31.0,53.0,0.1,0.1,95,23.9,80,51,14,6,rain
2025-12-21 15:00:00,30.0,58.0,0.0,0.0,95,25.4,83,3,15,6,cloudy
2025-12-21 16:00:00,29.2,62.0,0.0,0.0,90,26.6,82,3,16,6,cloudy
2025-12-21 17:00:00,27.8,67.0,0.0,0.0,84,25.5,81,3,17,6,cloudy
2025-12-21 18:00:00,26.9,71.0,0.0,0.0,78,23.3,77,2,18,6,cloudy
2025-12-21 19:00:00,26.4,74.0,0.0,0.0,55,22.9,74,2,19,6,normal
2025-12-21 20:00:00,26.2,74.0,0.0,0.0,5,22.4,73,0,20,6,normal
2025-12-21 21:00:00,26.3,74.0,0.0,0.0,2,23.3,69,0,21,6,normal
2025-12-21 22:00:00,26.2,75.0,0.0,0.0,0,23.5,68,0,22,6,normal
2025-12-21 23:00:00,26.1,76.0,0.0,0.0,1,22.8,66,0,23,6,normal
2025-12-22 00:00:00,25.8,77.0,0.0,0.0,1,22.3,64,0,0,0,normal
2025-12-22 01:00:00,25.6,77.0,0.0,0.0,0,20.7,60,0,1,0,normal
2025-12-22 02:00:00,25.2,78.0,0.0,0.0,0,19.4,59,0,2,0,normal
2025-12-22 03:00:00,25.0,77.0,0.0,0.0,0,16.9,60,0,3,0,normal
2025-12-22 04:00:00,24.6,79.0,0.0,0.0,0,15.0,56,0,4,0,normal
2025-12-22 05:00:00,24.3,81.0,0.0,0.0,2,14.4,49,0,5,0,normal
2025-12-22 06:00:00,24.0,82.0,0.0,0.0,6,14.4,40,0,6,0,normal
2025-12-22 07:00:00,25.1,77.0,0.0,0.0,6,16.4,46,0,7,0,normal
2025-12-22 08:00:00,27.3,67.0,0.0,0.0,2,16.0,56,0,8,0,normal
2025-12-22 09:00:00,29.1,61.0,0.0,0.0,2,18.9,66,0,9,0,normal
2025-12-22 10:00:00,30.2,57.0,0.0,0.0,25,22.9,65,1,10,0,normal
2025-12-22 11:00:00,31.0,53.0,0.1,0.1,30,23.4,69,51,11,0,rain
2025-12-22 12:00:00,30.8,57.0,0.6,0.6,32,23.4,78,53,12,0,rain
2025-12-22 13:00:00,29.6,65.0,1.5,1.5,50,23.5,79,61,13,0,rain
2025-12-22 14:00:00,30.0,65.0,0.1,0.1,18,22.5,90,51,14,0,rain
2025-12-22 15:00:00,28.6,70.0,0.8,0.8,10,21.3,87,53,15,0,rain
2025-12-22 16:00:00,28.3,71.0,0.0,0.0,15,23.1,85,0,16,0,normal
2025-12-22 17:00:00,27.6,74.0,0.0,0.0,25,23.8,80,1,17,0,normal
2025-12-22 18:00:00,26.8,77.0,0.0,0.0,73,23.1,77,2,18,0,normal
2025-12-22 19:00:00,26.2,80.0,0.0,0.0,96,22.1,71,3,19,0,cloudy
2025-12-22 20:00:00,25.9,82.0,0.0,0.0,95,21.5,69,3,20,0,cloudy
2025-12-22 21:00:00,26.0,82.0,0.0,0.0,68,20.9,75,2,21,0,normal
2025-12-22 22:00:00,25.9,83.0,0.0,0.0,59,21.7,78,2,22,0,normal
2025-12-22 23:00:00,25.5,86.0,0.0,0.0,23,21.7,77,1,23,0,normal
2025-12-23 00:00:00,25.6,85.0,0.0,0.0,19,20.5,72,0,0,1,normal
2025-12-23 01:00:00,25.4,86.0,0.0,0.0,25,20.0,68,1,1,1,normal
2025-12-23 02:00:00,25.0,88.0,0.0,0.0,87,19.8,66,3,2,1,cloudy
2025-12-23 03:00:00,24.8,85.0,0.0,0.0,100,17.9,69,3,3,1,cloudy
2025-12-23 04:00:00,25.0,84.0,0.0,0.0,98,18.3,62,3,4,1,cloudy
2025-12-23 05:00:00,24.8,86.0,0.0,0.0,96,17.6,57,3,5,1,cloudy
2025-12-23 06:00:00,24.7,87.0,0.0,0.0,83,17.7,55,3,6,1,cloudy
2025-12-23 07:00:00,25.4,83.0,0.0,0.0,81,17.9,50,3,7,1,cloudy
2025-12-23 08:00:00,26.8,76.0,0.0,0.0,70,20.8,52,2,8,1,normal
2025-12-23 09:00:00,28.6,67.0,0.0,0.0,44,22.6,60,1,9,1,normal
2025-12-23 10:00:00,29.6,62.0,0.0,0.0,24,22.2,65,1,10,1,normal
2025-12-23 11:00:00,30.8,55.0,0.0,0.0,19,21.9,69,0,11,1,normal
2025-12-23 12:00:00,31.2,53.0,0.1,0.1,16,21.7,75,51,12,1,rain
2025-12-23 13:00:00,30.9,56.0,0.2,0.2,39,22.0,81,51,13,1,rain
2025-12-23 14:00:00,30.3,60.0,0.3,0.3,80,23.7,81,51,14,1,rain
2025-12-23 15:00:00,29.1,66.0,0.1,0.1,100,23.8,92,51,15,1,rain
2025-12-23 16:00:00,28.5,68.0,0.0,0.0,89,22.9,85,3,16,1,cloudy
2025-12-23 17:00:00,27.6,75.0,0.0,0.0,77,22.7,90,2,17,1,cloudy
2025-12-23 18:00:00,26.2,80.0,0.0,0.0,1,20.8,80,0,18,1,normal
2025-12-23 19:00:00,26.1,83.0,0.0,0.0,2,19.6,83,0,19,1,normal
2025-12-23 20:00:00,25.8,85.0,0.0,0.0,5,20.3,77,0,20,1,normal
2025-12-23 21:00:00,25.8,83.0,0.0,0.0,100,19.8,77,3,21,1,cloudy
2025-12-23 22:00:00,25.6,85.0,0.0,0.0,97,20.2,77,3,22,1,cloudy
2025-12-23 23:00:00,25.4,85.0,0.0,0.0,99,21.1,73,3,23,1,cloudy
2025-12-24 00:00:00,25.3,86.0,0.0,0.0,98,21.2,72,3,0,2,cloudy
2025-12-24 01:00:00,25.1,86.0,0.0,0.0,98,21.1,70,3,1,2,cloudy
2025-12-24 02:00:00,25.1,86.0,0.0,0.0,96,20.2,65,3,2,2,cloudy
2025-12-24 03:00:00,25.2,81.0,0.0,0.0,95,18.3,58,3,3,2,cloudy
2025-12-24 04:00:00,24.5,86.0,0.0,0.0,88,16.7,52,3,4,2,cloudy
2025-12-24 05:00:00,24.2,87.0,0.0,0.0,91,15.3,51,3,5,2,cloudy
2025-12-24 06:00:00,24.0,87.0,0.0,0.0,69,14.5,49,2,6,2,normal
2025-12-24 07:00:00,24.9,81.0,0.0,0.0,58,16.3,48,2,7,2,normal
2025-12-24 08:00:00,26.5,72.0,0.0,0.0,16,18.3,52,0,8,2,normal
2025-12-24 09:00:00,28.4,64.0,0.0,0.0,16,19.2,58,0,9,2,normal
2025-12-24 10:00:00,30.1,54.0,0.0,0.0,13,20.0,63,0,10,2,normal
2025-12-24 11:00:00,31.3,49.0,0.0,0.0,19,20.0,69,0,11,2,normal
2025-12-24 12:00:00,31.8,49.0,0.0,0.0,1,20.3,79,0,12,2,normal
2025-12-24 13:00:00,31.7,51.0,0.0,0.0,60,21.8,82,2,13,2,normal
2025-12-24 14:00:00,30.1,62.0,0.0,0.0,77,25.1,93,2,14,2,cloudy
2025-12-24 15:00:00,28.4,66.0,0.0,0.0,39,27.0,89,1,15,2,normal
2025-12-24 16:00:00,28.8,67.0,0.0,0.0,38,25.4,88,1,16,2,normal
2025-12-24 17:00:00,27.1,71.0,0.0,0.0,30,25.0,88,1,17,2,normal
2025-12-24 18:00:00,26.7,78.0,0.0,0.0,25,22.5,83,1,18,2,normal
2025-12-24 19:00:00,26.0,79.0,0.0,0.0,5,21.7,78,0,19,2,normal
2025-12-24 20:00:00,25.8,82.0,0.0,0.0,2,20.4,78,0,20,2,normal
2025-12-24 21:00:00,25.7,85.0,0.0,0.0,18,20.9,77,0,21,2,normal
2025-12-24 22:00:00,25.7,85.0,0.0,0.0,7,20.8,76,0,22,2,normal
2025-12-24 23:00:00,25.5,85.0,0.0,0.0,20,20.3,75,1,23,2,normal
2025-12-25 00:00:00,25.5,86.0,0.0,0.0,72,20.3,70,2,0,3,normal
2025-12-25 01:00:00,25.4,86.0,0.0,0.0,36,20.6,66,1,1,3,normal
2025-12-25 02:00:00,24.9,89.0,0.0,0.0,23,19.5,64,1,2,3,normal
2025-12-25 03:00:00,24.9,85.0,0.0,0.0,9,19.2,64,0,3,3,normal
2025-12-25 04:00:00,24.8,85.0,0.0,0.0,11,18.5,60,0,4,3,normal
2025-12-25 05:00:00,24.6,86.0,0.0,0.0,5,18.0,61,0,5,3,normal
2025-12-25 06:00:00,24.6,86.0,0.0,0.0,10,17.7,62,0,6,3,normal
2025-12-25 07:00:00,25.6,82.0,0.0,0.0,21,18.6,59,1,7,3,normal
2025-12-25 08:00:00,27.1,73.0,0.0,0.0,27,22.3,59,1,8,3,normal
2025-12-25 09:00:00,29.0,64.0,0.0,0.0,41,20.4,60,1,9,3,normal
2025-12-25 10:00:00,30.5,57.0,0.0,0.0,16,19.0,65,0,10,3,normal
2025-12-25 11:00:00,31.7,51.0,0.0,0.0,20,18.6,73,1,11,3,normal
2025-12-25 12:00:00,31.8,50.0,0.0,0.0,90,19.8,83,3,12,3,cloudy
2025-12-25 13:00:00,30.4,61.0,0.1,0.1,95,23.2,90,51,13,3,rain
2025-12-25 14:00:00,28.8,65.0,0.0,0.0,92,25.0,91,3,14,3,cloudy
2025-12-25 15:00:00,29.6,60.0,0.0,0.0,78,23.8,90,2,15,3,cloudy
2025-12-25 16:00:00,28.3,66.0,0.0,0.0,82,24.7,94,3,16,3,cloudy
2025-12-25 17:00:00,27.2,72.0,0.0,0.0,98,22.9,82,3,17,3,cloudy
2025-12-25 18:00:00,26.2,77.0,0.0,0.0,98,22.2,87,3,18,3,cloudy
2025-12-25 19:00:00,25.9,80.0,0.0,0.0,95,20.7,82,3,19,3,cloudy
2025-12-25 20:00:00,25.6,79.0,0.0,0.0,98,20.7,77,3,20,3,cloudy
2025-12-25 21:00:00,25.5,83.0,0.0,0.0,84,20.9,79,3,21,3,cloudy
2025-12-25 22:00:00,25.4,83.0,0.0,0.0,95,22.4,77,3,22,3,cloudy
2025-12-25 23:00:00,25.2,84.0,0.0,0.0,48,21.4,77,1,23,3,normal
2025-12-26 00:00:00,25.0,86.0,0.0,0.0,34,20.8,73,1,0,4,normal
2025-12-26 01:00:00,24.7,86.0,0.0,0.0,38,20.1,69,1,1,4,normal
2025-12-26 02:00:00,24.6,85.0,0.0,0.0,90,19.8,69,3,2,4,cloudy
2025-12-26 03:00:00,24.4,84.0,0.0,0.0,11,20.1,70,0,3,4,normal
2025-12-26 04:00:00,24.5,82.0,0.0,0.0,19,20.0,69,0,4,4,normal
2025-12-26 05:00:00,24.5,81.0,0.0,0.0,17,18.4,66,0,5,4,normal
2025-12-26 06:00:00,24.5,81.0,0.0,0.0,13,16.8,64,0,6,4,normal
2025-12-26 07:00:00,25.4,77.0,0.0,0.0,9,17.6,64,0,7,4,normal
2025-12-26 08:00:00,27.0,68.0,0.0,0.0,97,20.2,64,3,8,4,cloudy
2025-12-26 09:00:00,28.5,61.0,0.0,0.0,90,20.2,65,3,9,4,cloudy
2025-12-26 10:00:00,29.9,54.0,0.0,0.0,90,20.0,68,3,10,4,cloudy
2025-12-26 11:00:00,31.2,49.0,0.0,0.0,79,20.4,73,2,11,4,cloudy
2025-12-26 12:00:00,31.7,47.0,0.0,0.0,32,21.3,79,1,12,4,normal
2025-12-26 13:00:00,30.6,55.0,0.0,0.0,38,24.3,92,1,13,4,normal
2025-12-26 14:00:00,29.0,61.0,0.0,0.0,73,27.0,93,2,14,4,normal
2025-12-26 15:00:00,29.5,58.0,0.0,0.0,98,23.2,89,3,15,4,cloudy
2025-12-26 16:00:00,28.7,63.0,0.0,0.0,87,23.5,94,3,16,4,cloudy
2025-12-26 17:00:00,27.1,68.0,0.0,0.0,42,22.9,87,1,17,4,normal
2025-12-26 18:00:00,26.5,74.0,0.0,0.0,43,21.2,83,1,18,4,normal
2025-12-26 19:00:00,25.6,76.0,0.0,0.0,4,21.9,79,0,19,4,normal
2025-12-26 20:00:00,25.5,79.0,0.0,0.0,0,22.2,82,0,20,4,normal
2025-12-26 21:00:00,25.5,81.0,0.0,0.0,2,19.7,77,0,21,4,normal
2025-12-26 22:00:00,25.3,81.0,0.0,0.0,9,20.1,77,0,22,4,normal
2025-12-26 23:00:00,25.1,82.0,0.0,0.0,39,19.8,79,1,23,4,normal
2025-12-27 00:00:00,25.0,82.0,0.0,0.0,82,20.4,76,3,0,5,cloudy
2025-12-27 01:00:00,24.8,83.0,0.0,0.0,99,20.2,74,3,1,5,cloudy
2025-12-27 02:00:00,24.8,82.0,0.0,0.0,100,19.8,70,3,2,5,cloudy
2025-12-27 03:00:00,24.6,83.0,0.0,0.0,99,19.4,63,3,3,5,cloudy
2025-12-27 04:00:00,24.2,84.0,0.0,0.0,98,18.2,59,3,4,5,cloudy
2025-12-27 05:00:00,23.9,85.0,0.0,0.0,93,16.9,55,3,5,5,cloudy
2025-12-27 06:00:00,23.7,85.0,0.0,0.0,92,16.1,50,3,6,5,cloudy
2025-12-27 07:00:00,24.6,80.0,0.0,0.0,5,16.4,50,0,7,5,normal
2025-12-27 08:00:00,26.4,71.0,0.0,0.0,7,19.4,59,0,8,5,normal
2025-12-27 09:00:00,28.2,64.0,0.0,0.0,5,20.9,65,0,9,5,normal
2025-12-27 10:00:00,29.5,58.0,0.0,0.0,5,20.5,72,0,10,5,normal
2025-12-27 11:00:00,30.4,54.0,0.0,0.0,11,21.5,78,0,11,5,normal
2025-12-27 12:00:00,31.0,51.0,0.0,0.0,21,22.7,80,1,12,5,normal
2025-12-27 13:00:00,30.4,55.0,0.0,0.0,33,23.5,84,1,13,5,normal
2025-12-27 14:00:00,29.3,58.0,0.0,0.0,9,23.9,90,0,14,5,normal
2025-12-27 15:00:00,29.2,60.0,0.0,0.0,2,24.9,92,0,15,5,normal
2025-12-27 16:00:00,28.4,64.0,0.0,0.0,0,26.9,95,0,16,5,normal
2025-12-27 17:00:00,27.0,70.0,0.0,0.0,0,26.8,87,0,17,5,normal
2025-12-27 18:00:00,26.4,74.0,0.0,0.0,0,25.7,89,0,18,5,normal
2025-12-27 19:00:00,26.0,77.0,0.0,0.0,0,26.0,87,0,19,5,normal
2025-12-27 20:00:00,25.8,78.0,0.0,0.0,3,25.5,85,0,20,5,normal
2025-12-27 21:00:00,25.6,79.0,0.0,0.0,2,24.7,82,0,21,5,normal
2025-12-27 22:00:00,25.5,80.0,0.0,0.0,19,24.9,82,0,22,5,normal
2025-12-27 23:00:00,25.5,80.0,0.0,0.0,30,26.3,81,1,23,5,normal
2025-12-28 00:00:00,25.4,80.0,0.0,0.0,20,24.9,79,1,0,6,normal
2025-12-28 01:00:00,25.3,80.0,0.0,0.0,27,23.4,76,1,1,6,normal
2025-12-28 02:00:00,25.1,80.0,0.0,0.0,19,21.5,71,0,2,6,normal
2025-12-28 03:00:00,24.8,79.0,0.0,0.0,65,18.6,62,2,3,6,normal
2025-12-28 04:00:00,24.4,81.0,0.0,0.0,28,17.2,56,1,4,6,normal
2025-12-28 05:00:00,24.1,82.0,0.0,0.0,11,14.5,53,0,5,6,normal
2025-12-28 06:00:00,23.8,84.0,0.0,0.0,38,13.9,49,1,6,6,normal
2025-12-28 07:00:00,25.0,78.0,0.0,0.0,12,16.9,61,0,7,6,normal
2025-12-28 08:00:00,27.0,67.0,0.0,0.0,16,21.9,73,0,8,6,normal
2025-12-28 09:00:00,28.7,62.0,0.0,0.0,47,24.7,76,1,9,6,normal
2025-12-28 10:00:00,29.8,55.0,0.0,0.0,41,24.2,75,1,10,6,normal
2025-12-28 11:00:00,30.6,52.0,0.0,0.0,62,23.5,77,2,11,6,normal
2025-12-28 12:00:00,30.5,53.0,0.0,0.0,48,23.1,80,1,12,6,normal
2025-12-28 13:00:00,30.5,55.0,0.0,0.0,76,23.3,86,2,13,6,cloudy
2025-12-28 14:00:00,29.8,59.0,0.0,0.0,77,23.6,90,2,14,6,cloudy
2025-12-28 15:00:00,29.3,60.0,0.0,0.0,96,23.6,94,3,15,6,cloudy
2025-12-28 16:00:00,28.4,63.0,0.0,0.0,80,23.0,91,3,16,6,cloudy
2025-12-28 17:00:00,27.3,69.0,0.0,0.0,96,22.5,87,3,17,6,cloudy
2025-12-28 18:00:00,26.1,75.0,0.0,0.0,92,20.3,84,3,18,6,cloudy
2025-12-28 19:00:00,25.7,78.0,0.0,0.0,80,19.2,79,3,19,6,cloudy
2025-12-28 20:00:00,25.4,79.0,0.0,0.0,82,19.3,78,3,20,6,cloudy
2025-12-28 21:00:00,25.5,78.0,0.0,0.0,91,18.2,81,3,21,6,cloudy
2025-12-28 22:00:00,25.4,79.0,0.0,0.0,9,17.9,80,0,22,6,normal
2025-12-28 23:00:00,25.2,79.0,0.0,0.0,6,17.8,79,0,23,6,normal
2025-12-29 00:00:00,25.1,80.0,0.0,0.0,5,17.4,85,0,0,0,normal
2025-12-29 01:00:00,25.2,79.0,0.0,0.0,10,18.2,87,0,1,0,normal
2025-12-29 02:00:00,25.4,78.0,0.0,0.0,16,17.7,85,0,2,0,normal
2025-12-29 03:00:00,25.4,75.0,0.0,0.0,16,13.1,88,0,3,0,normal
2025-12-29 04:00:00,25.4,76.0,0.0,0.0,26,11.3,80,1,4,0,normal
2025-12-29 05:00:00,25.3,76.0,0.0,0.0,37,9.2,78,1,5,0,normal
2025-12-29 06:00:00,25.3,76.0,0.0,0.0,45,8.5,77,1,6,0,normal
2025-12-29 07:00:00,26.3,72.0,0.0,0.0,15,9.7,79,0,7,0,normal
2025-12-29 08:00:00,28.1,63.0,0.0,0.0,14,14.6,91,0,8,0,normal
2025-12-29 09:00:00,29.1,59.0,0.0,0.0,18,15.4,97,0,9,0,normal
2025-12-29 10:00:00,30.0,55.0,0.0,0.0,44,15.5,91,1,10,0,normal
2025-12-29 11:00:00,30.5,52.0,0.0,0.0,92,16.4,93,3,11,0,cloudy
2025-12-29 12:00:00,30.0,55.0,0.0,0.0,70,18.0,102,2,12,0,normal
2025-12-29 13:00:00,30.5,54.0,0.0,0.0,20,16.1,100,1,13,0,normal
2025-12-29 14:00:00,30.4,53.0,0.0,0.0,66,18.1,107,2,14,0,normal
2025-12-29 15:00:00,29.6,58.0,0.0,0.0,20,19.8,115,1,15,0,normal
2025-12-29 16:00:00,28.8,60.0,0.0,0.0,3,19.3,108,0,16,0,normal
2025-12-29 17:00:00,27.4,67.0,0.0,0.0,5,20.9,114,0,17,0,normal
2025-12-29 18:00:00,26.7,70.0,0.0,0.0,3,20.2,106,0,18,0,normal
2025-12-29 19:00:00,26.3,73.0,0.0,0.0,1,18.5,97,0,19,0,normal
2025-12-29 20:00:00,26.0,76.0,0.0,0.0,1,19.1,99,0,20,0,normal
2025-12-29 21:00:00,25.9,77.0,0.0,0.0,0,18.7,98,0,21,0,normal
2025-12-29 22:00:00,25.7,79.0,0.0,0.0,0,18.4,93,0,22,0,normal
2025-12-29 23:00:00,25.4,80.0,0.0,0.0,59,17.6,90,2,23,0,normal
2025-12-30 00:00:00,25.1,82.0,0.0,0.0,69,16.0,88,2,0,1,normal
2025-12-30 01:00:00,24.8,83.0,0.0,0.0,47,15.9,87,1,1,1,normal
2025-12-30 02:00:00,24.7,84.0,0.0,0.0,27,16.6,87,1,2,1,normal
2025-12-30 03:00:00,24.5,85.0,0.0,0.0,100,14.9,82,3,3,1,cloudy
2025-12-30 04:00:00,24.4,84.0,0.0,0.0,100,13.9,76,3,4,1,cloudy
2025-12-30 05:00:00,24.3,85.0,0.0,0.0,95,12.4,74,3,5,1,cloudy
2025-12-30 06:00:00,24.1,87.0,0.0,0.0,3,11.0,71,0,6,1,normal
2025-12-30 07:00:00,25.3,81.0,0.0,0.0,15,12.7,74,0,7,1,normal
2025-12-30 08:00:00,27.0,71.0,0.0,0.0,11,15.9,84,0,8,1,normal
2025-12-30 09:00:00,28.2,65.0,0.0,0.0,20,18.1,96,1,9,1,normal
2025-12-30 10:00:00,28.9,61.0,0.0,0.0,4,18.1,96,0,10,1,normal
2025-12-30 11:00:00,29.6,57.0,0.0,0.0,7,17.6,98,0,11,1,normal
2025-12-30 12:00:00,30.0,56.0,0.0,0.0,8,17.3,98,0,12,1,normal
2025-12-30 13:00:00,30.2,54.0,0.0,0.0,1,16.9,101,0,13,1,normal
2025-12-30 14:00:00,29.8,56.0,0.0,0.0,0,16.5,106,0,14,1,normal
2025-12-30 15:00:00,29.7,59.0,0.0,0.0,12,15.0,109,0,15,1,normal
2025-12-30 16:00:00,28.5,66.0,0.0,0.0,9,15.9,115,0,16,1,normal
2025-12-30 17:00:00,27.3,71.0,0.0,0.0,6,16.5,110,0,17,1,normal
2025-12-30 18:00:00,26.6,75.0,0.0,0.0,4,16.3,109,0,18,1,normal
2025-12-30 19:00:00,25.9,79.0,0.0,0.0,2,17.7,107,0,19,1,normal
2025-12-30 20:00:00,25.7,81.0,0.0,0.0,6,18.5,111,0,20,1,normal
2025-12-30 21:00:00,25.9,82.0,0.0,0.0,10,18.8,114,0,21,1,normal
2025-12-30 22:00:00,25.5,83.0,0.0,0.0,5,18.0,115,0,22,1,normal
2025-12-30 23:00:00,25.3,86.0,0.0,0.0,68,17.9,118,2,23,1,normal
2025-12-31 00:00:00,25.0,87.0,0.0,0.0,14,16.7,115,0,0,2,normal
2025-12-31 01:00:00,24.9,87.0,0.0,0.0,40,15.2,107,1,1,2,normal
2025-12-31 02:00:00,24.9,87.0,0.0,0.0,43,13.6,105,1,2,2,normal
2025-12-31 03:00:00,24.9,86.0,0.0,0.0,45,10.3,109,1,3,2,normal
2025-12-31 04:00:00,24.8,86.0,0.0,0.0,30,8.9,109,1,4,2,normal
2025-12-31 05:00:00,24.8,86.0,0.0,0.0,21,8.9,103,1,5,2,normal
2025-12-31 06:00:00,24.6,87.0,0.0,0.0,23,8.1,85,1,6,2,normal
2025-12-31 07:00:00,25.6,81.0,0.0,0.0,32,10.0,81,1,7,2,normal
2025-12-31 08:00:00,27.1,73.0,0.0,0.0,20,13.0,90,1,8,2,normal
2025-12-31 09:00:00,28.6,63.0,0.0,0.0,71,14.8,103,2,9,2,normal
2025-12-31 10:00:00,29.3,59.0,0.0,0.0,91,16.5,101,3,10,2,cloudy
2025-12-31 11:00:00,29.6,58.0,0.0,0.0,25,16.5,97,1,11,2,normal
2025-12-31 12:00:00,30.4,51.0,0.0,0.0,45,16.7,97,1,12,2,normal
2025-12-31 13:00:00,30.1,54.0,0.0,0.0,7,17.2,97,0,13,2,normal
2025-12-31 14:00:00,29.9,57.0,0.0,0.0,6,18.7,97,0,14,2,normal
2025-12-31 15:00:00,29.3,58.0,0.0,0.0,6,19.0,95,0,15,2,normal
2025-12-31 16:00:00,28.2,64.0,0.0,0.0,97,18.8,94,3,16,2,cloudy
2025-12-31 17:00:00,27.0,69.0,0.0,0.0,100,18.2,92,3,17,2,cloudy
2025-12-31 18:00:00,26.0,74.0,0.0,0.0,100,18.4,92,3,18,2,cloudy
2025-12-31 19:00:00,25.8,77.0,0.0,0.0,91,18.9,93,3,19,2,cloudy
2025-12-31 20:00:00,25.5,78.0,0.0,0.0,16,19.8,91,0,20,2,normal
2025-12-31 21:00:00,25.8,78.0,0.0,0.0,2,20.5,93,0,21,2,normal
2025-12-31 22:00:00,25.6,78.0,0.0,0.0,1,21.1,87,0,22,2,normal
2025-12-31 23:00:00,25.5,79.0,0.0,0.0,5,21.0,85,0,23,2,normal
